{
    "props": {
        "pageProps": {
            "menu": {
                "lastUpdate": "Mon, 11 Nov 2024 23:09:00 +0200",
                "timestamp": 1731359340242,
                "header": {
                    "guid": "00b23f399647c710VgnVCM200000650a10acRCRD",
                    "categories": [
                        {
                            "name": "ראשי",
                            "icon": "https://img.mako.co.il/2021/10/10/home.png",
                            "url": "/mako-vod",
                            "domoClick": {
                                "content_type": "channel",
                                "channel_depth": 1,
                                "teaser_id": "a27a2dcbacf4c710VgnVCM200000650a10acRCRD",
                                "clicked_item_id": "b5f4c13070733210VgnVCM2000002a0c10acRCRD",
                                "click_type": "link",
                                "clicked_channel_id": "b5f4c13070733210VgnVCM2000002a0c10acRCRD",
                                "referring_component": "8eb76bc8-glob-navi-refc-2ad659ccef22",
                                "clicked_item_url": "https://www.mako.co.il/mako-vod"
                            }
                        },
                        {
                            "name": "LIVE",
                            "icon": "https://img.mako.co.il/2021/10/10/live.png",
                            "url": "/mako-vod-live-tv/VOD-6540b8dcb64fd31006.htm",
                            "domoClick": {
                                "content_type": "vod",
                                "channel_depth": 1,
                                "teaser_id": "a66819cdc7a6c710VgnVCM100000700a10acRCRD",
                                "clicked_item_id": "6540b8dcb64fd310VgnVCM2000002a0c10acRCRD",
                                "click_type": "link",
                                "clicked_channel_id": "5d28d21b4580e310VgnVCM2000002a0c10acRCRD",
                                "referring_component": "8eb76bc8-glob-navi-refc-2ad659ccef22",
                                "clicked_item_url": "https://www.mako.co.il/mako-vod-live-tv/VOD-6540b8dcb64fd31006.htm"
                            }
                        },
                        {
                            "name": "תוכניות",
                            "icon": "https://img.mako.co.il/2021/10/10/index.png",
                            "url": "/mako-vod-index",
                            "domoClick": {
                                "content_type": "channel",
                                "channel_depth": 2,
                                "teaser_id": "3e8819cdc7a6c710VgnVCM100000700a10acRCRD",
                                "clicked_item_id": "05c2e4caebbe3210VgnVCM100000290c10acRCRD",
                                "click_type": "link",
                                "clicked_channel_id": "05c2e4caebbe3210VgnVCM100000290c10acRCRD",
                                "referring_component": "8eb76bc8-glob-navi-refc-2ad659ccef22",
                                "clicked_item_url": "https://www.mako.co.il/mako-vod-index"
                            }
                        }
                    ]
                },
                "footer": {
                    "guid": "bc533f399647c710VgnVCM200000650a10acRCRD",
                    "categories": [
                        {
                            "name": "אודות +12",
                            "url": "https://makospecial.co.il/about-12plus?makoOpenChromeTabs=1?partner=12plusFooterLinks",
                            "domoClick": {
                                "content_type": "unknown",
                                "channel_depth": -1,
                                "teaser_id": "6b2a6503efec9810VgnVCM200000650a10acRCRD",
                                "clicked_item_id": "unknown",
                                "click_type": "link",
                                "clicked_channel_id": "unknown",
                                "referring_component": "2d2c13d6-glob-foot-refc-de190b394505",
                                "clicked_item_url": "https://makospecial.co.il/about-12plus?makoOpenChromeTabs=1?partner=12plusFooterLinks"
                            }
                        },
                        {
                            "name": "עזרה",
                            "url": "https://www.mako.co.il/mako-vod-help",
                            "domoClick": {
                                "content_type": "channel",
                                "channel_depth": 2,
                                "teaser_id": "1a0e40b549a6c710VgnVCM100000700a10acRCRD",
                                "clicked_item_id": "f13ad9f49196e710VgnVCM200000650a10acRCRD",
                                "click_type": "link",
                                "clicked_channel_id": "f13ad9f49196e710VgnVCM200000650a10acRCRD",
                                "referring_component": "2d2c13d6-glob-foot-refc-de190b394505",
                                "clicked_item_url": "https://www.mako.co.il/mako-vod-help"
                            }
                        },
                        {
                            "name": "לפנייה במייל",
                            "url": "mail",
                            "domoClick": {
                                "content_type": "channel",
                                "channel_depth": 0,
                                "teaser_id": "f4ca40b549a6c710VgnVCM100000700a10acRCRD",
                                "clicked_item_id": "3d385dd2dd5d4110VgnVCM100000290c10acRCRD",
                                "click_type": "link",
                                "clicked_channel_id": "3d385dd2dd5d4110VgnVCM100000290c10acRCRD",
                                "referring_component": "2d2c13d6-glob-foot-refc-de190b394505",
                                "clicked_item_url": "https://www.mako.co.ilmail"
                            }
                        },
                        {
                            "name": "לפנייה ב whatsapp",
                            "url": "https://wa.me/972502010818",
                            "domoClick": {
                                "content_type": "unknown",
                                "channel_depth": -1,
                                "teaser_id": "27c4464ed643c810VgnVCM100000700a10acRCRD",
                                "clicked_item_id": "unknown",
                                "click_type": "link",
                                "clicked_channel_id": "unknown",
                                "referring_component": "2d2c13d6-glob-foot-refc-de190b394505",
                                "clicked_item_url": "https://wa.me/972502010818"
                            }
                        },
                        {
                            "name": "תקנון",
                            "url": "https://www.mako.co.il/mako-vod-help/Article-dd0b75e6b096e71026.htm?partner=12plusFooterLinks",
                            "domoClick": {
                                "content_type": "Article",
                                "channel_depth": 2,
                                "teaser_id": "757f40b549a6c710VgnVCM100000700a10acRCRD",
                                "clicked_item_id": "dd0b75e6b096e710VgnVCM200000650a10acRCRD",
                                "click_type": "link",
                                "clicked_channel_id": "f13ad9f49196e710VgnVCM200000650a10acRCRD",
                                "referring_component": "2d2c13d6-glob-foot-refc-de190b394505",
                                "clicked_item_url": "https://www.mako.co.il/mako-vod-help/Article-dd0b75e6b096e71026.htm?partner=12plusFooterLinks"
                            }
                        },
                        {
                            "name": "הסדרי נגישות",
                            "url": "https://www.mako.co.il/help-5bb6bf4ccf39c110/Article-b7ff18a9de86471026.htm?partner=12plusFooterLinks",
                            "domoClick": {
                                "content_type": "Article",
                                "channel_depth": 2,
                                "teaser_id": "23f4495772220810VgnVCM200000650a10acRCRD",
                                "clicked_item_id": "b7ff18a9de864710VgnVCM200000650a10acRCRD",
                                "click_type": "link",
                                "clicked_channel_id": "5bb6bf4ccf39c110VgnVCM100000290c10acRCRD",
                                "referring_component": "2d2c13d6-glob-foot-refc-de190b394505",
                                "clicked_item_url": "https://www.mako.co.il/help-5bb6bf4ccf39c110/Article-b7ff18a9de86471026.htm?partner=12plusFooterLinks"
                            }
                        },
                        {
                            "name": "מדיניות פרטיות ותנאי שימוש",
                            "url": "https://www.mako.co.il/help-terms-of-use/Article-d37908dd1674c11006.htm?partner=12plusFooterLinks",
                            "domoClick": {
                                "content_type": "Article",
                                "channel_depth": 2,
                                "teaser_id": "e5c040b549a6c710VgnVCM100000700a10acRCRD",
                                "clicked_item_id": "d37908dd1674c110VgnVCM2000002a0c10acRCRD",
                                "click_type": "link",
                                "clicked_channel_id": "345705dfcebcb110VgnVCM2000002a0c10acRCRD",
                                "referring_component": "2d2c13d6-glob-foot-refc-de190b394505",
                                "clicked_item_url": "https://www.mako.co.il/help-terms-of-use/Article-d37908dd1674c11006.htm?partner=12plusFooterLinks"
                            }
                        }
                    ]
                }
            },
            "logos": {
                "lastUpdate": "Mon, 11 Nov 2024 23:09:00 +0200",
                "timestamp": 1731359340210,
                "headerLogo": {
                    "guid": "9dabeac4fa6cc710VgnVCM200000650a10acRCRD",
                    "desktopLogo": "https://img.mako.co.il/2024/10/10/logo-12-desktop.png",
                    "mobileWebLogo": "https://img.mako.co.il/2024/10/10/LOGO_12_mobile.png",
                    "mobileAppLogo": "https://img.mako.co.il/2024/10/09/LOGO_12__mobileApp.png",
                    "smartTVLogo": "https://img.mako.co.il/2021/10/28/Logo_12+_smartTV.png"
                }
            },
            "data": {
                "lastUpdate": "Mon, 11 Nov 2024 12:54:37 +0200",
                "timestamp": 1731322477486,
                "pageType": "Subvertical",
                "channelId": "d0990484ddef5210VgnVCM2000002a0c10acRCRD",
                "sch": "d0990484ddef5210",
                "channelName": "עונה 7",
                "pageUrl": "/mako-vod-keshet/eretz_nehederet-s7",
                "domoPageView": {
                    "content_type": "channel",
                    "item_id": "d0990484ddef5210VgnVCM2000002a0c10acRCRD",
                    "channel_id": "d0990484ddef5210VgnVCM2000002a0c10acRCRD",
                    "channel_depth": 3,
                    "page_url": "https://www.mako.co.il/mako-vod-keshet/eretz_nehederet-s7",
                    "is_blocked_content": {
                        "israel": 0,
                        "international": 0
                    }
                },
                "preload": true,
                "makoCatDFP": {
                    "cust_params": {
                        "location_sub_campaign": "%LOCATION_SUB_CAMPAIGN%",
                        "payinguser": "%IS_PAYING_USER%",
                        "video_from_time": "%VIDEO_FROM_TIME%",
                        "bundleId": "%PRODUCT_BUNDLE_ID%",
                        "pushTags": "%PUSH_TAGS%",
                        "language": "%LANGUAGE%",
                        "locale": "%LOCALE%",
                        "deviceid": "%DEVICE_ID%",
                        "version": "%VERSION%",
                        "devicetype": "%DEVICE_TYPE%",
                        "MAKOPAGE": "%GUID%",
                        "advertiserId": "%ADVERTISER_ID%",
                        "carrier": "%CARRIER%",
                        "LEVEL4": "vod_eretz",
                        "osVersion": "%OS_VERSION%",
                        "paidContent": "%IS_PAID_CONTENT%",
                        "appid": "%APP_ID%",
                        "makoHN": "%HOUSE_NUMBERS%",
                        "random_number": "%RANDOM_NUMBER%",
                        "osType": "%OS_TYPE%",
                        "deviceModel": "%DEVICE_MODEL%",
                        "pushTrigger": "%PUSH_TRIGGER%"
                    },
                    "iu": "/242748299/mako/vod/vod_keshet/"
                },
                "seo": {
                    "title": "ארץ נהדרת, עונה 7 - לצפייה ישירה",
                    "description": "ארץ נהדרת עונה 7 לצפייה ישירה. המקפלות בקניון, מומי ושיראל ברדיו, ליטל מעתוק בתיכון, עודד בן עמי באולפן, שאולי בקבוצת רכישה והישראלי היפה ברחוב",
                    "type": "tv_show",
                    "image": "https://img.mako.co.il/2021/03/25/eretz_yaniv_HD_Size2_autoOrient_i.jpg",
                    "canonical": "https://www.mako.co.il/mako-vod-keshet/eretz_nehederet-s7",
                    "schema": {
                        "@context": "https://schema.org",
                        "@type": "TVSeason",
                        "name": "עונה 7",
                        "description": "המקפלות בקניון, מומי ושיראל ברדיו, ליטל מעתוק בתיכון, עודד בן עמי באולפן, שאולי בקבוצת רכישה והישראלי היפה ברחוב",
                        "image": "https://img.mako.co.il/2021/03/25/eretz_yaniv_HD_Size2_autoOrient_i.jpg",
                        "numberOfEpisodes": 14,
                        "url": "https://www.mako.co.il/mako-vod-keshet/eretz_nehederet-s7",
                        "partOfTVSeries": {
                            "@type": "TVSeries",
                            "name": "ארץ נהדרת",
                            "url": "https://www.mako.co.il/mako-vod-keshet/eretz_nehederet"
                        },
                        "genre": [
                            "בידור",
                            "קומדיה"
                        ],
                        "provider": {
                            "@type": "Organization",
                            "name": "תכניות קשת"
                        },
                        "publisher": {
                            "@type": "NewsMediaOrganization",
                            "name": "שידורי קשת"
                        },
                        "sameAs": [
                            "https://www.mako.co.il/tv-erez-nehederet/cc0e3d99ade16110"
                        ]
                    }
                },
                "vod": {
                    "channelId": "d0990484ddef5210VgnVCM2000002a0c10acRCRD",
                    "itemVcmId": "82224b0f834e5210VgnVCM2000002a0c10acRCRD",
                    "galleryChannelId": "82224b0f834e5210VgnVCM2000002a0c10acRCRD",
                    "programId": "5cf467a604643210VgnVCM2000002a0c10acRCRD",
                    "mostCurrent": false,
                    "pageUrl": "/mako-vod-keshet/eretz_nehederet-s7/VOD-82224b0f834e521006.htm",
                    "domoClick": {
                        "content_type": "vod",
                        "channel_depth": -1,
                        "clicked_item_id": "82224b0f834e5210VgnVCM2000002a0c10acRCRD",
                        "click_type": "link",
                        "clicked_channel_id": "d0990484ddef5210VgnVCM2000002a0c10acRCRD",
                        "referring_component": "080b8750-hero-41d9-refc-e6bfe67f099c",
                        "clicked_item_url": "https://www.mako.co.il/mako-vod-keshet/eretz_nehederet-s7/VOD-82224b0f834e521006.htm"
                    },
                    "domoPlay": {
                        "content_type": "vod",
                        "item_id": "82224b0f834e5210VgnVCM2000002a0c10acRCRD",
                        "channel_id": "d0990484ddef5210VgnVCM2000002a0c10acRCRD",
                        "channel_depth": 3
                    },
                    "aIL": true,
                    "aINT": true,
                    "iPromoType": "Program"
                },
                "hero": {
                    "extraInfo": "23 עונות",
                    "itemVcmId": "ead89787b4e99710VgnVCM100000700a10acRCRD",
                    "channelId": "d0990484ddef5210VgnVCM2000002a0c10acRCRD",
                    "logo": "https://img.mako.co.il/2022/06/21/logo_eretz.png",
                    "logoAltText": "לוגו ארץ נהדרת 2016",
                    "description": "המקפלות בקניון, מומי ושיראל ברדיו, ליטל מעתוק בתיכון, עודד בן עמי באולפן, שאולי בקבוצת רכישה והישראלי היפה ברחוב",
                    "pics": [
                        {
                            "picUrl": "https://img.mako.co.il/2021/07/15/eretz_7_HD_re.jpg",
                            "altText": "ארץ נהדרת עונה 7 - HD, מובייל, ז'אנר, כרטיס אשראי"
                        }
                    ],
                    "mobilePics": [
                        {
                            "picUrl": "https://img.mako.co.il/2021/08/22/eretz_7_e.jpg",
                            "altText": "ארץ נהדרת עונה 7 - HD, מובייל, ז'אנר, כרטיס אשראי"
                        }
                    ],
                    "buttonText": "עונה 7 פרק 1",
                    "makoRefComp": "Specific_Episode"
                },
                "seasons": [
                    {
                        "current": false,
                        "seasonTitle": "עונה 1",
                        "pageUrl": "/mako-vod-keshet/eretz_nehederet-s1",
                        "domoClick": {
                            "content_type": "channel",
                            "channel_depth": -1,
                            "clicked_item_id": "bae667a604643210VgnVCM2000002a0c10acRCRD",
                            "click_type": "link",
                            "clicked_channel_id": "bae667a604643210VgnVCM2000002a0c10acRCRD",
                            "referring_component": "9ced3b0e-page-navi-refc-eb3fe7b8e0de",
                            "clicked_item_url": "https://www.mako.co.il/mako-vod-keshet/eretz_nehederet-s1"
                        }
                    },
                    {
                        "current": false,
                        "seasonTitle": "עונה 2",
                        "pageUrl": "/mako-vod-keshet/eretz_nehederet-s2",
                        "domoClick": {
                            "content_type": "channel",
                            "channel_depth": -1,
                            "clicked_item_id": "3d9af64d35643210VgnVCM2000002a0c10acRCRD",
                            "click_type": "link",
                            "clicked_channel_id": "3d9af64d35643210VgnVCM2000002a0c10acRCRD",
                            "referring_component": "9ced3b0e-page-navi-refc-eb3fe7b8e0de",
                            "clicked_item_url": "https://www.mako.co.il/mako-vod-keshet/eretz_nehederet-s2"
                        }
                    },
                    {
                        "current": false,
                        "seasonTitle": "עונה 3",
                        "pageUrl": "/mako-vod-keshet/eretz_nehederet-s3",
                        "domoClick": {
                            "content_type": "channel",
                            "channel_depth": -1,
                            "clicked_item_id": "43cef64d35643210VgnVCM2000002a0c10acRCRD",
                            "click_type": "link",
                            "clicked_channel_id": "43cef64d35643210VgnVCM2000002a0c10acRCRD",
                            "referring_component": "9ced3b0e-page-navi-refc-eb3fe7b8e0de",
                            "clicked_item_url": "https://www.mako.co.il/mako-vod-keshet/eretz_nehederet-s3"
                        }
                    },
                    {
                        "current": false,
                        "seasonTitle": "עונה 4",
                        "pageUrl": "/mako-vod-keshet/eretz_nehederet-s4",
                        "domoClick": {
                            "content_type": "channel",
                            "channel_depth": -1,
                            "clicked_item_id": "d251f64d35643210VgnVCM2000002a0c10acRCRD",
                            "click_type": "link",
                            "clicked_channel_id": "d251f64d35643210VgnVCM2000002a0c10acRCRD",
                            "referring_component": "9ced3b0e-page-navi-refc-eb3fe7b8e0de",
                            "clicked_item_url": "https://www.mako.co.il/mako-vod-keshet/eretz_nehederet-s4"
                        }
                    },
                    {
                        "current": false,
                        "seasonTitle": "עונה 5",
                        "pageUrl": "/mako-vod-keshet/eretz_nehederet-s5",
                        "domoClick": {
                            "content_type": "channel",
                            "channel_depth": -1,
                            "clicked_item_id": "7a03f64d35643210VgnVCM2000002a0c10acRCRD",
                            "click_type": "link",
                            "clicked_channel_id": "7a03f64d35643210VgnVCM2000002a0c10acRCRD",
                            "referring_component": "9ced3b0e-page-navi-refc-eb3fe7b8e0de",
                            "clicked_item_url": "https://www.mako.co.il/mako-vod-keshet/eretz_nehederet-s5"
                        }
                    },
                    {
                        "current": false,
                        "seasonTitle": "עונה 6",
                        "pageUrl": "/mako-vod-keshet/eretz_nehederet-s6",
                        "domoClick": {
                            "content_type": "channel",
                            "channel_depth": -1,
                            "clicked_item_id": "1144f64d35643210VgnVCM2000002a0c10acRCRD",
                            "click_type": "link",
                            "clicked_channel_id": "1144f64d35643210VgnVCM2000002a0c10acRCRD",
                            "referring_component": "9ced3b0e-page-navi-refc-eb3fe7b8e0de",
                            "clicked_item_url": "https://www.mako.co.il/mako-vod-keshet/eretz_nehederet-s6"
                        }
                    },
                    {
                        "current": true,
                        "seasonTitle": "עונה 7",
                        "pageUrl": "/mako-vod-keshet/eretz_nehederet-s7",
                        "domoClick": {
                            "content_type": "channel",
                            "channel_depth": -1,
                            "clicked_item_id": "d0990484ddef5210VgnVCM2000002a0c10acRCRD",
                            "click_type": "link",
                            "clicked_channel_id": "d0990484ddef5210VgnVCM2000002a0c10acRCRD",
                            "referring_component": "9ced3b0e-page-navi-refc-eb3fe7b8e0de",
                            "clicked_item_url": "https://www.mako.co.il/mako-vod-keshet/eretz_nehederet-s7"
                        }
                    },
                    {
                        "current": false,
                        "seasonTitle": "עונה 8",
                        "pageUrl": "/mako-vod-keshet/eretz_nehederet-s8",
                        "domoClick": {
                            "content_type": "channel",
                            "channel_depth": -1,
                            "clicked_item_id": "d839b3585edfc210VgnVCM2000002a0c10acRCRD",
                            "click_type": "link",
                            "clicked_channel_id": "d839b3585edfc210VgnVCM2000002a0c10acRCRD",
                            "referring_component": "9ced3b0e-page-navi-refc-eb3fe7b8e0de",
                            "clicked_item_url": "https://www.mako.co.il/mako-vod-keshet/eretz_nehederet-s8"
                        }
                    },
                    {
                        "current": false,
                        "seasonTitle": "עונה 9",
                        "pageUrl": "/mako-vod-keshet/eretz_nehederet-s9",
                        "domoClick": {
                            "content_type": "channel",
                            "channel_depth": -1,
                            "clicked_item_id": "2c9f87e7250f4310VgnVCM2000002a0c10acRCRD",
                            "click_type": "link",
                            "clicked_channel_id": "2c9f87e7250f4310VgnVCM2000002a0c10acRCRD",
                            "referring_component": "9ced3b0e-page-navi-refc-eb3fe7b8e0de",
                            "clicked_item_url": "https://www.mako.co.il/mako-vod-keshet/eretz_nehederet-s9"
                        }
                    },
                    {
                        "current": false,
                        "seasonTitle": "עונה 10",
                        "pageUrl": "/mako-vod-keshet/eretz_nehederet-s10",
                        "domoClick": {
                            "content_type": "channel",
                            "channel_depth": -1,
                            "clicked_item_id": "fa4d7c38f47cb310VgnVCM2000002a0c10acRCRD",
                            "click_type": "link",
                            "clicked_channel_id": "fa4d7c38f47cb310VgnVCM2000002a0c10acRCRD",
                            "referring_component": "9ced3b0e-page-navi-refc-eb3fe7b8e0de",
                            "clicked_item_url": "https://www.mako.co.il/mako-vod-keshet/eretz_nehederet-s10"
                        }
                    },
                    {
                        "current": false,
                        "seasonTitle": "עונה 11",
                        "pageUrl": "/mako-vod-keshet/eretz_nehederet-s11",
                        "domoClick": {
                            "content_type": "channel",
                            "channel_depth": -1,
                            "clicked_item_id": "5adfa33919243410VgnVCM2000002a0c10acRCRD",
                            "click_type": "link",
                            "clicked_channel_id": "5adfa33919243410VgnVCM2000002a0c10acRCRD",
                            "referring_component": "9ced3b0e-page-navi-refc-eb3fe7b8e0de",
                            "clicked_item_url": "https://www.mako.co.il/mako-vod-keshet/eretz_nehederet-s11"
                        }
                    },
                    {
                        "current": false,
                        "seasonTitle": "עונה 12",
                        "pageUrl": "/mako-vod-keshet/eretz_nehederet-s12",
                        "domoClick": {
                            "content_type": "channel",
                            "channel_depth": -1,
                            "clicked_item_id": "de317051b0cfa410VgnVCM2000002a0c10acRCRD",
                            "click_type": "link",
                            "clicked_channel_id": "de317051b0cfa410VgnVCM2000002a0c10acRCRD",
                            "referring_component": "9ced3b0e-page-navi-refc-eb3fe7b8e0de",
                            "clicked_item_url": "https://www.mako.co.il/mako-vod-keshet/eretz_nehederet-s12"
                        }
                    },
                    {
                        "current": false,
                        "seasonTitle": "עונה 13",
                        "pageUrl": "/mako-vod-keshet/eretz_nehederet-s13",
                        "domoClick": {
                            "content_type": "channel",
                            "channel_depth": -1,
                            "clicked_item_id": "d1417e27b9382510VgnVCM2000002a0c10acRCRD",
                            "click_type": "link",
                            "clicked_channel_id": "d1417e27b9382510VgnVCM2000002a0c10acRCRD",
                            "referring_component": "9ced3b0e-page-navi-refc-eb3fe7b8e0de",
                            "clicked_item_url": "https://www.mako.co.il/mako-vod-keshet/eretz_nehederet-s13"
                        }
                    },
                    {
                        "current": false,
                        "seasonTitle": "עונה 14",
                        "pageUrl": "/mako-vod-keshet/eretz_nehederet-s14",
                        "domoClick": {
                            "content_type": "channel",
                            "channel_depth": -1,
                            "clicked_item_id": "00cb73568955a510VgnVCM2000002a0c10acRCRD",
                            "click_type": "link",
                            "clicked_channel_id": "00cb73568955a510VgnVCM2000002a0c10acRCRD",
                            "referring_component": "9ced3b0e-page-navi-refc-eb3fe7b8e0de",
                            "clicked_item_url": "https://www.mako.co.il/mako-vod-keshet/eretz_nehederet-s14"
                        }
                    },
                    {
                        "current": false,
                        "seasonTitle": "עונה 15",
                        "pageUrl": "/mako-vod-keshet/eretz_nehederet-s15",
                        "domoClick": {
                            "content_type": "channel",
                            "channel_depth": -1,
                            "clicked_item_id": "6ca45b54fd76f510VgnVCM2000002a0c10acRCRD",
                            "click_type": "link",
                            "clicked_channel_id": "6ca45b54fd76f510VgnVCM2000002a0c10acRCRD",
                            "referring_component": "9ced3b0e-page-navi-refc-eb3fe7b8e0de",
                            "clicked_item_url": "https://www.mako.co.il/mako-vod-keshet/eretz_nehederet-s15"
                        }
                    },
                    {
                        "current": false,
                        "seasonTitle": "עונה 16",
                        "pageUrl": "/mako-vod-keshet/eretz_nehederet-s-16",
                        "domoClick": {
                            "content_type": "channel",
                            "channel_depth": -1,
                            "clicked_item_id": "943afc01ace08610VgnVCM2000002a0c10acRCRD",
                            "click_type": "link",
                            "clicked_channel_id": "943afc01ace08610VgnVCM2000002a0c10acRCRD",
                            "referring_component": "9ced3b0e-page-navi-refc-eb3fe7b8e0de",
                            "clicked_item_url": "https://www.mako.co.il/mako-vod-keshet/eretz_nehederet-s-16"
                        }
                    },
                    {
                        "current": false,
                        "seasonTitle": "עונה 17",
                        "pageUrl": "/mako-vod-keshet/eretz_nehederet-s17",
                        "domoClick": {
                            "content_type": "channel",
                            "channel_depth": -1,
                            "clicked_item_id": "19cc03b59965f610VgnVCM200000650a10acRCRD",
                            "click_type": "link",
                            "clicked_channel_id": "19cc03b59965f610VgnVCM200000650a10acRCRD",
                            "referring_component": "9ced3b0e-page-navi-refc-eb3fe7b8e0de",
                            "clicked_item_url": "https://www.mako.co.il/mako-vod-keshet/eretz_nehederet-s17"
                        }
                    },
                    {
                        "current": false,
                        "seasonTitle": "עוד כותרות",
                        "pageUrl": "/mako-vod-keshet/eretz_nehederet-more_headlines",
                        "domoClick": {
                            "content_type": "channel",
                            "channel_depth": -1,
                            "clicked_item_id": "42d5b1b0749b3710VgnVCM100000700a10acRCRD",
                            "click_type": "link",
                            "clicked_channel_id": "42d5b1b0749b3710VgnVCM100000700a10acRCRD",
                            "referring_component": "9ced3b0e-page-navi-refc-eb3fe7b8e0de",
                            "clicked_item_url": "https://www.mako.co.il/mako-vod-keshet/eretz_nehederet-more_headlines"
                        }
                    },
                    {
                        "current": false,
                        "seasonTitle": "עונה 18",
                        "pageUrl": "/mako-vod-keshet/eretz_nehederet-s18",
                        "domoClick": {
                            "content_type": "channel",
                            "channel_depth": -1,
                            "clicked_item_id": "17d1ef997de86710VgnVCM100000700a10acRCRD",
                            "click_type": "link",
                            "clicked_channel_id": "17d1ef997de86710VgnVCM100000700a10acRCRD",
                            "referring_component": "9ced3b0e-page-navi-refc-eb3fe7b8e0de",
                            "clicked_item_url": "https://www.mako.co.il/mako-vod-keshet/eretz_nehederet-s18"
                        }
                    },
                    {
                        "current": false,
                        "seasonTitle": "עונה 19",
                        "pageUrl": "/mako-vod-keshet/eretz_nehederet-s19",
                        "domoClick": {
                            "content_type": "channel",
                            "channel_depth": -1,
                            "clicked_item_id": "d371563eb8bec710VgnVCM200000650a10acRCRD",
                            "click_type": "link",
                            "clicked_channel_id": "d371563eb8bec710VgnVCM200000650a10acRCRD",
                            "referring_component": "9ced3b0e-page-navi-refc-eb3fe7b8e0de",
                            "clicked_item_url": "https://www.mako.co.il/mako-vod-keshet/eretz_nehederet-s19"
                        }
                    },
                    {
                        "current": false,
                        "seasonTitle": "עונה 20",
                        "pageUrl": "/mako-vod-keshet/eretz_nehederet-s20",
                        "domoClick": {
                            "content_type": "channel",
                            "channel_depth": -1,
                            "clicked_item_id": "20bf32f4a0a53810VgnVCM100000700a10acRCRD",
                            "click_type": "link",
                            "clicked_channel_id": "20bf32f4a0a53810VgnVCM100000700a10acRCRD",
                            "referring_component": "9ced3b0e-page-navi-refc-eb3fe7b8e0de",
                            "clicked_item_url": "https://www.mako.co.il/mako-vod-keshet/eretz_nehederet-s20"
                        }
                    },
                    {
                        "current": false,
                        "seasonTitle": "עונה 21",
                        "pageUrl": "/mako-vod-keshet/eretz_nehederet-s21",
                        "domoClick": {
                            "content_type": "channel",
                            "channel_depth": -1,
                            "clicked_item_id": "b5ae2a8ecab7b810VgnVCM100000700a10acRCRD",
                            "click_type": "link",
                            "clicked_channel_id": "b5ae2a8ecab7b810VgnVCM100000700a10acRCRD",
                            "referring_component": "9ced3b0e-page-navi-refc-eb3fe7b8e0de",
                            "clicked_item_url": "https://www.mako.co.il/mako-vod-keshet/eretz_nehederet-s21"
                        }
                    },
                    {
                        "current": false,
                        "seasonTitle": "עונה 22",
                        "pageUrl": "/mako-vod-keshet/eretz_nehederet-s22",
                        "domoClick": {
                            "content_type": "channel",
                            "channel_depth": -1,
                            "clicked_item_id": "bc6a5d06d46f2910VgnVCM200000650a10acRCRD",
                            "click_type": "link",
                            "clicked_channel_id": "bc6a5d06d46f2910VgnVCM200000650a10acRCRD",
                            "referring_component": "9ced3b0e-page-navi-refc-eb3fe7b8e0de",
                            "clicked_item_url": "https://www.mako.co.il/mako-vod-keshet/eretz_nehederet-s22"
                        }
                    }
                ],
                "menu": [
                    {
                        "buttonText": "פרקים",
                        "id": "allEpisodes",
                        "vcmid": "d0990484ddef5210VgnVCM2000002a0c10acRCRD",
                        "channelId": "d0990484ddef5210VgnVCM2000002a0c10acRCRD",
                        "makoRefComp": "All_Episodes",
                        "pageUrl": "/mako-vod-keshet/eretz_nehederet-s7",
                        "domoClick": {
                            "content_type": "channel",
                            "channel_depth": -1,
                            "clicked_item_id": "d0990484ddef5210VgnVCM2000002a0c10acRCRD",
                            "click_type": "link",
                            "clicked_channel_id": "d0990484ddef5210VgnVCM2000002a0c10acRCRD",
                            "referring_component": "9ced3b0e-page-navi-refc-eb3fe7b8e0de",
                            "clicked_item_url": "https://www.mako.co.il/mako-vod-keshet/eretz_nehederet-s7"
                        },
                        "open": true,
                        "vods": [
                            {
                                "componentLayout": "vod",
                                "channelId": "d0990484ddef5210VgnVCM2000002a0c10acRCRD",
                                "itemVcmId": "82224b0f834e5210VgnVCM2000002a0c10acRCRD",
                                "galleryChannelId": "82224b0f834e5210VgnVCM2000002a0c10acRCRD",
                                "title": "נבחרת החדשות של ישראל",
                                "extraInfo": "פרק 1@02.01.10",
                                "pageUrl": "/mako-vod-keshet/eretz_nehederet-s7/VOD-82224b0f834e521006.htm",
                                "domoClick": {
                                    "content_type": "vod",
                                    "channel_depth": -1,
                                    "clicked_item_id": "82224b0f834e5210VgnVCM2000002a0c10acRCRD",
                                    "click_type": "link",
                                    "clicked_channel_id": "d0990484ddef5210VgnVCM2000002a0c10acRCRD",
                                    "referring_component": "16f079a6-page-prom-refc-4bfb03e240e9",
                                    "clicked_item_url": "https://www.mako.co.il/mako-vod-keshet/eretz_nehederet-s7/VOD-82224b0f834e521006.htm"
                                },
                                "pics": [
                                    {
                                        "picUrl": "https://img.mako.co.il/2021/12/19/eretz_nehederet7_1_full_c_i.jpg",
                                        "altText": "ארץ נהדרת"
                                    }
                                ],
                                "aIL": true,
                                "aINT": true
                            },
                            {
                                "componentLayout": "vod",
                                "channelId": "d0990484ddef5210VgnVCM2000002a0c10acRCRD",
                                "itemVcmId": "eb251674d7116210VgnVCM2000002a0c10acRCRD",
                                "galleryChannelId": "eb251674d7116210VgnVCM2000002a0c10acRCRD",
                                "title": "מצבה של מכבי תל אביב",
                                "extraInfo": "פרק 2@09.01.10",
                                "pageUrl": "/mako-vod-keshet/eretz_nehederet-s7/VOD-eb251674d711621006.htm",
                                "domoClick": {
                                    "content_type": "vod",
                                    "channel_depth": -1,
                                    "clicked_item_id": "eb251674d7116210VgnVCM2000002a0c10acRCRD",
                                    "click_type": "link",
                                    "clicked_channel_id": "d0990484ddef5210VgnVCM2000002a0c10acRCRD",
                                    "referring_component": "16f079a6-page-prom-refc-4bfb03e240e9",
                                    "clicked_item_url": "https://www.mako.co.il/mako-vod-keshet/eretz_nehederet-s7/VOD-eb251674d711621006.htm"
                                },
                                "pics": [
                                    {
                                        "picUrl": "https://img.mako.co.il/2021/12/19/eretz7_02_vod_c_i.jpg",
                                        "altText": "ארץ נהדרת"
                                    }
                                ],
                                "aIL": true,
                                "aINT": false
                            },
                            {
                                "componentLayout": "vod",
                                "channelId": "d0990484ddef5210VgnVCM2000002a0c10acRCRD",
                                "itemVcmId": "d7c9ba010fc26210VgnVCM100000290c10acRCRD",
                                "galleryChannelId": "d7c9ba010fc26210VgnVCM100000290c10acRCRD",
                                "title": "המשבר עם טורקיה מחריף",
                                "extraInfo": "פרק 3@16.01.10",
                                "pageUrl": "/mako-vod-keshet/eretz_nehederet-s7/VOD-d7c9ba010fc2621004.htm",
                                "domoClick": {
                                    "content_type": "vod",
                                    "channel_depth": -1,
                                    "clicked_item_id": "d7c9ba010fc26210VgnVCM100000290c10acRCRD",
                                    "click_type": "link",
                                    "clicked_channel_id": "d0990484ddef5210VgnVCM2000002a0c10acRCRD",
                                    "referring_component": "16f079a6-page-prom-refc-4bfb03e240e9",
                                    "clicked_item_url": "https://www.mako.co.il/mako-vod-keshet/eretz_nehederet-s7/VOD-d7c9ba010fc2621004.htm"
                                },
                                "pics": [
                                    {
                                        "picUrl": "https://img.mako.co.il/2021/12/19/eretz7_3_vod_c_autoOrient_c_i.jpg",
                                        "altText": "עונה 7-פרק 3"
                                    }
                                ],
                                "aIL": true,
                                "aINT": false
                            },
                            {
                                "componentLayout": "vod",
                                "channelId": "d0990484ddef5210VgnVCM2000002a0c10acRCRD",
                                "itemVcmId": "46353a124f956210VgnVCM2000002a0c10acRCRD",
                                "galleryChannelId": "46353a124f956210VgnVCM2000002a0c10acRCRD",
                                "title": "שרה נתניהו מתארחת ",
                                "extraInfo": "פרק 4@23.01.10",
                                "pageUrl": "/mako-vod-keshet/eretz_nehederet-s7/VOD-46353a124f95621006.htm",
                                "domoClick": {
                                    "content_type": "vod",
                                    "channel_depth": -1,
                                    "clicked_item_id": "46353a124f956210VgnVCM2000002a0c10acRCRD",
                                    "click_type": "link",
                                    "clicked_channel_id": "d0990484ddef5210VgnVCM2000002a0c10acRCRD",
                                    "referring_component": "16f079a6-page-prom-refc-4bfb03e240e9",
                                    "clicked_item_url": "https://www.mako.co.il/mako-vod-keshet/eretz_nehederet-s7/VOD-46353a124f95621006.htm"
                                },
                                "pics": [
                                    {
                                        "picUrl": "https://img.mako.co.il/2021/12/19/eretz7_4_vod_c_i.jpg",
                                        "altText": "ארץ נהדרת"
                                    }
                                ],
                                "aIL": true,
                                "aINT": false
                            },
                            {
                                "componentLayout": "vod",
                                "channelId": "d0990484ddef5210VgnVCM2000002a0c10acRCRD",
                                "itemVcmId": "374d163e142a6210VgnVCM2000002a0c10acRCRD",
                                "galleryChannelId": "374d163e142a6210VgnVCM2000002a0c10acRCRD",
                                "title": "סחרור במערכת הביטחון",
                                "extraInfo": "פרק 5@06.02.10",
                                "pageUrl": "/mako-vod-keshet/eretz_nehederet-s7/VOD-374d163e142a621006.htm",
                                "domoClick": {
                                    "content_type": "vod",
                                    "channel_depth": -1,
                                    "clicked_item_id": "374d163e142a6210VgnVCM2000002a0c10acRCRD",
                                    "click_type": "link",
                                    "clicked_channel_id": "d0990484ddef5210VgnVCM2000002a0c10acRCRD",
                                    "referring_component": "16f079a6-page-prom-refc-4bfb03e240e9",
                                    "clicked_item_url": "https://www.mako.co.il/mako-vod-keshet/eretz_nehederet-s7/VOD-374d163e142a621006.htm"
                                },
                                "pics": [
                                    {
                                        "picUrl": "https://img.mako.co.il/2021/12/19/eretz7_5_vod_c_i.jpg",
                                        "altText": "ארץ נהדרת"
                                    }
                                ],
                                "aIL": true,
                                "aINT": false
                            },
                            {
                                "componentLayout": "vod",
                                "channelId": "d0990484ddef5210VgnVCM2000002a0c10acRCRD",
                                "itemVcmId": "da9e274532db6210VgnVCM100000290c10acRCRD",
                                "galleryChannelId": "da9e274532db6210VgnVCM100000290c10acRCRD",
                                "title": "התבוריס מתאחדים",
                                "extraInfo": "פרק 6@13.02.10",
                                "pageUrl": "/mako-vod-keshet/eretz_nehederet-s7/VOD-da9e274532db621004.htm",
                                "domoClick": {
                                    "content_type": "vod",
                                    "channel_depth": -1,
                                    "clicked_item_id": "da9e274532db6210VgnVCM100000290c10acRCRD",
                                    "click_type": "link",
                                    "clicked_channel_id": "d0990484ddef5210VgnVCM2000002a0c10acRCRD",
                                    "referring_component": "16f079a6-page-prom-refc-4bfb03e240e9",
                                    "clicked_item_url": "https://www.mako.co.il/mako-vod-keshet/eretz_nehederet-s7/VOD-da9e274532db621004.htm"
                                },
                                "pics": [
                                    {
                                        "picUrl": "https://img.mako.co.il/2021/12/19/Eretz7_6_vod_c_i.jpg",
                                        "altText": "ארץ נהדרת"
                                    }
                                ],
                                "aIL": true,
                                "aINT": false
                            },
                            {
                                "componentLayout": "vod",
                                "channelId": "d0990484ddef5210VgnVCM2000002a0c10acRCRD",
                                "itemVcmId": "1ff85865e60e6210VgnVCM100000290c10acRCRD",
                                "galleryChannelId": "1ff85865e60e6210VgnVCM100000290c10acRCRD",
                                "title": "חוליית החיסול מגיעה לפאנל",
                                "extraInfo": "פרק 7@20.02.10",
                                "pageUrl": "/mako-vod-keshet/eretz_nehederet-s7/VOD-1ff85865e60e621004.htm",
                                "domoClick": {
                                    "content_type": "vod",
                                    "channel_depth": -1,
                                    "clicked_item_id": "1ff85865e60e6210VgnVCM100000290c10acRCRD",
                                    "click_type": "link",
                                    "clicked_channel_id": "d0990484ddef5210VgnVCM2000002a0c10acRCRD",
                                    "referring_component": "16f079a6-page-prom-refc-4bfb03e240e9",
                                    "clicked_item_url": "https://www.mako.co.il/mako-vod-keshet/eretz_nehederet-s7/VOD-1ff85865e60e621004.htm"
                                },
                                "pics": [
                                    {
                                        "picUrl": "https://img.mako.co.il/2021/12/19/Eretz7_7_vod_c_i.jpg",
                                        "altText": "ארץ נהדרת"
                                    }
                                ],
                                "aIL": true,
                                "aINT": false
                            },
                            {
                                "componentLayout": "vod",
                                "channelId": "d0990484ddef5210VgnVCM2000002a0c10acRCRD",
                                "itemVcmId": "6bca337445407210VgnVCM2000002a0c10acRCRD",
                                "galleryChannelId": "6bca337445407210VgnVCM2000002a0c10acRCRD",
                                "title": "רון קופמן ומקפלות הבגדים",
                                "extraInfo": "פרק 8@27.02.10",
                                "pageUrl": "/mako-vod-keshet/eretz_nehederet-s7/VOD-6bca33744540721006.htm",
                                "domoClick": {
                                    "content_type": "vod",
                                    "channel_depth": -1,
                                    "clicked_item_id": "6bca337445407210VgnVCM2000002a0c10acRCRD",
                                    "click_type": "link",
                                    "clicked_channel_id": "d0990484ddef5210VgnVCM2000002a0c10acRCRD",
                                    "referring_component": "16f079a6-page-prom-refc-4bfb03e240e9",
                                    "clicked_item_url": "https://www.mako.co.il/mako-vod-keshet/eretz_nehederet-s7/VOD-6bca33744540721006.htm"
                                },
                                "pics": [
                                    {
                                        "picUrl": "https://img.mako.co.il/2021/12/19/Eretz7_8_vod_c_i.jpg",
                                        "altText": "ארץ נהדרת"
                                    }
                                ],
                                "aIL": true,
                                "aINT": false
                            },
                            {
                                "componentLayout": "vod",
                                "channelId": "d0990484ddef5210VgnVCM2000002a0c10acRCRD",
                                "itemVcmId": "a6cb4663c1827210VgnVCM100000290c10acRCRD",
                                "galleryChannelId": "a6cb4663c1827210VgnVCM100000290c10acRCRD",
                                "title": "הפיינליסטים של האח הגדול",
                                "extraInfo": "פרק 9@06.03.10",
                                "pageUrl": "/mako-vod-keshet/eretz_nehederet-s7/VOD-a6cb4663c182721004.htm",
                                "domoClick": {
                                    "content_type": "vod",
                                    "channel_depth": -1,
                                    "clicked_item_id": "a6cb4663c1827210VgnVCM100000290c10acRCRD",
                                    "click_type": "link",
                                    "clicked_channel_id": "d0990484ddef5210VgnVCM2000002a0c10acRCRD",
                                    "referring_component": "16f079a6-page-prom-refc-4bfb03e240e9",
                                    "clicked_item_url": "https://www.mako.co.il/mako-vod-keshet/eretz_nehederet-s7/VOD-a6cb4663c182721004.htm"
                                },
                                "pics": [
                                    {
                                        "picUrl": "https://img.mako.co.il/2021/12/19/eres7_09_eliraz_c_i.jpg",
                                        "altText": "ארץ נהדרת"
                                    }
                                ],
                                "aIL": true,
                                "aINT": false
                            },
                            {
                                "componentLayout": "vod",
                                "channelId": "d0990484ddef5210VgnVCM2000002a0c10acRCRD",
                                "itemVcmId": "c1eb33c088177210VgnVCM2000002a0c10acRCRD",
                                "galleryChannelId": "c1eb33c088177210VgnVCM2000002a0c10acRCRD",
                                "title": "חיים הכט מתארח בפאנל",
                                "extraInfo": "פרק 10@20.03.10",
                                "pageUrl": "/mako-vod-keshet/eretz_nehederet-s7/VOD-c1eb33c08817721006.htm",
                                "domoClick": {
                                    "content_type": "vod",
                                    "channel_depth": -1,
                                    "clicked_item_id": "c1eb33c088177210VgnVCM2000002a0c10acRCRD",
                                    "click_type": "link",
                                    "clicked_channel_id": "d0990484ddef5210VgnVCM2000002a0c10acRCRD",
                                    "referring_component": "16f079a6-page-prom-refc-4bfb03e240e9",
                                    "clicked_item_url": "https://www.mako.co.il/mako-vod-keshet/eretz_nehederet-s7/VOD-c1eb33c08817721006.htm"
                                },
                                "pics": [
                                    {
                                        "picUrl": "https://img.mako.co.il/2021/12/19/erets7_10_28_c_i.jpg",
                                        "altText": "ארץ נהדרת"
                                    }
                                ],
                                "aIL": true,
                                "aINT": false
                            },
                            {
                                "componentLayout": "ad",
                                "index": 1,
                                "iu": "242748299/mako/vod/vod_keshet/JAMBO1_970",
                                "sizes": "{[[970, 90]]}",
                                "mobileSizes": "{['fluid', [300, 250]]}",
                                "mobileIu": "242748299/mako/vod/vod_keshet/MOBILE_MONSTER1_300x250"
                            },
                            {
                                "componentLayout": "vod",
                                "channelId": "d0990484ddef5210VgnVCM2000002a0c10acRCRD",
                                "itemVcmId": "183fe5799e597210VgnVCM100000290c10acRCRD",
                                "galleryChannelId": "183fe5799e597210VgnVCM100000290c10acRCRD",
                                "title": "מפגש פיסגה",
                                "extraInfo": "פרק 11@27.03.10",
                                "pageUrl": "/mako-vod-keshet/eretz_nehederet-s7/VOD-183fe5799e59721004.htm",
                                "domoClick": {
                                    "content_type": "vod",
                                    "channel_depth": -1,
                                    "clicked_item_id": "183fe5799e597210VgnVCM100000290c10acRCRD",
                                    "click_type": "link",
                                    "clicked_channel_id": "d0990484ddef5210VgnVCM2000002a0c10acRCRD",
                                    "referring_component": "16f079a6-page-prom-refc-4bfb03e240e9",
                                    "clicked_item_url": "https://www.mako.co.il/mako-vod-keshet/eretz_nehederet-s7/VOD-183fe5799e59721004.htm"
                                },
                                "pics": [
                                    {
                                        "picUrl": "https://img.mako.co.il/2021/12/19/eretz7_11_vod_c_autoOrient_c_i.jpg",
                                        "altText": "עונה 7 - פרק 11"
                                    }
                                ],
                                "aIL": true,
                                "aINT": false
                            },
                            {
                                "componentLayout": "vod",
                                "channelId": "d0990484ddef5210VgnVCM2000002a0c10acRCRD",
                                "itemVcmId": "bb494f2009108210VgnVCM2000002a0c10acRCRD",
                                "galleryChannelId": "bb494f2009108210VgnVCM2000002a0c10acRCRD",
                                "title": "שאולי ממשיך לחפש בחורות",
                                "extraInfo": "פרק 12@17.04.10",
                                "pageUrl": "/mako-vod-keshet/eretz_nehederet-s7/VOD-bb494f200910821006.htm",
                                "domoClick": {
                                    "content_type": "vod",
                                    "channel_depth": -1,
                                    "clicked_item_id": "bb494f2009108210VgnVCM2000002a0c10acRCRD",
                                    "click_type": "link",
                                    "clicked_channel_id": "d0990484ddef5210VgnVCM2000002a0c10acRCRD",
                                    "referring_component": "16f079a6-page-prom-refc-4bfb03e240e9",
                                    "clicked_item_url": "https://www.mako.co.il/mako-vod-keshet/eretz_nehederet-s7/VOD-bb494f200910821006.htm"
                                },
                                "pics": [
                                    {
                                        "picUrl": "https://img.mako.co.il/2021/12/19/eretz7_12_06sinai_c_i.jpg",
                                        "altText": "הבדואים פונים לעם ישראל"
                                    }
                                ],
                                "aIL": true,
                                "aINT": false
                            },
                            {
                                "componentLayout": "vod",
                                "channelId": "d0990484ddef5210VgnVCM2000002a0c10acRCRD",
                                "itemVcmId": "ec97e33f16428210VgnVCM2000002a0c10acRCRD",
                                "galleryChannelId": "ec97e33f16428210VgnVCM2000002a0c10acRCRD",
                                "title": "המקפלות - איפה הכל התחיל?",
                                "extraInfo": "פרק 13@24.04.10",
                                "pageUrl": "/mako-vod-keshet/eretz_nehederet-s7/VOD-ec97e33f1642821006.htm",
                                "domoClick": {
                                    "content_type": "vod",
                                    "channel_depth": -1,
                                    "clicked_item_id": "ec97e33f16428210VgnVCM2000002a0c10acRCRD",
                                    "click_type": "link",
                                    "clicked_channel_id": "d0990484ddef5210VgnVCM2000002a0c10acRCRD",
                                    "referring_component": "16f079a6-page-prom-refc-4bfb03e240e9",
                                    "clicked_item_url": "https://www.mako.co.il/mako-vod-keshet/eretz_nehederet-s7/VOD-ec97e33f1642821006.htm"
                                },
                                "pics": [
                                    {
                                        "picUrl": "https://img.mako.co.il/2021/12/19/eretz7_13_VOD_c_i.jpg",
                                        "altText": "עונה 7 - פרק 13"
                                    }
                                ],
                                "aIL": true,
                                "aINT": false
                            },
                            {
                                "componentLayout": "vod",
                                "channelId": "d0990484ddef5210VgnVCM2000002a0c10acRCRD",
                                "itemVcmId": "f40200eeee848210VgnVCM2000002a0c10acRCRD",
                                "galleryChannelId": "f40200eeee848210VgnVCM2000002a0c10acRCRD",
                                "title": "ספיישל סיום",
                                "extraInfo": "פרק 14@01.05.10",
                                "pageUrl": "/mako-vod-keshet/eretz_nehederet-s7/VOD-f40200eeee84821006.htm",
                                "domoClick": {
                                    "content_type": "vod",
                                    "channel_depth": -1,
                                    "clicked_item_id": "f40200eeee848210VgnVCM2000002a0c10acRCRD",
                                    "click_type": "link",
                                    "clicked_channel_id": "d0990484ddef5210VgnVCM2000002a0c10acRCRD",
                                    "referring_component": "16f079a6-page-prom-refc-4bfb03e240e9",
                                    "clicked_item_url": "https://www.mako.co.il/mako-vod-keshet/eretz_nehederet-s7/VOD-f40200eeee84821006.htm"
                                },
                                "pics": [
                                    {
                                        "picUrl": "https://img.mako.co.il/2021/12/19/eretz7_14_VOD_c_i.jpg",
                                        "altText": "עונה 7 - פרק 14"
                                    }
                                ],
                                "aIL": true,
                                "aINT": false
                            }
                        ]
                    },
                    {
                        "buttonText": "קטעים קצרים",
                        "id": "shorts",
                        "vcmid": "f0fe1664f5ef6810VgnVCM100000700a10acRCRD",
                        "channelId": "f0fe1664f5ef6810VgnVCM100000700a10acRCRD",
                        "makoRefComp": "Shorts",
                        "pageUrl": "/mako-vod-keshet/eretz_nehederet-s7/shorts",
                        "domoClick": {
                            "content_type": "channel",
                            "channel_depth": -1,
                            "clicked_item_id": "f0fe1664f5ef6810VgnVCM100000700a10acRCRD",
                            "click_type": "link",
                            "clicked_channel_id": "f0fe1664f5ef6810VgnVCM100000700a10acRCRD",
                            "referring_component": "9ced3b0e-page-navi-refc-eb3fe7b8e0de",
                            "clicked_item_url": "https://www.mako.co.il/mako-vod-keshet/eretz_nehederet-s7/shorts"
                        },
                        "open": false
                    },
                    {
                        "buttonText": "קרדיטים",
                        "id": "credits",
                        "vcmid": "Credits",
                        "channelId": "d0990484ddef5210VgnVCM2000002a0c10acRCRD",
                        "makoRefComp": "Credits",
                        "pageUrl": "/mako-vod-keshet/eretz_nehederet-s22?type=credits",
                        "domoClick": {
                            "content_type": "fabricated",
                            "clicked_item_id": "a7a32f51-cred-its--id-e-0491fe30f859",
                            "click_type": "link",
                            "clicked_channel_id": "bc6a5d06d46f2910VgnVCM200000650a10acRCRD",
                            "referring_component": "9ced3b0e-page-navi-refc-eb3fe7b8e0de",
                            "clicked_item_url": "https://www.mako.co.il/mako-vod-keshet/eretz_nehederet-s22?type=credits"
                        },
                        "credits": [
                            {
                                "value": "איל קיציס",
                                "key": "host",
                                "text": "מנחה:"
                            },
                            {
                                "value": "איל קיציס, אלי פיניש, עלמה זק, מריאנו אידלמן, ליאת הר לב, ערן זרחוביץ', יובל סמו, רועי בר נתן, ירון ברלד, שני כהן, תום יער, תמיר בר, אמיר שורוש, אורי לייזרוביץ', ליאור אשכנזי, גיה באר גורביץ', יניב ביטון, אסי כהן",
                                "key": "participance",
                                "text": "משתתפים:"
                            },
                            {
                                "value": "מולי שגב | כותבים: אסף שלמון, דוד ליפשיץ, אסף גפן, איתי רייכר, אילן שפלר, שרון טייכר, עומר ריבק, דור",
                                "key": "mainEditor",
                                "text": "עורך ראשי:"
                            },
                            {
                                "value": "שירי מיכאלי",
                                "key": "producer",
                                "text": "מפיק:"
                            },
                            {
                                "value": "קשת",
                                "key": "productionCompany",
                                "text": "חברת הפקה:"
                            }
                        ]
                    }
                ],
                "historyObject": {
                    "title": "נבחרת החדשות של ישראל",
                    "programId": "5cf467a604643210VgnVCM2000002a0c10acRCRD",
                    "pageUrl": "/mako-vod-keshet/eretz_nehederet-s7/VOD-82224b0f834e521006.htm",
                    "domoClick": {
                        "content_type": "vod",
                        "channel_depth": 3,
                        "clicked_item_id": "82224b0f834e5210VgnVCM2000002a0c10acRCRD",
                        "click_type": "link",
                        "clicked_channel_id": "d0990484ddef5210VgnVCM2000002a0c10acRCRD",
                        "referring_component": "ERROR_NO_REFERRER",
                        "clicked_item_url": "https://www.mako.co.il/mako-vod-keshet/eretz_nehederet-s7/VOD-82224b0f834e521006.htm"
                    },
                    "picUrl": "https://img.mako.co.il/2021/12/19/eretz_nehederet7_1_full_c_i.jpg",
                    "hero": {
                        "title": "ארץ נהדרת",
                        "extraInfo": "עונה 7@פרק 1@02.01.10",
                        "picUrl": "https://img.mako.co.il/2021/07/15/eretz_7_HD_re.jpg",
                        "logo": "https://img.mako.co.il/2022/06/21/logo_eretz.png",
                        "subtitle": "נבחרת החדשות של ישראל",
                        "description": "ארץ נהדרת חוזרת בעונה 7 צבעונית במיוחד"
                    },
                    "buttonText": "להמשך צפייה בעונה 7 פרק 1",
                    "sch": "d0990484ddef5210",
                    "seasonUrl": "/mako-vod-keshet/eretz_nehederet-s7"
                }
            }
        },
        "__N_SSP": true
    },
    "page": "/[mako_vod_channel]/[program]",
    "query": {
        "mako_vod_channel": "mako-vod-keshet",
        "program": "eretz_nehederet-s7"
    },
    "buildId": "5.15.0",
    "assetPrefix": "/mako-vod",
    "isFallback": false,
    "gssp": true,
    "customServer": true,
    "scriptLoader": []
}