{
    "props": {
        "pageProps": {
            "menu": {
                "lastUpdate": "Mon, 11 Nov 2024 21:39:21 +0200",
                "timestamp": 1731353961403,
                "header": {
                    "guid": "00b23f399647c710VgnVCM200000650a10acRCRD",
                    "categories": [
                        {
                            "name": "ראשי",
                            "icon": "https://img.mako.co.il/2021/10/10/home.png",
                            "url": "/mako-vod",
                            "domoClick": {
                                "content_type": "channel",
                                "teaser_id": "a27a2dcbacf4c710VgnVCM200000650a10acRCRD",
                                "channel_depth": 1,
                                "clicked_item_id": "b5f4c13070733210VgnVCM2000002a0c10acRCRD",
                                "click_type": "link",
                                "clicked_item_url": "https://www.mako.co.il/mako-vod",
                                "clicked_channel_id": "b5f4c13070733210VgnVCM2000002a0c10acRCRD",
                                "referring_component": "8eb76bc8-glob-navi-refc-2ad659ccef22"
                            }
                        },
                        {
                            "name": "LIVE",
                            "icon": "https://img.mako.co.il/2021/10/10/live.png",
                            "url": "/mako-vod-live-tv/VOD-6540b8dcb64fd31006.htm",
                            "domoClick": {
                                "content_type": "vod",
                                "teaser_id": "a66819cdc7a6c710VgnVCM100000700a10acRCRD",
                                "channel_depth": 1,
                                "clicked_item_id": "6540b8dcb64fd310VgnVCM2000002a0c10acRCRD",
                                "click_type": "link",
                                "clicked_item_url": "https://www.mako.co.il/mako-vod-live-tv/VOD-6540b8dcb64fd31006.htm",
                                "clicked_channel_id": "5d28d21b4580e310VgnVCM2000002a0c10acRCRD",
                                "referring_component": "8eb76bc8-glob-navi-refc-2ad659ccef22"
                            }
                        },
                        {
                            "name": "תוכניות",
                            "icon": "https://img.mako.co.il/2021/10/10/index.png",
                            "url": "/mako-vod-index",
                            "domoClick": {
                                "content_type": "channel",
                                "teaser_id": "3e8819cdc7a6c710VgnVCM100000700a10acRCRD",
                                "channel_depth": 2,
                                "clicked_item_id": "05c2e4caebbe3210VgnVCM100000290c10acRCRD",
                                "click_type": "link",
                                "clicked_item_url": "https://www.mako.co.il/mako-vod-index",
                                "clicked_channel_id": "05c2e4caebbe3210VgnVCM100000290c10acRCRD",
                                "referring_component": "8eb76bc8-glob-navi-refc-2ad659ccef22"
                            }
                        }
                    ]
                },
                "footer": {
                    "guid": "bc533f399647c710VgnVCM200000650a10acRCRD",
                    "categories": [
                        {
                            "name": "אודות +12",
                            "url": "https://makospecial.co.il/about-12plus?makoOpenChromeTabs=1?partner=12plusFooterLinks",
                            "domoClick": {
                                "content_type": "unknown",
                                "teaser_id": "6b2a6503efec9810VgnVCM200000650a10acRCRD",
                                "channel_depth": -1,
                                "clicked_item_id": "unknown",
                                "click_type": "link",
                                "clicked_item_url": "https://makospecial.co.il/about-12plus?makoOpenChromeTabs=1?partner=12plusFooterLinks",
                                "clicked_channel_id": "unknown",
                                "referring_component": "2d2c13d6-glob-foot-refc-de190b394505"
                            }
                        },
                        {
                            "name": "עזרה",
                            "url": "https://www.mako.co.il/mako-vod-help",
                            "domoClick": {
                                "content_type": "channel",
                                "teaser_id": "1a0e40b549a6c710VgnVCM100000700a10acRCRD",
                                "channel_depth": 2,
                                "clicked_item_id": "f13ad9f49196e710VgnVCM200000650a10acRCRD",
                                "click_type": "link",
                                "clicked_item_url": "https://www.mako.co.il/mako-vod-help",
                                "clicked_channel_id": "f13ad9f49196e710VgnVCM200000650a10acRCRD",
                                "referring_component": "2d2c13d6-glob-foot-refc-de190b394505"
                            }
                        },
                        {
                            "name": "לפנייה במייל",
                            "url": "mail",
                            "domoClick": {
                                "content_type": "channel",
                                "teaser_id": "f4ca40b549a6c710VgnVCM100000700a10acRCRD",
                                "channel_depth": 0,
                                "clicked_item_id": "3d385dd2dd5d4110VgnVCM100000290c10acRCRD",
                                "click_type": "link",
                                "clicked_item_url": "https://www.mako.co.ilmail",
                                "clicked_channel_id": "3d385dd2dd5d4110VgnVCM100000290c10acRCRD",
                                "referring_component": "2d2c13d6-glob-foot-refc-de190b394505"
                            }
                        },
                        {
                            "name": "לפנייה ב whatsapp",
                            "url": "https://wa.me/972502010818",
                            "domoClick": {
                                "content_type": "unknown",
                                "teaser_id": "27c4464ed643c810VgnVCM100000700a10acRCRD",
                                "channel_depth": -1,
                                "clicked_item_id": "unknown",
                                "click_type": "link",
                                "clicked_item_url": "https://wa.me/972502010818",
                                "clicked_channel_id": "unknown",
                                "referring_component": "2d2c13d6-glob-foot-refc-de190b394505"
                            }
                        },
                        {
                            "name": "תקנון",
                            "url": "https://www.mako.co.il/mako-vod-help/Article-dd0b75e6b096e71026.htm?partner=12plusFooterLinks",
                            "domoClick": {
                                "content_type": "Article",
                                "teaser_id": "757f40b549a6c710VgnVCM100000700a10acRCRD",
                                "channel_depth": 2,
                                "clicked_item_id": "dd0b75e6b096e710VgnVCM200000650a10acRCRD",
                                "click_type": "link",
                                "clicked_item_url": "https://www.mako.co.il/mako-vod-help/Article-dd0b75e6b096e71026.htm?partner=12plusFooterLinks",
                                "clicked_channel_id": "f13ad9f49196e710VgnVCM200000650a10acRCRD",
                                "referring_component": "2d2c13d6-glob-foot-refc-de190b394505"
                            }
                        },
                        {
                            "name": "הסדרי נגישות",
                            "url": "https://www.mako.co.il/help-5bb6bf4ccf39c110/Article-b7ff18a9de86471026.htm?partner=12plusFooterLinks",
                            "domoClick": {
                                "content_type": "Article",
                                "teaser_id": "23f4495772220810VgnVCM200000650a10acRCRD",
                                "channel_depth": 2,
                                "clicked_item_id": "b7ff18a9de864710VgnVCM200000650a10acRCRD",
                                "click_type": "link",
                                "clicked_item_url": "https://www.mako.co.il/help-5bb6bf4ccf39c110/Article-b7ff18a9de86471026.htm?partner=12plusFooterLinks",
                                "clicked_channel_id": "5bb6bf4ccf39c110VgnVCM100000290c10acRCRD",
                                "referring_component": "2d2c13d6-glob-foot-refc-de190b394505"
                            }
                        },
                        {
                            "name": "מדיניות פרטיות ותנאי שימוש",
                            "url": "https://www.mako.co.il/help-terms-of-use/Article-d37908dd1674c11006.htm?partner=12plusFooterLinks",
                            "domoClick": {
                                "content_type": "Article",
                                "teaser_id": "e5c040b549a6c710VgnVCM100000700a10acRCRD",
                                "channel_depth": 2,
                                "clicked_item_id": "d37908dd1674c110VgnVCM2000002a0c10acRCRD",
                                "click_type": "link",
                                "clicked_item_url": "https://www.mako.co.il/help-terms-of-use/Article-d37908dd1674c11006.htm?partner=12plusFooterLinks",
                                "clicked_channel_id": "345705dfcebcb110VgnVCM2000002a0c10acRCRD",
                                "referring_component": "2d2c13d6-glob-foot-refc-de190b394505"
                            }
                        }
                    ]
                }
            },
            "logos": {
                "lastUpdate": "Mon, 11 Nov 2024 21:39:20 +0200",
                "timestamp": 1731353960923,
                "headerLogo": {
                    "guid": "9dabeac4fa6cc710VgnVCM200000650a10acRCRD",
                    "desktopLogo": "https://img.mako.co.il/2024/10/10/logo-12-desktop.png",
                    "mobileWebLogo": "https://img.mako.co.il/2024/10/10/LOGO_12_mobile.png",
                    "mobileAppLogo": "https://img.mako.co.il/2024/10/09/LOGO_12__mobileApp.png",
                    "smartTVLogo": "https://img.mako.co.il/2021/10/28/Logo_12+_smartTV.png"
                }
            },
            "data": {
                "lastUpdate": "Sat, 09 Nov 2024 02:01:32 +0200",
                "timestamp": 1731110492879,
                "pageType": "Subvertical",
                "channelId": "d839b3585edfc210VgnVCM2000002a0c10acRCRD",
                "sch": "d839b3585edfc210",
                "channelName": "עונה 8",
                "pageUrl": "/mako-vod-keshet/eretz_nehederet-s8",
                "domoPageView": {
                    "content_type": "channel",
                    "channel_id": "d839b3585edfc210VgnVCM2000002a0c10acRCRD",
                    "item_id": "d839b3585edfc210VgnVCM2000002a0c10acRCRD",
                    "channel_depth": 3,
                    "is_blocked_content": {
                        "israel": 0,
                        "international": 0
                    },
                    "page_url": "https://www.mako.co.il/mako-vod-keshet/eretz_nehederet-s8"
                },
                "preload": true,
                "makoCatDFP": {
                    "cust_params": {
                        "location_sub_campaign": "%LOCATION_SUB_CAMPAIGN%",
                        "payinguser": "%IS_PAYING_USER%",
                        "video_from_time": "%VIDEO_FROM_TIME%",
                        "bundleId": "%PRODUCT_BUNDLE_ID%",
                        "pushTags": "%PUSH_TAGS%",
                        "language": "%LANGUAGE%",
                        "locale": "%LOCALE%",
                        "deviceid": "%DEVICE_ID%",
                        "version": "%VERSION%",
                        "devicetype": "%DEVICE_TYPE%",
                        "MAKOPAGE": "%GUID%",
                        "advertiserId": "%ADVERTISER_ID%",
                        "carrier": "%CARRIER%",
                        "LEVEL4": "vod_eretz",
                        "osVersion": "%OS_VERSION%",
                        "paidContent": "%IS_PAID_CONTENT%",
                        "appid": "%APP_ID%",
                        "makoHN": "%HOUSE_NUMBERS%",
                        "random_number": "%RANDOM_NUMBER%",
                        "osType": "%OS_TYPE%",
                        "deviceModel": "%DEVICE_MODEL%",
                        "pushTrigger": "%PUSH_TRIGGER%"
                    },
                    "iu": "/242748299/mako/vod/vod_keshet/"
                },
                "seo": {
                    "title": "ארץ נהדרת, עונה 8 - לצפייה ישירה",
                    "description": "ארץ נהדרת עונה 8 לצפייה ישירה. הפרלמנט של שאולי, הבת המצווש של קשת ליבליך, התכנית של רוחוול ויוקנת, האלבום של להקת אפליקציה, האופרה על המצדה והמחאה החברתית הגדולה",
                    "type": "tv_show",
                    "image": "https://img.mako.co.il/2021/03/25/eretz_yaniv_HD_Size2_autoOrient_i.jpg",
                    "canonical": "https://www.mako.co.il/mako-vod-keshet/eretz_nehederet-s8",
                    "schema": {
                        "@context": "https://schema.org",
                        "@type": "TVSeason",
                        "name": "עונה 8",
                        "description": "הפרלמנט של שאולי, הבת המצווש של קשת ליבליך, התכנית של רוחוול ויוקנת, האלבום של להקת אפליקציה, האופרה על המצדה והמחאה החברתית הגדולה בקיץ",
                        "image": "https://img.mako.co.il/2021/03/25/eretz_yaniv_HD_Size2_autoOrient_i.jpg",
                        "numberOfEpisodes": 24,
                        "url": "https://www.mako.co.il/mako-vod-keshet/eretz_nehederet-s8",
                        "partOfTVSeries": {
                            "@type": "TVSeries",
                            "name": "ארץ נהדרת",
                            "url": "https://www.mako.co.il/mako-vod-keshet/eretz_nehederet"
                        },
                        "genre": [
                            "בידור",
                            "קומדיה"
                        ],
                        "provider": {
                            "@type": "Organization",
                            "name": "תכניות קשת"
                        },
                        "publisher": {
                            "@type": "NewsMediaOrganization",
                            "name": "שידורי קשת"
                        },
                        "sameAs": [
                            "https://www.mako.co.il/tv-erez-nehederet/cc0e3d99ade16110"
                        ]
                    }
                },
                "vod": {
                    "channelId": "d839b3585edfc210VgnVCM2000002a0c10acRCRD",
                    "itemVcmId": "9434f56ee190d210VgnVCM2000002a0c10acRCRD",
                    "galleryChannelId": "9434f56ee190d210VgnVCM2000002a0c10acRCRD",
                    "programId": "5cf467a604643210VgnVCM2000002a0c10acRCRD",
                    "mostCurrent": false,
                    "domoPlay": {
                        "content_type": "vod",
                        "channel_id": "d839b3585edfc210VgnVCM2000002a0c10acRCRD",
                        "item_id": "9434f56ee190d210VgnVCM2000002a0c10acRCRD",
                        "channel_depth": 3
                    },
                    "domoClick": {
                        "content_type": "vod",
                        "channel_depth": -1,
                        "clicked_item_id": "9434f56ee190d210VgnVCM2000002a0c10acRCRD",
                        "click_type": "link",
                        "clicked_item_url": "https://www.mako.co.il/mako-vod-keshet/eretz_nehederet-s8/VOD-9434f56ee190d21006.htm",
                        "clicked_channel_id": "d839b3585edfc210VgnVCM2000002a0c10acRCRD",
                        "referring_component": "080b8750-hero-41d9-refc-e6bfe67f099c"
                    },
                    "pageUrl": "/mako-vod-keshet/eretz_nehederet-s8/VOD-9434f56ee190d21006.htm",
                    "aIL": true,
                    "aINT": true,
                    "iPromoType": "Program"
                },
                "hero": {
                    "extraInfo": "23 עונות",
                    "itemVcmId": "446a9787b4e99710VgnVCM100000700a10acRCRD",
                    "channelId": "d839b3585edfc210VgnVCM2000002a0c10acRCRD",
                    "logo": "https://img.mako.co.il/2022/06/21/logo_eretz.png",
                    "logoAltText": "לוגו ארץ נהדרת 2016",
                    "description": "הפרלמנט של שאולי, הבת המצווש של קשת ליבליך, התכנית של רוחוול ויוקנת, האלבום של להקת אפליקציה, האופרה על המצדה והמחאה החברתית הגדולה בקיץ",
                    "pics": [
                        {
                            "picUrl": "https://img.mako.co.il/2021/07/15/eretz_8_HD_re.jpg",
                            "altText": "ארץ נהדרת עונה 8 - HD, כרטיס אשראי, ז'אנר, מובייל"
                        }
                    ],
                    "mobilePics": [
                        {
                            "picUrl": "https://img.mako.co.il/2021/08/22/eretz_8_e.jpg",
                            "altText": "ארץ נהדרת עונה 8 - HD, כרטיס אשראי, ז'אנר, מובייל"
                        }
                    ],
                    "buttonText": "עונה 8 פרק 1",
                    "makoRefComp": "Specific_Episode"
                },
                "seasons": [
                    {
                        "current": false,
                        "seasonTitle": "עונה 1",
                        "pageUrl": "/mako-vod-keshet/eretz_nehederet-s1",
                        "domoClick": {
                            "content_type": "channel",
                            "channel_depth": -1,
                            "clicked_item_id": "bae667a604643210VgnVCM2000002a0c10acRCRD",
                            "click_type": "link",
                            "clicked_item_url": "https://www.mako.co.il/mako-vod-keshet/eretz_nehederet-s1",
                            "clicked_channel_id": "bae667a604643210VgnVCM2000002a0c10acRCRD",
                            "referring_component": "9ced3b0e-page-navi-refc-eb3fe7b8e0de"
                        }
                    },
                    {
                        "current": false,
                        "seasonTitle": "עונה 2",
                        "pageUrl": "/mako-vod-keshet/eretz_nehederet-s2",
                        "domoClick": {
                            "content_type": "channel",
                            "channel_depth": -1,
                            "clicked_item_id": "3d9af64d35643210VgnVCM2000002a0c10acRCRD",
                            "click_type": "link",
                            "clicked_item_url": "https://www.mako.co.il/mako-vod-keshet/eretz_nehederet-s2",
                            "clicked_channel_id": "3d9af64d35643210VgnVCM2000002a0c10acRCRD",
                            "referring_component": "9ced3b0e-page-navi-refc-eb3fe7b8e0de"
                        }
                    },
                    {
                        "current": false,
                        "seasonTitle": "עונה 3",
                        "pageUrl": "/mako-vod-keshet/eretz_nehederet-s3",
                        "domoClick": {
                            "content_type": "channel",
                            "channel_depth": -1,
                            "clicked_item_id": "43cef64d35643210VgnVCM2000002a0c10acRCRD",
                            "click_type": "link",
                            "clicked_item_url": "https://www.mako.co.il/mako-vod-keshet/eretz_nehederet-s3",
                            "clicked_channel_id": "43cef64d35643210VgnVCM2000002a0c10acRCRD",
                            "referring_component": "9ced3b0e-page-navi-refc-eb3fe7b8e0de"
                        }
                    },
                    {
                        "current": false,
                        "seasonTitle": "עונה 4",
                        "pageUrl": "/mako-vod-keshet/eretz_nehederet-s4",
                        "domoClick": {
                            "content_type": "channel",
                            "channel_depth": -1,
                            "clicked_item_id": "d251f64d35643210VgnVCM2000002a0c10acRCRD",
                            "click_type": "link",
                            "clicked_item_url": "https://www.mako.co.il/mako-vod-keshet/eretz_nehederet-s4",
                            "clicked_channel_id": "d251f64d35643210VgnVCM2000002a0c10acRCRD",
                            "referring_component": "9ced3b0e-page-navi-refc-eb3fe7b8e0de"
                        }
                    },
                    {
                        "current": false,
                        "seasonTitle": "עונה 5",
                        "pageUrl": "/mako-vod-keshet/eretz_nehederet-s5",
                        "domoClick": {
                            "content_type": "channel",
                            "channel_depth": -1,
                            "clicked_item_id": "7a03f64d35643210VgnVCM2000002a0c10acRCRD",
                            "click_type": "link",
                            "clicked_item_url": "https://www.mako.co.il/mako-vod-keshet/eretz_nehederet-s5",
                            "clicked_channel_id": "7a03f64d35643210VgnVCM2000002a0c10acRCRD",
                            "referring_component": "9ced3b0e-page-navi-refc-eb3fe7b8e0de"
                        }
                    },
                    {
                        "current": false,
                        "seasonTitle": "עונה 6",
                        "pageUrl": "/mako-vod-keshet/eretz_nehederet-s6",
                        "domoClick": {
                            "content_type": "channel",
                            "channel_depth": -1,
                            "clicked_item_id": "1144f64d35643210VgnVCM2000002a0c10acRCRD",
                            "click_type": "link",
                            "clicked_item_url": "https://www.mako.co.il/mako-vod-keshet/eretz_nehederet-s6",
                            "clicked_channel_id": "1144f64d35643210VgnVCM2000002a0c10acRCRD",
                            "referring_component": "9ced3b0e-page-navi-refc-eb3fe7b8e0de"
                        }
                    },
                    {
                        "current": false,
                        "seasonTitle": "עונה 7",
                        "pageUrl": "/mako-vod-keshet/eretz_nehederet-s7",
                        "domoClick": {
                            "content_type": "channel",
                            "channel_depth": -1,
                            "clicked_item_id": "d0990484ddef5210VgnVCM2000002a0c10acRCRD",
                            "click_type": "link",
                            "clicked_item_url": "https://www.mako.co.il/mako-vod-keshet/eretz_nehederet-s7",
                            "clicked_channel_id": "d0990484ddef5210VgnVCM2000002a0c10acRCRD",
                            "referring_component": "9ced3b0e-page-navi-refc-eb3fe7b8e0de"
                        }
                    },
                    {
                        "current": true,
                        "seasonTitle": "עונה 8",
                        "pageUrl": "/mako-vod-keshet/eretz_nehederet-s8",
                        "domoClick": {
                            "content_type": "channel",
                            "channel_depth": -1,
                            "clicked_item_id": "d839b3585edfc210VgnVCM2000002a0c10acRCRD",
                            "click_type": "link",
                            "clicked_item_url": "https://www.mako.co.il/mako-vod-keshet/eretz_nehederet-s8",
                            "clicked_channel_id": "d839b3585edfc210VgnVCM2000002a0c10acRCRD",
                            "referring_component": "9ced3b0e-page-navi-refc-eb3fe7b8e0de"
                        }
                    },
                    {
                        "current": false,
                        "seasonTitle": "עונה 9",
                        "pageUrl": "/mako-vod-keshet/eretz_nehederet-s9",
                        "domoClick": {
                            "content_type": "channel",
                            "channel_depth": -1,
                            "clicked_item_id": "2c9f87e7250f4310VgnVCM2000002a0c10acRCRD",
                            "click_type": "link",
                            "clicked_item_url": "https://www.mako.co.il/mako-vod-keshet/eretz_nehederet-s9",
                            "clicked_channel_id": "2c9f87e7250f4310VgnVCM2000002a0c10acRCRD",
                            "referring_component": "9ced3b0e-page-navi-refc-eb3fe7b8e0de"
                        }
                    },
                    {
                        "current": false,
                        "seasonTitle": "עונה 10",
                        "pageUrl": "/mako-vod-keshet/eretz_nehederet-s10",
                        "domoClick": {
                            "content_type": "channel",
                            "channel_depth": -1,
                            "clicked_item_id": "fa4d7c38f47cb310VgnVCM2000002a0c10acRCRD",
                            "click_type": "link",
                            "clicked_item_url": "https://www.mako.co.il/mako-vod-keshet/eretz_nehederet-s10",
                            "clicked_channel_id": "fa4d7c38f47cb310VgnVCM2000002a0c10acRCRD",
                            "referring_component": "9ced3b0e-page-navi-refc-eb3fe7b8e0de"
                        }
                    },
                    {
                        "current": false,
                        "seasonTitle": "עונה 11",
                        "pageUrl": "/mako-vod-keshet/eretz_nehederet-s11",
                        "domoClick": {
                            "content_type": "channel",
                            "channel_depth": -1,
                            "clicked_item_id": "5adfa33919243410VgnVCM2000002a0c10acRCRD",
                            "click_type": "link",
                            "clicked_item_url": "https://www.mako.co.il/mako-vod-keshet/eretz_nehederet-s11",
                            "clicked_channel_id": "5adfa33919243410VgnVCM2000002a0c10acRCRD",
                            "referring_component": "9ced3b0e-page-navi-refc-eb3fe7b8e0de"
                        }
                    },
                    {
                        "current": false,
                        "seasonTitle": "עונה 12",
                        "pageUrl": "/mako-vod-keshet/eretz_nehederet-s12",
                        "domoClick": {
                            "content_type": "channel",
                            "channel_depth": -1,
                            "clicked_item_id": "de317051b0cfa410VgnVCM2000002a0c10acRCRD",
                            "click_type": "link",
                            "clicked_item_url": "https://www.mako.co.il/mako-vod-keshet/eretz_nehederet-s12",
                            "clicked_channel_id": "de317051b0cfa410VgnVCM2000002a0c10acRCRD",
                            "referring_component": "9ced3b0e-page-navi-refc-eb3fe7b8e0de"
                        }
                    },
                    {
                        "current": false,
                        "seasonTitle": "עונה 13",
                        "pageUrl": "/mako-vod-keshet/eretz_nehederet-s13",
                        "domoClick": {
                            "content_type": "channel",
                            "channel_depth": -1,
                            "clicked_item_id": "d1417e27b9382510VgnVCM2000002a0c10acRCRD",
                            "click_type": "link",
                            "clicked_item_url": "https://www.mako.co.il/mako-vod-keshet/eretz_nehederet-s13",
                            "clicked_channel_id": "d1417e27b9382510VgnVCM2000002a0c10acRCRD",
                            "referring_component": "9ced3b0e-page-navi-refc-eb3fe7b8e0de"
                        }
                    },
                    {
                        "current": false,
                        "seasonTitle": "עונה 14",
                        "pageUrl": "/mako-vod-keshet/eretz_nehederet-s14",
                        "domoClick": {
                            "content_type": "channel",
                            "channel_depth": -1,
                            "clicked_item_id": "00cb73568955a510VgnVCM2000002a0c10acRCRD",
                            "click_type": "link",
                            "clicked_item_url": "https://www.mako.co.il/mako-vod-keshet/eretz_nehederet-s14",
                            "clicked_channel_id": "00cb73568955a510VgnVCM2000002a0c10acRCRD",
                            "referring_component": "9ced3b0e-page-navi-refc-eb3fe7b8e0de"
                        }
                    },
                    {
                        "current": false,
                        "seasonTitle": "עונה 15",
                        "pageUrl": "/mako-vod-keshet/eretz_nehederet-s15",
                        "domoClick": {
                            "content_type": "channel",
                            "channel_depth": -1,
                            "clicked_item_id": "6ca45b54fd76f510VgnVCM2000002a0c10acRCRD",
                            "click_type": "link",
                            "clicked_item_url": "https://www.mako.co.il/mako-vod-keshet/eretz_nehederet-s15",
                            "clicked_channel_id": "6ca45b54fd76f510VgnVCM2000002a0c10acRCRD",
                            "referring_component": "9ced3b0e-page-navi-refc-eb3fe7b8e0de"
                        }
                    },
                    {
                        "current": false,
                        "seasonTitle": "עונה 16",
                        "pageUrl": "/mako-vod-keshet/eretz_nehederet-s-16",
                        "domoClick": {
                            "content_type": "channel",
                            "channel_depth": -1,
                            "clicked_item_id": "943afc01ace08610VgnVCM2000002a0c10acRCRD",
                            "click_type": "link",
                            "clicked_item_url": "https://www.mako.co.il/mako-vod-keshet/eretz_nehederet-s-16",
                            "clicked_channel_id": "943afc01ace08610VgnVCM2000002a0c10acRCRD",
                            "referring_component": "9ced3b0e-page-navi-refc-eb3fe7b8e0de"
                        }
                    },
                    {
                        "current": false,
                        "seasonTitle": "עונה 17",
                        "pageUrl": "/mako-vod-keshet/eretz_nehederet-s17",
                        "domoClick": {
                            "content_type": "channel",
                            "channel_depth": -1,
                            "clicked_item_id": "19cc03b59965f610VgnVCM200000650a10acRCRD",
                            "click_type": "link",
                            "clicked_item_url": "https://www.mako.co.il/mako-vod-keshet/eretz_nehederet-s17",
                            "clicked_channel_id": "19cc03b59965f610VgnVCM200000650a10acRCRD",
                            "referring_component": "9ced3b0e-page-navi-refc-eb3fe7b8e0de"
                        }
                    },
                    {
                        "current": false,
                        "seasonTitle": "עוד כותרות",
                        "pageUrl": "/mako-vod-keshet/eretz_nehederet-more_headlines",
                        "domoClick": {
                            "content_type": "channel",
                            "channel_depth": -1,
                            "clicked_item_id": "42d5b1b0749b3710VgnVCM100000700a10acRCRD",
                            "click_type": "link",
                            "clicked_item_url": "https://www.mako.co.il/mako-vod-keshet/eretz_nehederet-more_headlines",
                            "clicked_channel_id": "42d5b1b0749b3710VgnVCM100000700a10acRCRD",
                            "referring_component": "9ced3b0e-page-navi-refc-eb3fe7b8e0de"
                        }
                    },
                    {
                        "current": false,
                        "seasonTitle": "עונה 18",
                        "pageUrl": "/mako-vod-keshet/eretz_nehederet-s18",
                        "domoClick": {
                            "content_type": "channel",
                            "channel_depth": -1,
                            "clicked_item_id": "17d1ef997de86710VgnVCM100000700a10acRCRD",
                            "click_type": "link",
                            "clicked_item_url": "https://www.mako.co.il/mako-vod-keshet/eretz_nehederet-s18",
                            "clicked_channel_id": "17d1ef997de86710VgnVCM100000700a10acRCRD",
                            "referring_component": "9ced3b0e-page-navi-refc-eb3fe7b8e0de"
                        }
                    },
                    {
                        "current": false,
                        "seasonTitle": "עונה 19",
                        "pageUrl": "/mako-vod-keshet/eretz_nehederet-s19",
                        "domoClick": {
                            "content_type": "channel",
                            "channel_depth": -1,
                            "clicked_item_id": "d371563eb8bec710VgnVCM200000650a10acRCRD",
                            "click_type": "link",
                            "clicked_item_url": "https://www.mako.co.il/mako-vod-keshet/eretz_nehederet-s19",
                            "clicked_channel_id": "d371563eb8bec710VgnVCM200000650a10acRCRD",
                            "referring_component": "9ced3b0e-page-navi-refc-eb3fe7b8e0de"
                        }
                    },
                    {
                        "current": false,
                        "seasonTitle": "עונה 20",
                        "pageUrl": "/mako-vod-keshet/eretz_nehederet-s20",
                        "domoClick": {
                            "content_type": "channel",
                            "channel_depth": -1,
                            "clicked_item_id": "20bf32f4a0a53810VgnVCM100000700a10acRCRD",
                            "click_type": "link",
                            "clicked_item_url": "https://www.mako.co.il/mako-vod-keshet/eretz_nehederet-s20",
                            "clicked_channel_id": "20bf32f4a0a53810VgnVCM100000700a10acRCRD",
                            "referring_component": "9ced3b0e-page-navi-refc-eb3fe7b8e0de"
                        }
                    },
                    {
                        "current": false,
                        "seasonTitle": "עונה 21",
                        "pageUrl": "/mako-vod-keshet/eretz_nehederet-s21",
                        "domoClick": {
                            "content_type": "channel",
                            "channel_depth": -1,
                            "clicked_item_id": "b5ae2a8ecab7b810VgnVCM100000700a10acRCRD",
                            "click_type": "link",
                            "clicked_item_url": "https://www.mako.co.il/mako-vod-keshet/eretz_nehederet-s21",
                            "clicked_channel_id": "b5ae2a8ecab7b810VgnVCM100000700a10acRCRD",
                            "referring_component": "9ced3b0e-page-navi-refc-eb3fe7b8e0de"
                        }
                    },
                    {
                        "current": false,
                        "seasonTitle": "עונה 22",
                        "pageUrl": "/mako-vod-keshet/eretz_nehederet-s22",
                        "domoClick": {
                            "content_type": "channel",
                            "channel_depth": -1,
                            "clicked_item_id": "bc6a5d06d46f2910VgnVCM200000650a10acRCRD",
                            "click_type": "link",
                            "clicked_item_url": "https://www.mako.co.il/mako-vod-keshet/eretz_nehederet-s22",
                            "clicked_channel_id": "bc6a5d06d46f2910VgnVCM200000650a10acRCRD",
                            "referring_component": "9ced3b0e-page-navi-refc-eb3fe7b8e0de"
                        }
                    }
                ],
                "menu": [
                    {
                        "buttonText": "פרקים",
                        "id": "allEpisodes",
                        "vcmid": "d839b3585edfc210VgnVCM2000002a0c10acRCRD",
                        "channelId": "d839b3585edfc210VgnVCM2000002a0c10acRCRD",
                        "makoRefComp": "All_Episodes",
                        "pageUrl": "/mako-vod-keshet/eretz_nehederet-s8",
                        "domoClick": {
                            "content_type": "channel",
                            "channel_depth": -1,
                            "clicked_item_id": "d839b3585edfc210VgnVCM2000002a0c10acRCRD",
                            "click_type": "link",
                            "clicked_item_url": "https://www.mako.co.il/mako-vod-keshet/eretz_nehederet-s8",
                            "clicked_channel_id": "d839b3585edfc210VgnVCM2000002a0c10acRCRD",
                            "referring_component": "9ced3b0e-page-navi-refc-eb3fe7b8e0de"
                        },
                        "open": true,
                        "vods": [
                            {
                                "componentLayout": "vod",
                                "channelId": "d839b3585edfc210VgnVCM2000002a0c10acRCRD",
                                "itemVcmId": "9434f56ee190d210VgnVCM2000002a0c10acRCRD",
                                "galleryChannelId": "9434f56ee190d210VgnVCM2000002a0c10acRCRD",
                                "title": "תיעוד הפרלמנט של שאולי",
                                "domoClick": {
                                    "content_type": "vod",
                                    "channel_depth": -1,
                                    "clicked_item_id": "9434f56ee190d210VgnVCM2000002a0c10acRCRD",
                                    "click_type": "link",
                                    "clicked_item_url": "https://www.mako.co.il/mako-vod-keshet/eretz_nehederet-s8/VOD-9434f56ee190d21006.htm",
                                    "clicked_channel_id": "d839b3585edfc210VgnVCM2000002a0c10acRCRD",
                                    "referring_component": "16f079a6-page-prom-refc-4bfb03e240e9"
                                },
                                "extraInfo": "פרק 1@21.12.10",
                                "pics": [
                                    {
                                        "picUrl": "https://img.mako.co.il/2021/12/19/eretz8_01_13shauli_c_i.jpg",
                                        "altText": "הפרלמנט של ישראל"
                                    }
                                ],
                                "pageUrl": "/mako-vod-keshet/eretz_nehederet-s8/VOD-9434f56ee190d21006.htm",
                                "aIL": true,
                                "aINT": true
                            },
                            {
                                "componentLayout": "vod",
                                "channelId": "d839b3585edfc210VgnVCM2000002a0c10acRCRD",
                                "itemVcmId": "24f74f070773d210VgnVCM2000002a0c10acRCRD",
                                "galleryChannelId": "24f74f070773d210VgnVCM2000002a0c10acRCRD",
                                "title": "משה קצב מגיע לנאום באולפן",
                                "domoClick": {
                                    "content_type": "vod",
                                    "channel_depth": -1,
                                    "clicked_item_id": "24f74f070773d210VgnVCM2000002a0c10acRCRD",
                                    "click_type": "link",
                                    "clicked_item_url": "https://www.mako.co.il/mako-vod-keshet/eretz_nehederet-s8/VOD-24f74f070773d21006.htm",
                                    "clicked_channel_id": "d839b3585edfc210VgnVCM2000002a0c10acRCRD",
                                    "referring_component": "16f079a6-page-prom-refc-4bfb03e240e9"
                                },
                                "extraInfo": "פרק 2@30.12.10",
                                "pics": [
                                    {
                                        "picUrl": "https://img.mako.co.il/2021/12/19/eretz8_02_09medmen_c_i.jpg",
                                        "altText": "הגברים של שדרות רוטשילד – חלק ב"
                                    }
                                ],
                                "pageUrl": "/mako-vod-keshet/eretz_nehederet-s8/VOD-24f74f070773d21006.htm",
                                "aIL": true,
                                "aINT": false
                            },
                            {
                                "componentLayout": "vod",
                                "channelId": "d839b3585edfc210VgnVCM2000002a0c10acRCRD",
                                "itemVcmId": "6ba974d57265d210VgnVCM2000002a0c10acRCRD",
                                "galleryChannelId": "6ba974d57265d210VgnVCM2000002a0c10acRCRD",
                                "title": "יצחק תשובה מגיע לאולפן",
                                "domoClick": {
                                    "content_type": "vod",
                                    "channel_depth": -1,
                                    "clicked_item_id": "6ba974d57265d210VgnVCM2000002a0c10acRCRD",
                                    "click_type": "link",
                                    "clicked_item_url": "https://www.mako.co.il/mako-vod-keshet/eretz_nehederet-s8/VOD-6ba974d57265d21006.htm",
                                    "clicked_channel_id": "d839b3585edfc210VgnVCM2000002a0c10acRCRD",
                                    "referring_component": "16f079a6-page-prom-refc-4bfb03e240e9"
                                },
                                "extraInfo": "פרק 3@05.01.11",
                                "pics": [
                                    {
                                        "picUrl": "https://img.mako.co.il/2021/12/19/erets8_03_VOD_c_i.jpg",
                                        "altText": "פרק 03"
                                    }
                                ],
                                "pageUrl": "/mako-vod-keshet/eretz_nehederet-s8/VOD-6ba974d57265d21006.htm",
                                "aIL": true,
                                "aINT": false
                            },
                            {
                                "componentLayout": "vod",
                                "channelId": "d839b3585edfc210VgnVCM2000002a0c10acRCRD",
                                "itemVcmId": "6f2a80c9d657d210VgnVCM2000002a0c10acRCRD",
                                "galleryChannelId": "6f2a80c9d657d210VgnVCM2000002a0c10acRCRD",
                                "title": "קיציס נעצר על ידי ליברמן",
                                "domoClick": {
                                    "content_type": "vod",
                                    "channel_depth": -1,
                                    "clicked_item_id": "6f2a80c9d657d210VgnVCM2000002a0c10acRCRD",
                                    "click_type": "link",
                                    "clicked_item_url": "https://www.mako.co.il/mako-vod-keshet/eretz_nehederet-s8/VOD-6f2a80c9d657d21006.htm",
                                    "clicked_channel_id": "d839b3585edfc210VgnVCM2000002a0c10acRCRD",
                                    "referring_component": "16f079a6-page-prom-refc-4bfb03e240e9"
                                },
                                "extraInfo": "פרק 4@11.01.11",
                                "pics": [
                                    {
                                        "picUrl": "https://img.mako.co.il/2021/12/19/erets8_04_2Liberman_autoOrient_c_i.jpg",
                                        "altText": "המשפט של קיציס"
                                    }
                                ],
                                "pageUrl": "/mako-vod-keshet/eretz_nehederet-s8/VOD-6f2a80c9d657d21006.htm",
                                "aIL": true,
                                "aINT": false
                            },
                            {
                                "componentLayout": "vod",
                                "channelId": "d839b3585edfc210VgnVCM2000002a0c10acRCRD",
                                "itemVcmId": "7caf69e258d9d210VgnVCM2000002a0c10acRCRD",
                                "galleryChannelId": "7caf69e258d9d210VgnVCM2000002a0c10acRCRD",
                                "title": "אייל גולן מתארח באולפן",
                                "domoClick": {
                                    "content_type": "vod",
                                    "channel_depth": -1,
                                    "clicked_item_id": "7caf69e258d9d210VgnVCM2000002a0c10acRCRD",
                                    "click_type": "link",
                                    "clicked_item_url": "https://www.mako.co.il/mako-vod-keshet/eretz_nehederet-s8/VOD-7caf69e258d9d21006.htm",
                                    "clicked_channel_id": "d839b3585edfc210VgnVCM2000002a0c10acRCRD",
                                    "referring_component": "16f079a6-page-prom-refc-4bfb03e240e9"
                                },
                                "extraInfo": "פרק 5@19.01.11",
                                "pics": [
                                    {
                                        "picUrl": "https://img.mako.co.il/2021/12/19/erets8_05_VOD_c_i.jpg",
                                        "altText": "תוכנית 5"
                                    }
                                ],
                                "pageUrl": "/mako-vod-keshet/eretz_nehederet-s8/VOD-7caf69e258d9d21006.htm",
                                "aIL": true,
                                "aINT": false
                            },
                            {
                                "componentLayout": "vod",
                                "channelId": "d839b3585edfc210VgnVCM2000002a0c10acRCRD",
                                "itemVcmId": "960cd4dcffaed210VgnVCM2000002a0c10acRCRD",
                                "galleryChannelId": "960cd4dcffaed210VgnVCM2000002a0c10acRCRD",
                                "title": "יהודית רביץ עם קשת ליבליך",
                                "domoClick": {
                                    "content_type": "vod",
                                    "channel_depth": -1,
                                    "clicked_item_id": "960cd4dcffaed210VgnVCM2000002a0c10acRCRD",
                                    "click_type": "link",
                                    "clicked_item_url": "https://www.mako.co.il/mako-vod-keshet/eretz_nehederet-s8/VOD-960cd4dcffaed21006.htm",
                                    "clicked_channel_id": "d839b3585edfc210VgnVCM2000002a0c10acRCRD",
                                    "referring_component": "16f079a6-page-prom-refc-4bfb03e240e9"
                                },
                                "extraInfo": "פרק 6@03.02.11",
                                "pics": [
                                    {
                                        "picUrl": "https://img.mako.co.il/2021/12/19/eretz8_06_06ravitz_c_i.jpg",
                                        "altText": "קשת ליבליך מארחת את יהודית רביץ"
                                    }
                                ],
                                "pageUrl": "/mako-vod-keshet/eretz_nehederet-s8/VOD-960cd4dcffaed21006.htm",
                                "aIL": true,
                                "aINT": false
                            },
                            {
                                "componentLayout": "vod",
                                "channelId": "d839b3585edfc210VgnVCM2000002a0c10acRCRD",
                                "itemVcmId": "f062ff12dae0e210VgnVCM2000002a0c10acRCRD",
                                "galleryChannelId": "f062ff12dae0e210VgnVCM2000002a0c10acRCRD",
                                "title": "יאיר לפיד מנחה טקס הזיכרון",
                                "domoClick": {
                                    "content_type": "vod",
                                    "channel_depth": -1,
                                    "clicked_item_id": "f062ff12dae0e210VgnVCM2000002a0c10acRCRD",
                                    "click_type": "link",
                                    "clicked_item_url": "https://www.mako.co.il/mako-vod-keshet/eretz_nehederet-s8/VOD-f062ff12dae0e21006.htm",
                                    "clicked_channel_id": "d839b3585edfc210VgnVCM2000002a0c10acRCRD",
                                    "referring_component": "16f079a6-page-prom-refc-4bfb03e240e9"
                                },
                                "extraInfo": "פרק 7@10.02.11",
                                "pics": [
                                    {
                                        "picUrl": "https://img.mako.co.il/2021/12/19/erets8_07_VOD_c_i.jpg",
                                        "altText": "פרק 7"
                                    }
                                ],
                                "pageUrl": "/mako-vod-keshet/eretz_nehederet-s8/VOD-f062ff12dae0e21006.htm",
                                "aIL": true,
                                "aINT": false
                            },
                            {
                                "componentLayout": "vod",
                                "channelId": "d839b3585edfc210VgnVCM2000002a0c10acRCRD",
                                "itemVcmId": "9649c96b2bd2e210VgnVCM2000002a0c10acRCRD",
                                "galleryChannelId": "9649c96b2bd2e210VgnVCM2000002a0c10acRCRD",
                                "title": "האודישן של קשת ליבליך",
                                "domoClick": {
                                    "content_type": "vod",
                                    "channel_depth": -1,
                                    "clicked_item_id": "9649c96b2bd2e210VgnVCM2000002a0c10acRCRD",
                                    "click_type": "link",
                                    "clicked_item_url": "https://www.mako.co.il/mako-vod-keshet/eretz_nehederet-s8/VOD-9649c96b2bd2e21006.htm",
                                    "clicked_channel_id": "d839b3585edfc210VgnVCM2000002a0c10acRCRD",
                                    "referring_component": "16f079a6-page-prom-refc-4bfb03e240e9"
                                },
                                "extraInfo": "פרק 8@16.02.11",
                                "pics": [
                                    {
                                        "picUrl": "https://img.mako.co.il/2021/12/19/eretz8_08_09keshet_c_i.jpg",
                                        "altText": "פרק 8"
                                    }
                                ],
                                "pageUrl": "/mako-vod-keshet/eretz_nehederet-s8/VOD-9649c96b2bd2e21006.htm",
                                "aIL": true,
                                "aINT": false
                            },
                            {
                                "componentLayout": "vod",
                                "channelId": "d839b3585edfc210VgnVCM2000002a0c10acRCRD",
                                "itemVcmId": "69eefa6d7774e210VgnVCM2000002a0c10acRCRD",
                                "galleryChannelId": "69eefa6d7774e210VgnVCM2000002a0c10acRCRD",
                                "title": "קדאפי מגיע לאולפן ",
                                "domoClick": {
                                    "content_type": "vod",
                                    "channel_depth": -1,
                                    "clicked_item_id": "69eefa6d7774e210VgnVCM2000002a0c10acRCRD",
                                    "click_type": "link",
                                    "clicked_item_url": "https://www.mako.co.il/mako-vod-keshet/eretz_nehederet-s8/VOD-69eefa6d7774e21006.htm",
                                    "clicked_channel_id": "d839b3585edfc210VgnVCM2000002a0c10acRCRD",
                                    "referring_component": "16f079a6-page-prom-refc-4bfb03e240e9"
                                },
                                "extraInfo": "פרק 9@21.02.11",
                                "pics": [
                                    {
                                        "picUrl": "https://img.mako.co.il/2021/12/19/erets8_09_VOD_c_i.jpg",
                                        "altText": "פרק 9"
                                    }
                                ],
                                "pageUrl": "/mako-vod-keshet/eretz_nehederet-s8/VOD-69eefa6d7774e21006.htm",
                                "aIL": true,
                                "aINT": false
                            },
                            {
                                "componentLayout": "vod",
                                "channelId": "d839b3585edfc210VgnVCM2000002a0c10acRCRD",
                                "itemVcmId": "3872820c29b7e210VgnVCM2000002a0c10acRCRD",
                                "galleryChannelId": "3872820c29b7e210VgnVCM2000002a0c10acRCRD",
                                "title": "גיבורי ספרי הילדים",
                                "domoClick": {
                                    "content_type": "vod",
                                    "channel_depth": -1,
                                    "clicked_item_id": "3872820c29b7e210VgnVCM2000002a0c10acRCRD",
                                    "click_type": "link",
                                    "clicked_item_url": "https://www.mako.co.il/mako-vod-keshet/eretz_nehederet-s8/VOD-3872820c29b7e21006.htm",
                                    "clicked_channel_id": "d839b3585edfc210VgnVCM2000002a0c10acRCRD",
                                    "referring_component": "16f079a6-page-prom-refc-4bfb03e240e9"
                                },
                                "extraInfo": "פרק 10@03.03.11",
                                "pics": [
                                    {
                                        "picUrl": "https://img.mako.co.il/2021/12/19/erets8_10_VOD_c_i.jpg",
                                        "altText": "פרק 10"
                                    }
                                ],
                                "pageUrl": "/mako-vod-keshet/eretz_nehederet-s8/VOD-3872820c29b7e21006.htm",
                                "aIL": true,
                                "aINT": false
                            },
                            {
                                "componentLayout": "ad",
                                "index": 1,
                                "sizes": "{[[970, 90]]}",
                                "iu": "242748299/mako/vod/vod_keshet/JAMBO1_970",
                                "mobileIu": "242748299/mako/vod/vod_keshet/MOBILE_MONSTER1_300x250",
                                "mobileSizes": "{['fluid', [300, 250]]}"
                            },
                            {
                                "componentLayout": "vod",
                                "channelId": "d839b3585edfc210VgnVCM2000002a0c10acRCRD",
                                "itemVcmId": "ac8ab2bd8d3ce210VgnVCM2000002a0c10acRCRD",
                                "galleryChannelId": "ac8ab2bd8d3ce210VgnVCM2000002a0c10acRCRD",
                                "title": "ארץ נהדרת - הגרסה היפנית",
                                "domoClick": {
                                    "content_type": "vod",
                                    "channel_depth": -1,
                                    "clicked_item_id": "ac8ab2bd8d3ce210VgnVCM2000002a0c10acRCRD",
                                    "click_type": "link",
                                    "clicked_item_url": "https://www.mako.co.il/mako-vod-keshet/eretz_nehederet-s8/VOD-ac8ab2bd8d3ce21006.htm",
                                    "clicked_channel_id": "d839b3585edfc210VgnVCM2000002a0c10acRCRD",
                                    "referring_component": "16f079a6-page-prom-refc-4bfb03e240e9"
                                },
                                "extraInfo": "פרק 11@17.03.11",
                                "pics": [
                                    {
                                        "picUrl": "https://img.mako.co.il/2021/12/19/erets8_11_02japan_c_i.jpg",
                                        "altText": "פרק 11"
                                    }
                                ],
                                "pageUrl": "/mako-vod-keshet/eretz_nehederet-s8/VOD-ac8ab2bd8d3ce21006.htm",
                                "aIL": true,
                                "aINT": false
                            },
                            {
                                "componentLayout": "vod",
                                "channelId": "d839b3585edfc210VgnVCM2000002a0c10acRCRD",
                                "itemVcmId": "05d065df238ee210VgnVCM2000002a0c10acRCRD",
                                "galleryChannelId": "05d065df238ee210VgnVCM2000002a0c10acRCRD",
                                "title": "האסירים המפורסמים בארץ",
                                "domoClick": {
                                    "content_type": "vod",
                                    "channel_depth": -1,
                                    "clicked_item_id": "05d065df238ee210VgnVCM2000002a0c10acRCRD",
                                    "click_type": "link",
                                    "clicked_item_url": "https://www.mako.co.il/mako-vod-keshet/eretz_nehederet-s8/VOD-05d065df238ee21006.htm",
                                    "clicked_channel_id": "d839b3585edfc210VgnVCM2000002a0c10acRCRD",
                                    "referring_component": "16f079a6-page-prom-refc-4bfb03e240e9"
                                },
                                "extraInfo": "פרק 12@24.03.11",
                                "pics": [
                                    {
                                        "picUrl": "https://img.mako.co.il/2021/12/19/erets8_12_VOD_c_i.jpg",
                                        "altText": "פרק 12"
                                    }
                                ],
                                "pageUrl": "/mako-vod-keshet/eretz_nehederet-s8/VOD-05d065df238ee21006.htm",
                                "aIL": true,
                                "aINT": false
                            },
                            {
                                "componentLayout": "vod",
                                "channelId": "d839b3585edfc210VgnVCM2000002a0c10acRCRD",
                                "itemVcmId": "b5261109b5b0f210VgnVCM2000002a0c10acRCRD",
                                "galleryChannelId": "b5261109b5b0f210VgnVCM2000002a0c10acRCRD",
                                "title": "האחד באפריל",
                                "domoClick": {
                                    "content_type": "vod",
                                    "channel_depth": -1,
                                    "clicked_item_id": "b5261109b5b0f210VgnVCM2000002a0c10acRCRD",
                                    "click_type": "link",
                                    "clicked_item_url": "https://www.mako.co.il/mako-vod-keshet/eretz_nehederet-s8/VOD-b5261109b5b0f21006.htm",
                                    "clicked_channel_id": "d839b3585edfc210VgnVCM2000002a0c10acRCRD",
                                    "referring_component": "16f079a6-page-prom-refc-4bfb03e240e9"
                                },
                                "extraInfo": "פרק 13@31.03.11",
                                "pics": [
                                    {
                                        "picUrl": "https://img.mako.co.il/2021/12/19/eretz8_13_vod_c_i.jpg",
                                        "altText": "פרק 13"
                                    }
                                ],
                                "pageUrl": "/mako-vod-keshet/eretz_nehederet-s8/VOD-b5261109b5b0f21006.htm",
                                "aIL": true,
                                "aINT": false
                            },
                            {
                                "componentLayout": "vod",
                                "channelId": "d839b3585edfc210VgnVCM2000002a0c10acRCRD",
                                "itemVcmId": "e73b9f46ccf2f210VgnVCM2000002a0c10acRCRD",
                                "galleryChannelId": "e73b9f46ccf2f210VgnVCM2000002a0c10acRCRD",
                                "title": "הברכה של יהודה לוי",
                                "domoClick": {
                                    "content_type": "vod",
                                    "channel_depth": -1,
                                    "clicked_item_id": "e73b9f46ccf2f210VgnVCM2000002a0c10acRCRD",
                                    "click_type": "link",
                                    "clicked_item_url": "https://www.mako.co.il/mako-vod-keshet/eretz_nehederet-s8/VOD-e73b9f46ccf2f21006.htm",
                                    "clicked_channel_id": "d839b3585edfc210VgnVCM2000002a0c10acRCRD",
                                    "referring_component": "16f079a6-page-prom-refc-4bfb03e240e9"
                                },
                                "extraInfo": "פרק 14@07.04.11",
                                "pics": [
                                    {
                                        "picUrl": "https://img.mako.co.il/2021/12/19/eretz8_14_10keshet_c_i.jpg",
                                        "altText": "קשת מקבלת ברכה מיהודה לוי"
                                    }
                                ],
                                "pageUrl": "/mako-vod-keshet/eretz_nehederet-s8/VOD-e73b9f46ccf2f21006.htm",
                                "aIL": true,
                                "aINT": false
                            },
                            {
                                "componentLayout": "vod",
                                "channelId": "d839b3585edfc210VgnVCM2000002a0c10acRCRD",
                                "itemVcmId": "55419807cfb9f210VgnVCM2000002a0c10acRCRD",
                                "galleryChannelId": "55419807cfb9f210VgnVCM2000002a0c10acRCRD",
                                "title": "ספיישל סיום",
                                "domoClick": {
                                    "content_type": "vod",
                                    "channel_depth": -1,
                                    "clicked_item_id": "55419807cfb9f210VgnVCM2000002a0c10acRCRD",
                                    "click_type": "link",
                                    "clicked_item_url": "https://www.mako.co.il/mako-vod-keshet/eretz_nehederet-s8/VOD-55419807cfb9f21006.htm",
                                    "clicked_channel_id": "d839b3585edfc210VgnVCM2000002a0c10acRCRD",
                                    "referring_component": "16f079a6-page-prom-refc-4bfb03e240e9"
                                },
                                "extraInfo": "פרק 15@28.04.11",
                                "pics": [
                                    {
                                        "picUrl": "https://img.mako.co.il/2023/09/04/erets8_15_06batmitzvush_autoOrient_i.jpg",
                                        "altText": "הבת מצווש של קשת"
                                    }
                                ],
                                "pageUrl": "/mako-vod-keshet/eretz_nehederet-s8/VOD-55419807cfb9f21006.htm",
                                "aIL": true,
                                "aINT": false
                            },
                            {
                                "componentLayout": "vod",
                                "channelId": "d839b3585edfc210VgnVCM2000002a0c10acRCRD",
                                "itemVcmId": "0ed5f3b6f51cf210VgnVCM100000290c10acRCRD",
                                "galleryChannelId": "0ed5f3b6f51cf210VgnVCM100000290c10acRCRD",
                                "title": "ספיישל אסי כהן",
                                "domoClick": {
                                    "content_type": "vod",
                                    "channel_depth": -1,
                                    "clicked_item_id": "0ed5f3b6f51cf210VgnVCM100000290c10acRCRD",
                                    "click_type": "link",
                                    "clicked_item_url": "https://www.mako.co.il/mako-vod-keshet/eretz_nehederet-s8/VOD-0ed5f3b6f51cf21004.htm",
                                    "clicked_channel_id": "d839b3585edfc210VgnVCM2000002a0c10acRCRD",
                                    "referring_component": "16f079a6-page-prom-refc-4bfb03e240e9"
                                },
                                "extraInfo": "פרק 16@05.05.11",
                                "pics": [
                                    {
                                        "picUrl": "https://img.mako.co.il/2021/12/19/eretz_8_leket_assicohen_c_i.jpg",
                                        "altText": "לקט אסי כהן בארץ נהדרת"
                                    }
                                ],
                                "pageUrl": "/mako-vod-keshet/eretz_nehederet-s8/VOD-0ed5f3b6f51cf21004.htm",
                                "aIL": true,
                                "aINT": false
                            },
                            {
                                "componentLayout": "vod",
                                "channelId": "d839b3585edfc210VgnVCM2000002a0c10acRCRD",
                                "itemVcmId": "bcfcda3243d10310VgnVCM2000002a0c10acRCRD",
                                "galleryChannelId": "bcfcda3243d10310VgnVCM2000002a0c10acRCRD",
                                "title": "ספיישל טל פרידמן",
                                "domoClick": {
                                    "content_type": "vod",
                                    "channel_depth": -1,
                                    "clicked_item_id": "bcfcda3243d10310VgnVCM2000002a0c10acRCRD",
                                    "click_type": "link",
                                    "clicked_item_url": "https://www.mako.co.il/mako-vod-keshet/eretz_nehederet-s8/VOD-bcfcda3243d1031006.htm",
                                    "clicked_channel_id": "d839b3585edfc210VgnVCM2000002a0c10acRCRD",
                                    "referring_component": "16f079a6-page-prom-refc-4bfb03e240e9"
                                },
                                "extraInfo": "פרק 17@23.05.11",
                                "pics": [
                                    {
                                        "picUrl": "https://img.mako.co.il/2021/12/19/eretz_echad_fridman_c_i.jpg",
                                        "altText": "אחד על אחד - טל פרידמן"
                                    }
                                ],
                                "pageUrl": "/mako-vod-keshet/eretz_nehederet-s8/VOD-bcfcda3243d1031006.htm",
                                "aIL": true,
                                "aINT": false
                            },
                            {
                                "componentLayout": "vod",
                                "channelId": "d839b3585edfc210VgnVCM2000002a0c10acRCRD",
                                "itemVcmId": "3ddb8aa61b540310VgnVCM2000002a0c10acRCRD",
                                "galleryChannelId": "3ddb8aa61b540310VgnVCM2000002a0c10acRCRD",
                                "title": "ספיישל אלי פיניש",
                                "domoClick": {
                                    "content_type": "vod",
                                    "channel_depth": -1,
                                    "clicked_item_id": "3ddb8aa61b540310VgnVCM2000002a0c10acRCRD",
                                    "click_type": "link",
                                    "clicked_item_url": "https://www.mako.co.il/mako-vod-keshet/eretz_nehederet-s8/VOD-3ddb8aa61b54031006.htm",
                                    "clicked_channel_id": "d839b3585edfc210VgnVCM2000002a0c10acRCRD",
                                    "referring_component": "16f079a6-page-prom-refc-4bfb03e240e9"
                                },
                                "extraInfo": "פרק 18@31.05.11",
                                "pics": [
                                    {
                                        "picUrl": "https://img.mako.co.il/2021/12/19/eretz_echad_finish_C_i.jpg",
                                        "altText": "אלי פיניש"
                                    }
                                ],
                                "pageUrl": "/mako-vod-keshet/eretz_nehederet-s8/VOD-3ddb8aa61b54031006.htm",
                                "aIL": true,
                                "aINT": false
                            },
                            {
                                "componentLayout": "vod",
                                "channelId": "d839b3585edfc210VgnVCM2000002a0c10acRCRD",
                                "itemVcmId": "38ba80f938370310VgnVCM2000002a0c10acRCRD",
                                "galleryChannelId": "38ba80f938370310VgnVCM2000002a0c10acRCRD",
                                "title": "ספיישל מריאנו אידלמן",
                                "domoClick": {
                                    "content_type": "vod",
                                    "channel_depth": -1,
                                    "clicked_item_id": "38ba80f938370310VgnVCM2000002a0c10acRCRD",
                                    "click_type": "link",
                                    "clicked_item_url": "https://www.mako.co.il/mako-vod-keshet/eretz_nehederet-s8/VOD-38ba80f93837031006.htm",
                                    "clicked_channel_id": "d839b3585edfc210VgnVCM2000002a0c10acRCRD",
                                    "referring_component": "16f079a6-page-prom-refc-4bfb03e240e9"
                                },
                                "extraInfo": "פרק 19@09.06.11",
                                "pics": [
                                    {
                                        "picUrl": "https://img.mako.co.il/2021/12/19/one_on_one_c_i.jpg",
                                        "altText": "אחד אחד - מריאנו"
                                    }
                                ],
                                "pageUrl": "/mako-vod-keshet/eretz_nehederet-s8/VOD-38ba80f93837031006.htm",
                                "aIL": true,
                                "aINT": false
                            },
                            {
                                "componentLayout": "vod",
                                "channelId": "d839b3585edfc210VgnVCM2000002a0c10acRCRD",
                                "itemVcmId": "645fd86c2cd80310VgnVCM2000002a0c10acRCRD",
                                "galleryChannelId": "645fd86c2cd80310VgnVCM2000002a0c10acRCRD",
                                "title": "ספיישל עלמה זק",
                                "domoClick": {
                                    "content_type": "vod",
                                    "channel_depth": -1,
                                    "clicked_item_id": "645fd86c2cd80310VgnVCM2000002a0c10acRCRD",
                                    "click_type": "link",
                                    "clicked_item_url": "https://www.mako.co.il/mako-vod-keshet/eretz_nehederet-s8/VOD-645fd86c2cd8031006.htm",
                                    "clicked_channel_id": "d839b3585edfc210VgnVCM2000002a0c10acRCRD",
                                    "referring_component": "16f079a6-page-prom-refc-4bfb03e240e9"
                                },
                                "extraInfo": "פרק 20@14.06.11",
                                "pics": [
                                    {
                                        "picUrl": "https://img.mako.co.il/2021/12/19/eretz_one_on_one_alma_zak_c_i.jpg",
                                        "altText": "אחד על אחד - עלמה זק 2"
                                    }
                                ],
                                "pageUrl": "/mako-vod-keshet/eretz_nehederet-s8/VOD-645fd86c2cd8031006.htm",
                                "aIL": true,
                                "aINT": false
                            },
                            {
                                "componentLayout": "vod",
                                "channelId": "d839b3585edfc210VgnVCM2000002a0c10acRCRD",
                                "itemVcmId": "f4a24c62c22b0310VgnVCM2000002a0c10acRCRD",
                                "galleryChannelId": "f4a24c62c22b0310VgnVCM2000002a0c10acRCRD",
                                "title": "ספיישל מאור כהן",
                                "domoClick": {
                                    "content_type": "vod",
                                    "channel_depth": -1,
                                    "clicked_item_id": "f4a24c62c22b0310VgnVCM2000002a0c10acRCRD",
                                    "click_type": "link",
                                    "clicked_item_url": "https://www.mako.co.il/mako-vod-keshet/eretz_nehederet-s8/VOD-f4a24c62c22b031006.htm",
                                    "clicked_channel_id": "d839b3585edfc210VgnVCM2000002a0c10acRCRD",
                                    "referring_component": "16f079a6-page-prom-refc-4bfb03e240e9"
                                },
                                "extraInfo": "פרק 21@21.06.11",
                                "pics": [
                                    {
                                        "picUrl": "https://img.mako.co.il/2021/12/19/eretz_one_on_one_maor_cohen_vod_c_i.jpg",
                                        "altText": "אחד על אחד - מאור כהן"
                                    }
                                ],
                                "pageUrl": "/mako-vod-keshet/eretz_nehederet-s8/VOD-f4a24c62c22b031006.htm",
                                "aIL": true,
                                "aINT": false
                            },
                            {
                                "componentLayout": "vod",
                                "channelId": "d839b3585edfc210VgnVCM2000002a0c10acRCRD",
                                "itemVcmId": "5bc41b86731d0310VgnVCM2000002a0c10acRCRD",
                                "galleryChannelId": "5bc41b86731d0310VgnVCM2000002a0c10acRCRD",
                                "title": "ספיישל שני כהן",
                                "domoClick": {
                                    "content_type": "vod",
                                    "channel_depth": -1,
                                    "clicked_item_id": "5bc41b86731d0310VgnVCM2000002a0c10acRCRD",
                                    "click_type": "link",
                                    "clicked_item_url": "https://www.mako.co.il/mako-vod-keshet/eretz_nehederet-s8/VOD-5bc41b86731d031006.htm",
                                    "clicked_channel_id": "d839b3585edfc210VgnVCM2000002a0c10acRCRD",
                                    "referring_component": "16f079a6-page-prom-refc-4bfb03e240e9"
                                },
                                "extraInfo": "פרק 22@27.06.11",
                                "pics": [
                                    {
                                        "picUrl": "https://img.mako.co.il/2021/12/19/eretz_echad_shani_cohen_vod_c_i.jpg",
                                        "altText": "אחד על אחד - שני כהן"
                                    }
                                ],
                                "pageUrl": "/mako-vod-keshet/eretz_nehederet-s8/VOD-5bc41b86731d031006.htm",
                                "aIL": true,
                                "aINT": false
                            },
                            {
                                "componentLayout": "vod",
                                "channelId": "d839b3585edfc210VgnVCM2000002a0c10acRCRD",
                                "itemVcmId": "df1ee320899f0310VgnVCM2000002a0c10acRCRD",
                                "galleryChannelId": "df1ee320899f0310VgnVCM2000002a0c10acRCRD",
                                "title": "ספיישל יובל סמו",
                                "domoClick": {
                                    "content_type": "vod",
                                    "channel_depth": -1,
                                    "clicked_item_id": "df1ee320899f0310VgnVCM2000002a0c10acRCRD",
                                    "click_type": "link",
                                    "clicked_item_url": "https://www.mako.co.il/mako-vod-keshet/eretz_nehederet-s8/VOD-df1ee320899f031006.htm",
                                    "clicked_channel_id": "d839b3585edfc210VgnVCM2000002a0c10acRCRD",
                                    "referring_component": "16f079a6-page-prom-refc-4bfb03e240e9"
                                },
                                "extraInfo": "פרק 23@05.07.11",
                                "pics": [
                                    {
                                        "picUrl": "https://img.mako.co.il/2021/12/19/eretz_one_on_one_yuval_semo_c_i.jpg",
                                        "altText": "אחד על אחד - יובל סמו"
                                    }
                                ],
                                "pageUrl": "/mako-vod-keshet/eretz_nehederet-s8/VOD-df1ee320899f031006.htm",
                                "aIL": true,
                                "aINT": false
                            },
                            {
                                "componentLayout": "vod",
                                "channelId": "d839b3585edfc210VgnVCM2000002a0c10acRCRD",
                                "itemVcmId": "b519856e13ea1310VgnVCM2000002a0c10acRCRD",
                                "galleryChannelId": "b519856e13ea1310VgnVCM2000002a0c10acRCRD",
                                "title": "ספיישל ארועי המחאה",
                                "domoClick": {
                                    "content_type": "vod",
                                    "channel_depth": -1,
                                    "clicked_item_id": "b519856e13ea1310VgnVCM2000002a0c10acRCRD",
                                    "click_type": "link",
                                    "clicked_item_url": "https://www.mako.co.il/mako-vod-keshet/eretz_nehederet-s8/VOD-b519856e13ea131006.htm",
                                    "clicked_channel_id": "d839b3585edfc210VgnVCM2000002a0c10acRCRD",
                                    "referring_component": "16f079a6-page-prom-refc-4bfb03e240e9"
                                },
                                "extraInfo": "פרק 24@09.08.11",
                                "pics": [
                                    {
                                        "picUrl": "https://img.mako.co.il/2021/12/19/erertz_mehaa1_vod_autoOrient_c_i.jpg",
                                        "altText": "ספיישל אירועי המחאה"
                                    }
                                ],
                                "pageUrl": "/mako-vod-keshet/eretz_nehederet-s8/VOD-b519856e13ea131006.htm",
                                "aIL": true,
                                "aINT": false
                            }
                        ]
                    },
                    {
                        "buttonText": "קטעים קצרים",
                        "id": "shorts",
                        "vcmid": "47790a4338ef6810VgnVCM100000700a10acRCRD",
                        "channelId": "47790a4338ef6810VgnVCM100000700a10acRCRD",
                        "makoRefComp": "Shorts",
                        "pageUrl": "/mako-vod-keshet/eretz_nehederet-s8/shorts",
                        "domoClick": {
                            "content_type": "channel",
                            "channel_depth": -1,
                            "clicked_item_id": "47790a4338ef6810VgnVCM100000700a10acRCRD",
                            "click_type": "link",
                            "clicked_item_url": "https://www.mako.co.il/mako-vod-keshet/eretz_nehederet-s8/shorts",
                            "clicked_channel_id": "47790a4338ef6810VgnVCM100000700a10acRCRD",
                            "referring_component": "9ced3b0e-page-navi-refc-eb3fe7b8e0de"
                        },
                        "open": false
                    },
                    {
                        "buttonText": "קרדיטים",
                        "id": "credits",
                        "vcmid": "Credits",
                        "channelId": "d839b3585edfc210VgnVCM2000002a0c10acRCRD",
                        "makoRefComp": "Credits",
                        "pageUrl": "/mako-vod-keshet/eretz_nehederet-s22?type=credits",
                        "domoClick": {
                            "content_type": "fabricated",
                            "clicked_item_id": "a7a32f51-cred-its--id-e-0491fe30f859",
                            "click_type": "link",
                            "clicked_item_url": "https://www.mako.co.il/mako-vod-keshet/eretz_nehederet-s22?type=credits",
                            "clicked_channel_id": "bc6a5d06d46f2910VgnVCM200000650a10acRCRD",
                            "referring_component": "9ced3b0e-page-navi-refc-eb3fe7b8e0de"
                        },
                        "credits": [
                            {
                                "value": "איל קיציס",
                                "key": "host",
                                "text": "מנחה:"
                            },
                            {
                                "value": "איל קיציס, אלי פיניש, עלמה זק, מריאנו אידלמן, ליאת הר לב, ערן זרחוביץ', יובל סמו, רועי בר נתן, ירון ברלד, שני כהן, תום יער, תמיר בר, אמיר שורוש, אורי לייזרוביץ', ליאור אשכנזי, גיה באר גורביץ', יניב ביטון, אסי כהן",
                                "key": "participance",
                                "text": "משתתפים:"
                            },
                            {
                                "value": "מולי שגב | כותבים: אסף שלמון, דוד ליפשיץ, אסף גפן, איתי רייכר, אילן שפלר, שרון טייכר, עומר ריבק, דור",
                                "key": "mainEditor",
                                "text": "עורך ראשי:"
                            },
                            {
                                "value": "שירי מיכאלי",
                                "key": "producer",
                                "text": "מפיק:"
                            },
                            {
                                "value": "קשת",
                                "key": "productionCompany",
                                "text": "חברת הפקה:"
                            }
                        ]
                    }
                ],
                "historyObject": {
                    "title": "תיעוד הפרלמנט של שאולי",
                    "programId": "5cf467a604643210VgnVCM2000002a0c10acRCRD",
                    "pageUrl": "/mako-vod-keshet/eretz_nehederet-s8/VOD-9434f56ee190d21006.htm",
                    "domoClick": {
                        "content_type": "vod",
                        "channel_depth": 3,
                        "clicked_item_id": "9434f56ee190d210VgnVCM2000002a0c10acRCRD",
                        "click_type": "link",
                        "clicked_item_url": "https://www.mako.co.il/mako-vod-keshet/eretz_nehederet-s8/VOD-9434f56ee190d21006.htm",
                        "clicked_channel_id": "d839b3585edfc210VgnVCM2000002a0c10acRCRD",
                        "referring_component": "ERROR_NO_REFERRER"
                    },
                    "picUrl": "https://img.mako.co.il/2021/12/19/eretz8_01_13shauli_c_i.jpg",
                    "hero": {
                        "title": "ארץ נהדרת",
                        "extraInfo": "עונה 8@פרק 1@21.12.10",
                        "picUrl": "https://img.mako.co.il/2021/07/15/eretz_8_HD_re.jpg",
                        "logo": "https://img.mako.co.il/2022/06/21/logo_eretz.png",
                        "subtitle": "תיעוד הפרלמנט של שאולי",
                        "description": "סיקור נרחב של קמפיין הפרסום של דינדי השקעות"
                    },
                    "buttonText": "להמשך צפייה בעונה 8 פרק 1",
                    "seasonUrl": "/mako-vod-keshet/eretz_nehederet-s8",
                    "sch": "d839b3585edfc210"
                }
            }
        },
        "__N_SSP": true
    },
    "page": "/[mako_vod_channel]/[program]",
    "query": {
        "mako_vod_channel": "mako-vod-keshet",
        "program": "eretz_nehederet-s8"
    },
    "buildId": "5.15.0",
    "assetPrefix": "/mako-vod",
    "isFallback": false,
    "gssp": true,
    "customServer": true,
    "scriptLoader": []
}