{
    "props": {
        "pageProps": {
            "menu": {
                "lastUpdate": "Mon, 11 Nov 2024 20:13:31 +0200",
                "timestamp": 1731348811316,
                "header": {
                    "guid": "00b23f399647c710VgnVCM200000650a10acRCRD",
                    "categories": [
                        {
                            "name": "ראשי",
                            "icon": "https://img.mako.co.il/2021/10/10/home.png",
                            "url": "/mako-vod",
                            "domoClick": {
                                "content_type": "channel",
                                "channel_depth": 1,
                                "teaser_id": "a27a2dcbacf4c710VgnVCM200000650a10acRCRD",
                                "clicked_item_id": "b5f4c13070733210VgnVCM2000002a0c10acRCRD",
                                "click_type": "link",
                                "clicked_channel_id": "b5f4c13070733210VgnVCM2000002a0c10acRCRD",
                                "referring_component": "8eb76bc8-glob-navi-refc-2ad659ccef22",
                                "clicked_item_url": "https://www.mako.co.il/mako-vod"
                            }
                        },
                        {
                            "name": "LIVE",
                            "icon": "https://img.mako.co.il/2021/10/10/live.png",
                            "url": "/mako-vod-live-tv/VOD-6540b8dcb64fd31006.htm",
                            "domoClick": {
                                "content_type": "vod",
                                "channel_depth": 1,
                                "teaser_id": "a66819cdc7a6c710VgnVCM100000700a10acRCRD",
                                "clicked_item_id": "6540b8dcb64fd310VgnVCM2000002a0c10acRCRD",
                                "click_type": "link",
                                "clicked_channel_id": "5d28d21b4580e310VgnVCM2000002a0c10acRCRD",
                                "referring_component": "8eb76bc8-glob-navi-refc-2ad659ccef22",
                                "clicked_item_url": "https://www.mako.co.il/mako-vod-live-tv/VOD-6540b8dcb64fd31006.htm"
                            }
                        },
                        {
                            "name": "תוכניות",
                            "icon": "https://img.mako.co.il/2021/10/10/index.png",
                            "url": "/mako-vod-index",
                            "domoClick": {
                                "content_type": "channel",
                                "channel_depth": 2,
                                "teaser_id": "3e8819cdc7a6c710VgnVCM100000700a10acRCRD",
                                "clicked_item_id": "05c2e4caebbe3210VgnVCM100000290c10acRCRD",
                                "click_type": "link",
                                "clicked_channel_id": "05c2e4caebbe3210VgnVCM100000290c10acRCRD",
                                "referring_component": "8eb76bc8-glob-navi-refc-2ad659ccef22",
                                "clicked_item_url": "https://www.mako.co.il/mako-vod-index"
                            }
                        }
                    ]
                },
                "footer": {
                    "guid": "bc533f399647c710VgnVCM200000650a10acRCRD",
                    "categories": [
                        {
                            "name": "אודות +12",
                            "url": "https://makospecial.co.il/about-12plus?makoOpenChromeTabs=1?partner=12plusFooterLinks",
                            "domoClick": {
                                "content_type": "unknown",
                                "channel_depth": -1,
                                "teaser_id": "6b2a6503efec9810VgnVCM200000650a10acRCRD",
                                "clicked_item_id": "unknown",
                                "click_type": "link",
                                "clicked_channel_id": "unknown",
                                "referring_component": "2d2c13d6-glob-foot-refc-de190b394505",
                                "clicked_item_url": "https://makospecial.co.il/about-12plus?makoOpenChromeTabs=1?partner=12plusFooterLinks"
                            }
                        },
                        {
                            "name": "עזרה",
                            "url": "https://www.mako.co.il/mako-vod-help",
                            "domoClick": {
                                "content_type": "channel",
                                "channel_depth": 2,
                                "teaser_id": "1a0e40b549a6c710VgnVCM100000700a10acRCRD",
                                "clicked_item_id": "f13ad9f49196e710VgnVCM200000650a10acRCRD",
                                "click_type": "link",
                                "clicked_channel_id": "f13ad9f49196e710VgnVCM200000650a10acRCRD",
                                "referring_component": "2d2c13d6-glob-foot-refc-de190b394505",
                                "clicked_item_url": "https://www.mako.co.il/mako-vod-help"
                            }
                        },
                        {
                            "name": "לפנייה במייל",
                            "url": "mail",
                            "domoClick": {
                                "content_type": "channel",
                                "channel_depth": 0,
                                "teaser_id": "f4ca40b549a6c710VgnVCM100000700a10acRCRD",
                                "clicked_item_id": "3d385dd2dd5d4110VgnVCM100000290c10acRCRD",
                                "click_type": "link",
                                "clicked_channel_id": "3d385dd2dd5d4110VgnVCM100000290c10acRCRD",
                                "referring_component": "2d2c13d6-glob-foot-refc-de190b394505",
                                "clicked_item_url": "https://www.mako.co.ilmail"
                            }
                        },
                        {
                            "name": "לפנייה ב whatsapp",
                            "url": "https://wa.me/972502010818",
                            "domoClick": {
                                "content_type": "unknown",
                                "channel_depth": -1,
                                "teaser_id": "27c4464ed643c810VgnVCM100000700a10acRCRD",
                                "clicked_item_id": "unknown",
                                "click_type": "link",
                                "clicked_channel_id": "unknown",
                                "referring_component": "2d2c13d6-glob-foot-refc-de190b394505",
                                "clicked_item_url": "https://wa.me/972502010818"
                            }
                        },
                        {
                            "name": "תקנון",
                            "url": "https://www.mako.co.il/mako-vod-help/Article-dd0b75e6b096e71026.htm?partner=12plusFooterLinks",
                            "domoClick": {
                                "content_type": "Article",
                                "channel_depth": 2,
                                "teaser_id": "757f40b549a6c710VgnVCM100000700a10acRCRD",
                                "clicked_item_id": "dd0b75e6b096e710VgnVCM200000650a10acRCRD",
                                "click_type": "link",
                                "clicked_channel_id": "f13ad9f49196e710VgnVCM200000650a10acRCRD",
                                "referring_component": "2d2c13d6-glob-foot-refc-de190b394505",
                                "clicked_item_url": "https://www.mako.co.il/mako-vod-help/Article-dd0b75e6b096e71026.htm?partner=12plusFooterLinks"
                            }
                        },
                        {
                            "name": "הסדרי נגישות",
                            "url": "https://www.mako.co.il/help-5bb6bf4ccf39c110/Article-b7ff18a9de86471026.htm?partner=12plusFooterLinks",
                            "domoClick": {
                                "content_type": "Article",
                                "channel_depth": 2,
                                "teaser_id": "23f4495772220810VgnVCM200000650a10acRCRD",
                                "clicked_item_id": "b7ff18a9de864710VgnVCM200000650a10acRCRD",
                                "click_type": "link",
                                "clicked_channel_id": "5bb6bf4ccf39c110VgnVCM100000290c10acRCRD",
                                "referring_component": "2d2c13d6-glob-foot-refc-de190b394505",
                                "clicked_item_url": "https://www.mako.co.il/help-5bb6bf4ccf39c110/Article-b7ff18a9de86471026.htm?partner=12plusFooterLinks"
                            }
                        },
                        {
                            "name": "מדיניות פרטיות ותנאי שימוש",
                            "url": "https://www.mako.co.il/help-terms-of-use/Article-d37908dd1674c11006.htm?partner=12plusFooterLinks",
                            "domoClick": {
                                "content_type": "Article",
                                "channel_depth": 2,
                                "teaser_id": "e5c040b549a6c710VgnVCM100000700a10acRCRD",
                                "clicked_item_id": "d37908dd1674c110VgnVCM2000002a0c10acRCRD",
                                "click_type": "link",
                                "clicked_channel_id": "345705dfcebcb110VgnVCM2000002a0c10acRCRD",
                                "referring_component": "2d2c13d6-glob-foot-refc-de190b394505",
                                "clicked_item_url": "https://www.mako.co.il/help-terms-of-use/Article-d37908dd1674c11006.htm?partner=12plusFooterLinks"
                            }
                        }
                    ]
                }
            },
            "logos": {
                "lastUpdate": "Mon, 11 Nov 2024 20:13:31 +0200",
                "timestamp": 1731348811093,
                "headerLogo": {
                    "guid": "9dabeac4fa6cc710VgnVCM200000650a10acRCRD",
                    "desktopLogo": "https://img.mako.co.il/2024/10/10/logo-12-desktop.png",
                    "mobileWebLogo": "https://img.mako.co.il/2024/10/10/LOGO_12_mobile.png",
                    "mobileAppLogo": "https://img.mako.co.il/2024/10/09/LOGO_12__mobileApp.png",
                    "smartTVLogo": "https://img.mako.co.il/2021/10/28/Logo_12+_smartTV.png"
                }
            },
            "data": {
                "lastUpdate": "Sat, 09 Nov 2024 05:44:55 +0200",
                "timestamp": 1731123895785,
                "pageType": "Subvertical",
                "channelId": "2c9f87e7250f4310VgnVCM2000002a0c10acRCRD",
                "sch": "2c9f87e7250f4310",
                "channelName": "עונה 9",
                "pageUrl": "/mako-vod-keshet/eretz_nehederet-s9",
                "domoPageView": {
                    "content_type": "channel",
                    "page_url": "https://www.mako.co.il/mako-vod-keshet/eretz_nehederet-s9",
                    "channel_depth": 3,
                    "item_id": "2c9f87e7250f4310VgnVCM2000002a0c10acRCRD",
                    "channel_id": "2c9f87e7250f4310VgnVCM2000002a0c10acRCRD",
                    "is_blocked_content": {
                        "israel": 0,
                        "international": 0
                    }
                },
                "preload": true,
                "makoCatDFP": {
                    "cust_params": {
                        "location_sub_campaign": "%LOCATION_SUB_CAMPAIGN%",
                        "payinguser": "%IS_PAYING_USER%",
                        "video_from_time": "%VIDEO_FROM_TIME%",
                        "bundleId": "%PRODUCT_BUNDLE_ID%",
                        "pushTags": "%PUSH_TAGS%",
                        "language": "%LANGUAGE%",
                        "locale": "%LOCALE%",
                        "deviceid": "%DEVICE_ID%",
                        "version": "%VERSION%",
                        "devicetype": "%DEVICE_TYPE%",
                        "MAKOPAGE": "%GUID%",
                        "advertiserId": "%ADVERTISER_ID%",
                        "carrier": "%CARRIER%",
                        "LEVEL4": "vod_eretz",
                        "osVersion": "%OS_VERSION%",
                        "LEVEL5": "vod_eretz_s9",
                        "paidContent": "%IS_PAID_CONTENT%",
                        "appid": "%APP_ID%",
                        "makoHN": "%HOUSE_NUMBERS%",
                        "random_number": "%RANDOM_NUMBER%",
                        "osType": "%OS_TYPE%",
                        "deviceModel": "%DEVICE_MODEL%",
                        "pushTrigger": "%PUSH_TRIGGER%"
                    },
                    "iu": "/242748299/mako/vod/vod_keshet/"
                },
                "seo": {
                    "title": "ארץ נהדרת, עונה 9 - לצפייה ישירה",
                    "description": "ארץ נהדרת עונה 9 לצפייה ישירה. גלעד שליט משוחרר, נתניהו מאיים לתקוף באירן ושני המדענים בכור עוקבים בעניין. הנוער של מ\"תגלית\" מסייר בארץ וגילה אלמגור עושה דרמה",
                    "type": "tv_show",
                    "image": "https://img.mako.co.il/2021/03/25/eretz_yaniv_HD_Size2_autoOrient_i.jpg",
                    "canonical": "https://www.mako.co.il/mako-vod-keshet/eretz_nehederet-s9",
                    "schema": {
                        "@context": "https://schema.org",
                        "@type": "TVSeason",
                        "name": "עונה 9",
                        "description": "גלעד שליט משוחרר, נתניהו מאיים לתקוף באירן ושני המדענים בכור עוקבים בעניין. הנוער של מ\"תגלית\" מסייר בארץ, גילה אלמגור עושה דרמה ואתניקס זזים כמו נחמה",
                        "image": "https://img.mako.co.il/2021/03/25/eretz_yaniv_HD_Size2_autoOrient_i.jpg",
                        "numberOfEpisodes": 15,
                        "url": "https://www.mako.co.il/mako-vod-keshet/eretz_nehederet-s9",
                        "partOfTVSeries": {
                            "@type": "TVSeries",
                            "name": "ארץ נהדרת",
                            "url": "https://www.mako.co.il/mako-vod-keshet/eretz_nehederet"
                        },
                        "genre": [
                            "בידור",
                            "קומדיה"
                        ],
                        "provider": {
                            "@type": "Organization",
                            "name": "תכניות קשת"
                        },
                        "publisher": {
                            "@type": "NewsMediaOrganization",
                            "name": "שידורי קשת"
                        },
                        "sameAs": [
                            "https://www.mako.co.il/tv-erez-nehederet/cc0e3d99ade16110"
                        ]
                    }
                },
                "vod": {
                    "channelId": "2c9f87e7250f4310VgnVCM2000002a0c10acRCRD",
                    "itemVcmId": "504a54cebe405310VgnVCM2000002a0c10acRCRD",
                    "galleryChannelId": "504a54cebe405310VgnVCM2000002a0c10acRCRD",
                    "programId": "5cf467a604643210VgnVCM2000002a0c10acRCRD",
                    "mostCurrent": false,
                    "domoPlay": {
                        "content_type": "vod",
                        "channel_depth": 3,
                        "item_id": "504a54cebe405310VgnVCM2000002a0c10acRCRD",
                        "channel_id": "2c9f87e7250f4310VgnVCM2000002a0c10acRCRD"
                    },
                    "pageUrl": "/mako-vod-keshet/eretz_nehederet-s9/VOD-504a54cebe40531006.htm",
                    "domoClick": {
                        "content_type": "vod",
                        "channel_depth": -1,
                        "clicked_item_id": "504a54cebe405310VgnVCM2000002a0c10acRCRD",
                        "click_type": "link",
                        "clicked_item_url": "https://www.mako.co.il/mako-vod-keshet/eretz_nehederet-s9/VOD-504a54cebe40531006.htm",
                        "clicked_channel_id": "2c9f87e7250f4310VgnVCM2000002a0c10acRCRD",
                        "referring_component": "080b8750-hero-41d9-refc-e6bfe67f099c"
                    },
                    "aIL": true,
                    "aINT": true,
                    "iPromoType": "Program"
                },
                "hero": {
                    "extraInfo": "23 עונות",
                    "itemVcmId": "361c9787b4e99710VgnVCM100000700a10acRCRD",
                    "channelId": "2c9f87e7250f4310VgnVCM2000002a0c10acRCRD",
                    "logo": "https://img.mako.co.il/2022/06/21/logo_eretz.png",
                    "logoAltText": "לוגו ארץ נהדרת 2016",
                    "description": "גלעד שליט משוחרר, נתניהו מאיים לתקוף באירן ושני המדענים בכור עוקבים בעניין. הנוער של מ\"תגלית\" מסייר בארץ, גילה אלמגור עושה דרמה ואתניקס זזים כמו נחמה",
                    "pics": [
                        {
                            "picUrl": "https://img.mako.co.il/2021/04/19/irena_shauli_HD_re.jpg",
                            "altText": "ארץ נהדרת - שאולי ואירנה - HD, כרטיס אשראי, ז'אנר, מובייל"
                        },
                        {
                            "picUrl": "https://img.mako.co.il/2021/04/19/agas_HD_re.jpg",
                            "altText": "ארץ נהדרת - אגס קימל - HD, כרטיס אשראי, ז'אנר, מובייל"
                        },
                        {
                            "picUrl": "https://img.mako.co.il/2021/04/19/taxi_HD_re.jpg",
                            "altText": "ארץ נהדרת - אשר - HD, כרטיס אשראי, מובייל, ז'אנר"
                        },
                        {
                            "picUrl": "https://img.mako.co.il/2021/04/19/tortelim_HD_re.jpg",
                            "altText": "ארץ נהדרת - טורטלים - HD, ז'אנר, מובייל"
                        },
                        {
                            "picUrl": "https://img.mako.co.il/2021/04/19/rokahat_HD_re.jpg",
                            "altText": "ארץ נהדרת - רוקחת - HD, ז'אנר, כרטיס אשראי, מובייל"
                        },
                        {
                            "picUrl": "https://img.mako.co.il/2021/04/19/benet_other_HD_re.jpg",
                            "altText": "ארץ נהדרת - בנט שקד ואחרים - HD"
                        }
                    ],
                    "mobilePics": [
                        {
                            "picUrl": "https://img.mako.co.il/2021/08/22/eretz_9_e.jpg",
                            "altText": "ארץ נהדרת עונה 9 - HD, ז'אנר, מובייל, כרטיס אשראי"
                        }
                    ],
                    "buttonText": "עונה 9 פרק 1",
                    "makoRefComp": "Specific_Episode"
                },
                "seasons": [
                    {
                        "current": false,
                        "seasonTitle": "עונה 1",
                        "pageUrl": "/mako-vod-keshet/eretz_nehederet-s1",
                        "domoClick": {
                            "content_type": "channel",
                            "channel_depth": -1,
                            "clicked_item_id": "bae667a604643210VgnVCM2000002a0c10acRCRD",
                            "click_type": "link",
                            "clicked_item_url": "https://www.mako.co.il/mako-vod-keshet/eretz_nehederet-s1",
                            "clicked_channel_id": "bae667a604643210VgnVCM2000002a0c10acRCRD",
                            "referring_component": "9ced3b0e-page-navi-refc-eb3fe7b8e0de"
                        }
                    },
                    {
                        "current": false,
                        "seasonTitle": "עונה 2",
                        "pageUrl": "/mako-vod-keshet/eretz_nehederet-s2",
                        "domoClick": {
                            "content_type": "channel",
                            "channel_depth": -1,
                            "clicked_item_id": "3d9af64d35643210VgnVCM2000002a0c10acRCRD",
                            "click_type": "link",
                            "clicked_item_url": "https://www.mako.co.il/mako-vod-keshet/eretz_nehederet-s2",
                            "clicked_channel_id": "3d9af64d35643210VgnVCM2000002a0c10acRCRD",
                            "referring_component": "9ced3b0e-page-navi-refc-eb3fe7b8e0de"
                        }
                    },
                    {
                        "current": false,
                        "seasonTitle": "עונה 3",
                        "pageUrl": "/mako-vod-keshet/eretz_nehederet-s3",
                        "domoClick": {
                            "content_type": "channel",
                            "channel_depth": -1,
                            "clicked_item_id": "43cef64d35643210VgnVCM2000002a0c10acRCRD",
                            "click_type": "link",
                            "clicked_item_url": "https://www.mako.co.il/mako-vod-keshet/eretz_nehederet-s3",
                            "clicked_channel_id": "43cef64d35643210VgnVCM2000002a0c10acRCRD",
                            "referring_component": "9ced3b0e-page-navi-refc-eb3fe7b8e0de"
                        }
                    },
                    {
                        "current": false,
                        "seasonTitle": "עונה 4",
                        "pageUrl": "/mako-vod-keshet/eretz_nehederet-s4",
                        "domoClick": {
                            "content_type": "channel",
                            "channel_depth": -1,
                            "clicked_item_id": "d251f64d35643210VgnVCM2000002a0c10acRCRD",
                            "click_type": "link",
                            "clicked_item_url": "https://www.mako.co.il/mako-vod-keshet/eretz_nehederet-s4",
                            "clicked_channel_id": "d251f64d35643210VgnVCM2000002a0c10acRCRD",
                            "referring_component": "9ced3b0e-page-navi-refc-eb3fe7b8e0de"
                        }
                    },
                    {
                        "current": false,
                        "seasonTitle": "עונה 5",
                        "pageUrl": "/mako-vod-keshet/eretz_nehederet-s5",
                        "domoClick": {
                            "content_type": "channel",
                            "channel_depth": -1,
                            "clicked_item_id": "7a03f64d35643210VgnVCM2000002a0c10acRCRD",
                            "click_type": "link",
                            "clicked_item_url": "https://www.mako.co.il/mako-vod-keshet/eretz_nehederet-s5",
                            "clicked_channel_id": "7a03f64d35643210VgnVCM2000002a0c10acRCRD",
                            "referring_component": "9ced3b0e-page-navi-refc-eb3fe7b8e0de"
                        }
                    },
                    {
                        "current": false,
                        "seasonTitle": "עונה 6",
                        "pageUrl": "/mako-vod-keshet/eretz_nehederet-s6",
                        "domoClick": {
                            "content_type": "channel",
                            "channel_depth": -1,
                            "clicked_item_id": "1144f64d35643210VgnVCM2000002a0c10acRCRD",
                            "click_type": "link",
                            "clicked_item_url": "https://www.mako.co.il/mako-vod-keshet/eretz_nehederet-s6",
                            "clicked_channel_id": "1144f64d35643210VgnVCM2000002a0c10acRCRD",
                            "referring_component": "9ced3b0e-page-navi-refc-eb3fe7b8e0de"
                        }
                    },
                    {
                        "current": false,
                        "seasonTitle": "עונה 7",
                        "pageUrl": "/mako-vod-keshet/eretz_nehederet-s7",
                        "domoClick": {
                            "content_type": "channel",
                            "channel_depth": -1,
                            "clicked_item_id": "d0990484ddef5210VgnVCM2000002a0c10acRCRD",
                            "click_type": "link",
                            "clicked_item_url": "https://www.mako.co.il/mako-vod-keshet/eretz_nehederet-s7",
                            "clicked_channel_id": "d0990484ddef5210VgnVCM2000002a0c10acRCRD",
                            "referring_component": "9ced3b0e-page-navi-refc-eb3fe7b8e0de"
                        }
                    },
                    {
                        "current": false,
                        "seasonTitle": "עונה 8",
                        "pageUrl": "/mako-vod-keshet/eretz_nehederet-s8",
                        "domoClick": {
                            "content_type": "channel",
                            "channel_depth": -1,
                            "clicked_item_id": "d839b3585edfc210VgnVCM2000002a0c10acRCRD",
                            "click_type": "link",
                            "clicked_item_url": "https://www.mako.co.il/mako-vod-keshet/eretz_nehederet-s8",
                            "clicked_channel_id": "d839b3585edfc210VgnVCM2000002a0c10acRCRD",
                            "referring_component": "9ced3b0e-page-navi-refc-eb3fe7b8e0de"
                        }
                    },
                    {
                        "current": true,
                        "seasonTitle": "עונה 9",
                        "pageUrl": "/mako-vod-keshet/eretz_nehederet-s9",
                        "domoClick": {
                            "content_type": "channel",
                            "channel_depth": -1,
                            "clicked_item_id": "2c9f87e7250f4310VgnVCM2000002a0c10acRCRD",
                            "click_type": "link",
                            "clicked_item_url": "https://www.mako.co.il/mako-vod-keshet/eretz_nehederet-s9",
                            "clicked_channel_id": "2c9f87e7250f4310VgnVCM2000002a0c10acRCRD",
                            "referring_component": "9ced3b0e-page-navi-refc-eb3fe7b8e0de"
                        }
                    },
                    {
                        "current": false,
                        "seasonTitle": "עונה 10",
                        "pageUrl": "/mako-vod-keshet/eretz_nehederet-s10",
                        "domoClick": {
                            "content_type": "channel",
                            "channel_depth": -1,
                            "clicked_item_id": "fa4d7c38f47cb310VgnVCM2000002a0c10acRCRD",
                            "click_type": "link",
                            "clicked_item_url": "https://www.mako.co.il/mako-vod-keshet/eretz_nehederet-s10",
                            "clicked_channel_id": "fa4d7c38f47cb310VgnVCM2000002a0c10acRCRD",
                            "referring_component": "9ced3b0e-page-navi-refc-eb3fe7b8e0de"
                        }
                    },
                    {
                        "current": false,
                        "seasonTitle": "עונה 11",
                        "pageUrl": "/mako-vod-keshet/eretz_nehederet-s11",
                        "domoClick": {
                            "content_type": "channel",
                            "channel_depth": -1,
                            "clicked_item_id": "5adfa33919243410VgnVCM2000002a0c10acRCRD",
                            "click_type": "link",
                            "clicked_item_url": "https://www.mako.co.il/mako-vod-keshet/eretz_nehederet-s11",
                            "clicked_channel_id": "5adfa33919243410VgnVCM2000002a0c10acRCRD",
                            "referring_component": "9ced3b0e-page-navi-refc-eb3fe7b8e0de"
                        }
                    },
                    {
                        "current": false,
                        "seasonTitle": "עונה 12",
                        "pageUrl": "/mako-vod-keshet/eretz_nehederet-s12",
                        "domoClick": {
                            "content_type": "channel",
                            "channel_depth": -1,
                            "clicked_item_id": "de317051b0cfa410VgnVCM2000002a0c10acRCRD",
                            "click_type": "link",
                            "clicked_item_url": "https://www.mako.co.il/mako-vod-keshet/eretz_nehederet-s12",
                            "clicked_channel_id": "de317051b0cfa410VgnVCM2000002a0c10acRCRD",
                            "referring_component": "9ced3b0e-page-navi-refc-eb3fe7b8e0de"
                        }
                    },
                    {
                        "current": false,
                        "seasonTitle": "עונה 13",
                        "pageUrl": "/mako-vod-keshet/eretz_nehederet-s13",
                        "domoClick": {
                            "content_type": "channel",
                            "channel_depth": -1,
                            "clicked_item_id": "d1417e27b9382510VgnVCM2000002a0c10acRCRD",
                            "click_type": "link",
                            "clicked_item_url": "https://www.mako.co.il/mako-vod-keshet/eretz_nehederet-s13",
                            "clicked_channel_id": "d1417e27b9382510VgnVCM2000002a0c10acRCRD",
                            "referring_component": "9ced3b0e-page-navi-refc-eb3fe7b8e0de"
                        }
                    },
                    {
                        "current": false,
                        "seasonTitle": "עונה 14",
                        "pageUrl": "/mako-vod-keshet/eretz_nehederet-s14",
                        "domoClick": {
                            "content_type": "channel",
                            "channel_depth": -1,
                            "clicked_item_id": "00cb73568955a510VgnVCM2000002a0c10acRCRD",
                            "click_type": "link",
                            "clicked_item_url": "https://www.mako.co.il/mako-vod-keshet/eretz_nehederet-s14",
                            "clicked_channel_id": "00cb73568955a510VgnVCM2000002a0c10acRCRD",
                            "referring_component": "9ced3b0e-page-navi-refc-eb3fe7b8e0de"
                        }
                    },
                    {
                        "current": false,
                        "seasonTitle": "עונה 15",
                        "pageUrl": "/mako-vod-keshet/eretz_nehederet-s15",
                        "domoClick": {
                            "content_type": "channel",
                            "channel_depth": -1,
                            "clicked_item_id": "6ca45b54fd76f510VgnVCM2000002a0c10acRCRD",
                            "click_type": "link",
                            "clicked_item_url": "https://www.mako.co.il/mako-vod-keshet/eretz_nehederet-s15",
                            "clicked_channel_id": "6ca45b54fd76f510VgnVCM2000002a0c10acRCRD",
                            "referring_component": "9ced3b0e-page-navi-refc-eb3fe7b8e0de"
                        }
                    },
                    {
                        "current": false,
                        "seasonTitle": "עונה 16",
                        "pageUrl": "/mako-vod-keshet/eretz_nehederet-s-16",
                        "domoClick": {
                            "content_type": "channel",
                            "channel_depth": -1,
                            "clicked_item_id": "943afc01ace08610VgnVCM2000002a0c10acRCRD",
                            "click_type": "link",
                            "clicked_item_url": "https://www.mako.co.il/mako-vod-keshet/eretz_nehederet-s-16",
                            "clicked_channel_id": "943afc01ace08610VgnVCM2000002a0c10acRCRD",
                            "referring_component": "9ced3b0e-page-navi-refc-eb3fe7b8e0de"
                        }
                    },
                    {
                        "current": false,
                        "seasonTitle": "עונה 17",
                        "pageUrl": "/mako-vod-keshet/eretz_nehederet-s17",
                        "domoClick": {
                            "content_type": "channel",
                            "channel_depth": -1,
                            "clicked_item_id": "19cc03b59965f610VgnVCM200000650a10acRCRD",
                            "click_type": "link",
                            "clicked_item_url": "https://www.mako.co.il/mako-vod-keshet/eretz_nehederet-s17",
                            "clicked_channel_id": "19cc03b59965f610VgnVCM200000650a10acRCRD",
                            "referring_component": "9ced3b0e-page-navi-refc-eb3fe7b8e0de"
                        }
                    },
                    {
                        "current": false,
                        "seasonTitle": "עוד כותרות",
                        "pageUrl": "/mako-vod-keshet/eretz_nehederet-more_headlines",
                        "domoClick": {
                            "content_type": "channel",
                            "channel_depth": -1,
                            "clicked_item_id": "42d5b1b0749b3710VgnVCM100000700a10acRCRD",
                            "click_type": "link",
                            "clicked_item_url": "https://www.mako.co.il/mako-vod-keshet/eretz_nehederet-more_headlines",
                            "clicked_channel_id": "42d5b1b0749b3710VgnVCM100000700a10acRCRD",
                            "referring_component": "9ced3b0e-page-navi-refc-eb3fe7b8e0de"
                        }
                    },
                    {
                        "current": false,
                        "seasonTitle": "עונה 18",
                        "pageUrl": "/mako-vod-keshet/eretz_nehederet-s18",
                        "domoClick": {
                            "content_type": "channel",
                            "channel_depth": -1,
                            "clicked_item_id": "17d1ef997de86710VgnVCM100000700a10acRCRD",
                            "click_type": "link",
                            "clicked_item_url": "https://www.mako.co.il/mako-vod-keshet/eretz_nehederet-s18",
                            "clicked_channel_id": "17d1ef997de86710VgnVCM100000700a10acRCRD",
                            "referring_component": "9ced3b0e-page-navi-refc-eb3fe7b8e0de"
                        }
                    },
                    {
                        "current": false,
                        "seasonTitle": "עונה 19",
                        "pageUrl": "/mako-vod-keshet/eretz_nehederet-s19",
                        "domoClick": {
                            "content_type": "channel",
                            "channel_depth": -1,
                            "clicked_item_id": "d371563eb8bec710VgnVCM200000650a10acRCRD",
                            "click_type": "link",
                            "clicked_item_url": "https://www.mako.co.il/mako-vod-keshet/eretz_nehederet-s19",
                            "clicked_channel_id": "d371563eb8bec710VgnVCM200000650a10acRCRD",
                            "referring_component": "9ced3b0e-page-navi-refc-eb3fe7b8e0de"
                        }
                    },
                    {
                        "current": false,
                        "seasonTitle": "עונה 20",
                        "pageUrl": "/mako-vod-keshet/eretz_nehederet-s20",
                        "domoClick": {
                            "content_type": "channel",
                            "channel_depth": -1,
                            "clicked_item_id": "20bf32f4a0a53810VgnVCM100000700a10acRCRD",
                            "click_type": "link",
                            "clicked_item_url": "https://www.mako.co.il/mako-vod-keshet/eretz_nehederet-s20",
                            "clicked_channel_id": "20bf32f4a0a53810VgnVCM100000700a10acRCRD",
                            "referring_component": "9ced3b0e-page-navi-refc-eb3fe7b8e0de"
                        }
                    },
                    {
                        "current": false,
                        "seasonTitle": "עונה 21",
                        "pageUrl": "/mako-vod-keshet/eretz_nehederet-s21",
                        "domoClick": {
                            "content_type": "channel",
                            "channel_depth": -1,
                            "clicked_item_id": "b5ae2a8ecab7b810VgnVCM100000700a10acRCRD",
                            "click_type": "link",
                            "clicked_item_url": "https://www.mako.co.il/mako-vod-keshet/eretz_nehederet-s21",
                            "clicked_channel_id": "b5ae2a8ecab7b810VgnVCM100000700a10acRCRD",
                            "referring_component": "9ced3b0e-page-navi-refc-eb3fe7b8e0de"
                        }
                    },
                    {
                        "current": false,
                        "seasonTitle": "עונה 22",
                        "pageUrl": "/mako-vod-keshet/eretz_nehederet-s22",
                        "domoClick": {
                            "content_type": "channel",
                            "channel_depth": -1,
                            "clicked_item_id": "bc6a5d06d46f2910VgnVCM200000650a10acRCRD",
                            "click_type": "link",
                            "clicked_item_url": "https://www.mako.co.il/mako-vod-keshet/eretz_nehederet-s22",
                            "clicked_channel_id": "bc6a5d06d46f2910VgnVCM200000650a10acRCRD",
                            "referring_component": "9ced3b0e-page-navi-refc-eb3fe7b8e0de"
                        }
                    }
                ],
                "menu": [
                    {
                        "buttonText": "פרקים",
                        "id": "allEpisodes",
                        "vcmid": "2c9f87e7250f4310VgnVCM2000002a0c10acRCRD",
                        "channelId": "2c9f87e7250f4310VgnVCM2000002a0c10acRCRD",
                        "makoRefComp": "All_Episodes",
                        "pageUrl": "/mako-vod-keshet/eretz_nehederet-s9",
                        "domoClick": {
                            "content_type": "channel",
                            "channel_depth": -1,
                            "clicked_item_id": "2c9f87e7250f4310VgnVCM2000002a0c10acRCRD",
                            "click_type": "link",
                            "clicked_item_url": "https://www.mako.co.il/mako-vod-keshet/eretz_nehederet-s9",
                            "clicked_channel_id": "2c9f87e7250f4310VgnVCM2000002a0c10acRCRD",
                            "referring_component": "9ced3b0e-page-navi-refc-eb3fe7b8e0de"
                        },
                        "open": true,
                        "vods": [
                            {
                                "componentLayout": "vod",
                                "channelId": "2c9f87e7250f4310VgnVCM2000002a0c10acRCRD",
                                "itemVcmId": "504a54cebe405310VgnVCM2000002a0c10acRCRD",
                                "galleryChannelId": "504a54cebe405310VgnVCM2000002a0c10acRCRD",
                                "title": "יאיר לפיד מסביר איפה הכסף",
                                "pageUrl": "/mako-vod-keshet/eretz_nehederet-s9/VOD-504a54cebe40531006.htm",
                                "domoClick": {
                                    "content_type": "vod",
                                    "channel_depth": -1,
                                    "clicked_item_id": "504a54cebe405310VgnVCM2000002a0c10acRCRD",
                                    "click_type": "link",
                                    "clicked_item_url": "https://www.mako.co.il/mako-vod-keshet/eretz_nehederet-s9/VOD-504a54cebe40531006.htm",
                                    "clicked_channel_id": "2c9f87e7250f4310VgnVCM2000002a0c10acRCRD",
                                    "referring_component": "16f079a6-page-prom-refc-4bfb03e240e9"
                                },
                                "pics": [
                                    {
                                        "picUrl": "https://img.mako.co.il/2021/12/19/Eretz9_01_VOD_c_i.jpg",
                                        "altText": "פרק 1"
                                    }
                                ],
                                "extraInfo": "פרק 1@22.01.12",
                                "aIL": true,
                                "aINT": true
                            },
                            {
                                "componentLayout": "vod",
                                "channelId": "2c9f87e7250f4310VgnVCM2000002a0c10acRCRD",
                                "itemVcmId": "fe065faeffd25310VgnVCM2000002a0c10acRCRD",
                                "galleryChannelId": "fe065faeffd25310VgnVCM2000002a0c10acRCRD",
                                "title": "מה באמת קורה בכור האירני?",
                                "pageUrl": "/mako-vod-keshet/eretz_nehederet-s9/VOD-fe065faeffd2531006.htm",
                                "domoClick": {
                                    "content_type": "vod",
                                    "channel_depth": -1,
                                    "clicked_item_id": "fe065faeffd25310VgnVCM2000002a0c10acRCRD",
                                    "click_type": "link",
                                    "clicked_item_url": "https://www.mako.co.il/mako-vod-keshet/eretz_nehederet-s9/VOD-fe065faeffd2531006.htm",
                                    "clicked_channel_id": "2c9f87e7250f4310VgnVCM2000002a0c10acRCRD",
                                    "referring_component": "16f079a6-page-prom-refc-4bfb03e240e9"
                                },
                                "pics": [
                                    {
                                        "picUrl": "https://img.mako.co.il/2021/12/19/eretz9_2_7iran_c_i.jpg",
                                        "altText": "הכור הגרעיני באירן"
                                    }
                                ],
                                "extraInfo": "פרק 2@30.01.12",
                                "aIL": true,
                                "aINT": false
                            },
                            {
                                "componentLayout": "vod",
                                "channelId": "2c9f87e7250f4310VgnVCM2000002a0c10acRCRD",
                                "itemVcmId": "f906b8a86e155310VgnVCM2000002a0c10acRCRD",
                                "galleryChannelId": "f906b8a86e155310VgnVCM2000002a0c10acRCRD",
                                "title": "קותי מתארח בסברי מרנן",
                                "pageUrl": "/mako-vod-keshet/eretz_nehederet-s9/VOD-f906b8a86e15531006.htm",
                                "domoClick": {
                                    "content_type": "vod",
                                    "channel_depth": -1,
                                    "clicked_item_id": "f906b8a86e155310VgnVCM2000002a0c10acRCRD",
                                    "click_type": "link",
                                    "clicked_item_url": "https://www.mako.co.il/mako-vod-keshet/eretz_nehederet-s9/VOD-f906b8a86e15531006.htm",
                                    "clicked_channel_id": "2c9f87e7250f4310VgnVCM2000002a0c10acRCRD",
                                    "referring_component": "16f079a6-page-prom-refc-4bfb03e240e9"
                                },
                                "pics": [
                                    {
                                        "picUrl": "https://img.mako.co.il/2021/12/19/Eretz9_03_VOD_autoOrient_c_i.jpg",
                                        "altText": "ארץ נהדרת"
                                    }
                                ],
                                "extraInfo": "פרק 3@06.02.12",
                                "aIL": true,
                                "aINT": false
                            },
                            {
                                "componentLayout": "vod",
                                "channelId": "2c9f87e7250f4310VgnVCM2000002a0c10acRCRD",
                                "itemVcmId": "c1323cfac1675310VgnVCM2000002a0c10acRCRD",
                                "galleryChannelId": "c1323cfac1675310VgnVCM2000002a0c10acRCRD",
                                "title": "ברק מתכנן התקפה",
                                "pageUrl": "/mako-vod-keshet/eretz_nehederet-s9/VOD-c1323cfac167531006.htm",
                                "domoClick": {
                                    "content_type": "vod",
                                    "channel_depth": -1,
                                    "clicked_item_id": "c1323cfac1675310VgnVCM2000002a0c10acRCRD",
                                    "click_type": "link",
                                    "clicked_item_url": "https://www.mako.co.il/mako-vod-keshet/eretz_nehederet-s9/VOD-c1323cfac167531006.htm",
                                    "clicked_channel_id": "2c9f87e7250f4310VgnVCM2000002a0c10acRCRD",
                                    "referring_component": "16f079a6-page-prom-refc-4bfb03e240e9"
                                },
                                "pics": [
                                    {
                                        "picUrl": "https://img.mako.co.il/2012/12/20/Eretz9_04_VOD_fix_i.jpg",
                                        "altText": "פרק 4"
                                    }
                                ],
                                "extraInfo": "פרק 4@13.02.12",
                                "aIL": true,
                                "aINT": false
                            },
                            {
                                "componentLayout": "vod",
                                "channelId": "2c9f87e7250f4310VgnVCM2000002a0c10acRCRD",
                                "itemVcmId": "bc9e8c1e5c995310VgnVCM2000002a0c10acRCRD",
                                "galleryChannelId": "bc9e8c1e5c995310VgnVCM2000002a0c10acRCRD",
                                "title": "סוד ההצלחה של הווקה פיפל",
                                "pageUrl": "/mako-vod-keshet/eretz_nehederet-s9/VOD-bc9e8c1e5c99531006.htm",
                                "domoClick": {
                                    "content_type": "vod",
                                    "channel_depth": -1,
                                    "clicked_item_id": "bc9e8c1e5c995310VgnVCM2000002a0c10acRCRD",
                                    "click_type": "link",
                                    "clicked_item_url": "https://www.mako.co.il/mako-vod-keshet/eretz_nehederet-s9/VOD-bc9e8c1e5c99531006.htm",
                                    "clicked_channel_id": "2c9f87e7250f4310VgnVCM2000002a0c10acRCRD",
                                    "referring_component": "16f079a6-page-prom-refc-4bfb03e240e9"
                                },
                                "pics": [
                                    {
                                        "picUrl": "https://img.mako.co.il/2021/12/19/eretz9_05_10voca_c_i.jpg",
                                        "altText": "מה סוד ההצלחה של הווקה פיפל?"
                                    }
                                ],
                                "extraInfo": "פרק 5@20.02.12",
                                "aIL": true,
                                "aINT": false
                            },
                            {
                                "componentLayout": "vod",
                                "channelId": "2c9f87e7250f4310VgnVCM2000002a0c10acRCRD",
                                "itemVcmId": "ca3c9dfc832e5310VgnVCM2000002a0c10acRCRD",
                                "galleryChannelId": "ca3c9dfc832e5310VgnVCM2000002a0c10acRCRD",
                                "title": "ספיישל פורים",
                                "pageUrl": "/mako-vod-keshet/eretz_nehederet-s9/VOD-ca3c9dfc832e531006.htm",
                                "domoClick": {
                                    "content_type": "vod",
                                    "channel_depth": -1,
                                    "clicked_item_id": "ca3c9dfc832e5310VgnVCM2000002a0c10acRCRD",
                                    "click_type": "link",
                                    "clicked_item_url": "https://www.mako.co.il/mako-vod-keshet/eretz_nehederet-s9/VOD-ca3c9dfc832e531006.htm",
                                    "clicked_channel_id": "2c9f87e7250f4310VgnVCM2000002a0c10acRCRD",
                                    "referring_component": "16f079a6-page-prom-refc-4bfb03e240e9"
                                },
                                "pics": [
                                    {
                                        "picUrl": "https://img.mako.co.il/2021/12/19/eretz9_06_vod_c_i.jpg",
                                        "altText": "פרק 6"
                                    }
                                ],
                                "extraInfo": "פרק 6@05.03.12",
                                "aIL": true,
                                "aINT": false
                            },
                            {
                                "componentLayout": "vod",
                                "channelId": "2c9f87e7250f4310VgnVCM2000002a0c10acRCRD",
                                "itemVcmId": "8a7078a5d1606310VgnVCM100000290011acRCRD",
                                "galleryChannelId": "8a7078a5d1606310VgnVCM100000290011acRCRD",
                                "title": "הדרכים לשלום של ביבי ופרס",
                                "pageUrl": "/mako-vod-keshet/eretz_nehederet-s9/VOD-8a7078a5d160631018.htm",
                                "domoClick": {
                                    "content_type": "vod",
                                    "channel_depth": -1,
                                    "clicked_item_id": "8a7078a5d1606310VgnVCM100000290011acRCRD",
                                    "click_type": "link",
                                    "clicked_item_url": "https://www.mako.co.il/mako-vod-keshet/eretz_nehederet-s9/VOD-8a7078a5d160631018.htm",
                                    "clicked_channel_id": "2c9f87e7250f4310VgnVCM2000002a0c10acRCRD",
                                    "referring_component": "16f079a6-page-prom-refc-4bfb03e240e9"
                                },
                                "pics": [
                                    {
                                        "picUrl": "https://img.mako.co.il/2021/12/19/eretz9_7_2bibi_c_i.jpg",
                                        "altText": "תיאוריית הברווזים של ביבי"
                                    }
                                ],
                                "extraInfo": "פרק 7@12.03.12",
                                "aIL": true,
                                "aINT": false
                            },
                            {
                                "componentLayout": "vod",
                                "channelId": "2c9f87e7250f4310VgnVCM2000002a0c10acRCRD",
                                "itemVcmId": "ea9e37c627a26310VgnVCM2000002a0c10acRCRD",
                                "galleryChannelId": "ea9e37c627a26310VgnVCM2000002a0c10acRCRD",
                                "title": "סוריתרום 2012 יוצא לדרך",
                                "pageUrl": "/mako-vod-keshet/eretz_nehederet-s9/VOD-ea9e37c627a2631006.htm",
                                "domoClick": {
                                    "content_type": "vod",
                                    "channel_depth": -1,
                                    "clicked_item_id": "ea9e37c627a26310VgnVCM2000002a0c10acRCRD",
                                    "click_type": "link",
                                    "clicked_item_url": "https://www.mako.co.il/mako-vod-keshet/eretz_nehederet-s9/VOD-ea9e37c627a2631006.htm",
                                    "clicked_channel_id": "2c9f87e7250f4310VgnVCM2000002a0c10acRCRD",
                                    "referring_component": "16f079a6-page-prom-refc-4bfb03e240e9"
                                },
                                "pics": [
                                    {
                                        "picUrl": "https://img.mako.co.il/2021/12/19/Eretz9_08_VOD_c_i.jpg",
                                        "altText": "פרק 8"
                                    }
                                ],
                                "extraInfo": "פרק 8@19.03.12",
                                "aIL": true,
                                "aINT": false
                            },
                            {
                                "componentLayout": "vod",
                                "channelId": "2c9f87e7250f4310VgnVCM2000002a0c10acRCRD",
                                "itemVcmId": "53d3e736dbe46310VgnVCM2000002a0c10acRCRD",
                                "galleryChannelId": "53d3e736dbe46310VgnVCM2000002a0c10acRCRD",
                                "title": "דיירי האח הגדול מגיעים",
                                "pageUrl": "/mako-vod-keshet/eretz_nehederet-s9/VOD-53d3e736dbe4631006.htm",
                                "domoClick": {
                                    "content_type": "vod",
                                    "channel_depth": -1,
                                    "clicked_item_id": "53d3e736dbe46310VgnVCM2000002a0c10acRCRD",
                                    "click_type": "link",
                                    "clicked_item_url": "https://www.mako.co.il/mako-vod-keshet/eretz_nehederet-s9/VOD-53d3e736dbe4631006.htm",
                                    "clicked_channel_id": "2c9f87e7250f4310VgnVCM2000002a0c10acRCRD",
                                    "referring_component": "16f079a6-page-prom-refc-4bfb03e240e9"
                                },
                                "pics": [
                                    {
                                        "picUrl": "https://img.mako.co.il/2021/12/19/eretz9_09_VODc_i.jpg",
                                        "altText": "פרק 9"
                                    }
                                ],
                                "extraInfo": "פרק 9@26.03.12",
                                "aIL": true,
                                "aINT": false
                            },
                            {
                                "componentLayout": "vod",
                                "channelId": "2c9f87e7250f4310VgnVCM2000002a0c10acRCRD",
                                "itemVcmId": "e591fadfb1207310VgnVCM2000002a0c10acRCRD",
                                "galleryChannelId": "e591fadfb1207310VgnVCM2000002a0c10acRCRD",
                                "title": "הכור האיראני",
                                "pageUrl": "/mako-vod-keshet/eretz_nehederet-s9/VOD-e591fadfb120731006.htm",
                                "domoClick": {
                                    "content_type": "vod",
                                    "channel_depth": -1,
                                    "clicked_item_id": "e591fadfb1207310VgnVCM2000002a0c10acRCRD",
                                    "click_type": "link",
                                    "clicked_item_url": "https://www.mako.co.il/mako-vod-keshet/eretz_nehederet-s9/VOD-e591fadfb120731006.htm",
                                    "clicked_channel_id": "2c9f87e7250f4310VgnVCM2000002a0c10acRCRD",
                                    "referring_component": "16f079a6-page-prom-refc-4bfb03e240e9"
                                },
                                "pics": [
                                    {
                                        "picUrl": "https://img.mako.co.il/2021/12/19/IMG_4390_c_i.jpg",
                                        "altText": "ריטה בארץ נהדרת"
                                    }
                                ],
                                "extraInfo": "פרק 10@30.04.12",
                                "aIL": true,
                                "aINT": false
                            },
                            {
                                "componentLayout": "ad",
                                "index": 1,
                                "iu": "242748299/mako/vod/vod_keshet/JAMBO1_970",
                                "sizes": "{[[970, 90]]}",
                                "mobileIu": "242748299/mako/vod/vod_keshet/MOBILE_MONSTER1_300x250",
                                "mobileSizes": "{['fluid', [300, 250]]}"
                            },
                            {
                                "componentLayout": "vod",
                                "channelId": "2c9f87e7250f4310VgnVCM2000002a0c10acRCRD",
                                "itemVcmId": "5286202322727310VgnVCM2000002a0c10acRCRD",
                                "galleryChannelId": "5286202322727310VgnVCM2000002a0c10acRCRD",
                                "title": "הקרב על הקרשים",
                                "pageUrl": "/mako-vod-keshet/eretz_nehederet-s9/VOD-528620232272731006.htm",
                                "domoClick": {
                                    "content_type": "vod",
                                    "channel_depth": -1,
                                    "clicked_item_id": "5286202322727310VgnVCM2000002a0c10acRCRD",
                                    "click_type": "link",
                                    "clicked_item_url": "https://www.mako.co.il/mako-vod-keshet/eretz_nehederet-s9/VOD-528620232272731006.htm",
                                    "clicked_channel_id": "2c9f87e7250f4310VgnVCM2000002a0c10acRCRD",
                                    "referring_component": "16f079a6-page-prom-refc-4bfb03e240e9"
                                },
                                "pics": [
                                    {
                                        "picUrl": "https://img.mako.co.il/2021/12/19/eretz9_11_VOD_c_i.jpg",
                                        "altText": "אלי פיניש"
                                    }
                                ],
                                "extraInfo": "פרק 11@07.05.12",
                                "aIL": true,
                                "aINT": false
                            },
                            {
                                "componentLayout": "vod",
                                "channelId": "2c9f87e7250f4310VgnVCM2000002a0c10acRCRD",
                                "itemVcmId": "1e79db4c66a47310VgnVCM2000002a0c10acRCRD",
                                "galleryChannelId": "1e79db4c66a47310VgnVCM2000002a0c10acRCRD",
                                "title": "התעלול של שאול",
                                "pageUrl": "/mako-vod-keshet/eretz_nehederet-s9/VOD-1e79db4c66a4731006.htm",
                                "domoClick": {
                                    "content_type": "vod",
                                    "channel_depth": -1,
                                    "clicked_item_id": "1e79db4c66a47310VgnVCM2000002a0c10acRCRD",
                                    "click_type": "link",
                                    "clicked_item_url": "https://www.mako.co.il/mako-vod-keshet/eretz_nehederet-s9/VOD-1e79db4c66a4731006.htm",
                                    "clicked_channel_id": "2c9f87e7250f4310VgnVCM2000002a0c10acRCRD",
                                    "referring_component": "16f079a6-page-prom-refc-4bfb03e240e9"
                                },
                                "pics": [
                                    {
                                        "picUrl": "https://img.mako.co.il/2021/11/22/eretz_i.png",
                                        "altText": "פרק 12"
                                    }
                                ],
                                "extraInfo": "פרק 12@14.05.12",
                                "aIL": true,
                                "aINT": false
                            },
                            {
                                "componentLayout": "vod",
                                "channelId": "2c9f87e7250f4310VgnVCM2000002a0c10acRCRD",
                                "itemVcmId": "7dd1c18ae9e67310VgnVCM2000002a0c10acRCRD",
                                "galleryChannelId": "7dd1c18ae9e67310VgnVCM2000002a0c10acRCRD",
                                "title": "חוגגים עשור",
                                "pageUrl": "/mako-vod-keshet/eretz_nehederet-s9/VOD-7dd1c18ae9e6731006.htm",
                                "domoClick": {
                                    "content_type": "vod",
                                    "channel_depth": -1,
                                    "clicked_item_id": "7dd1c18ae9e67310VgnVCM2000002a0c10acRCRD",
                                    "click_type": "link",
                                    "clicked_item_url": "https://www.mako.co.il/mako-vod-keshet/eretz_nehederet-s9/VOD-7dd1c18ae9e6731006.htm",
                                    "clicked_channel_id": "2c9f87e7250f4310VgnVCM2000002a0c10acRCRD",
                                    "referring_component": "16f079a6-page-prom-refc-4bfb03e240e9"
                                },
                                "pics": [
                                    {
                                        "picUrl": "https://img.mako.co.il/2021/12/19/Eretz9_13_VOD_c_i.jpg",
                                        "altText": "פרק 13"
                                    }
                                ],
                                "extraInfo": "פרק 13@21.05.12",
                                "aIL": true,
                                "aINT": false
                            },
                            {
                                "componentLayout": "vod",
                                "channelId": "2c9f87e7250f4310VgnVCM2000002a0c10acRCRD",
                                "itemVcmId": "ca933a48cd6b7310VgnVCM2000002a0c10acRCRD",
                                "galleryChannelId": "ca933a48cd6b7310VgnVCM2000002a0c10acRCRD",
                                "title": "תכנית סיום עונה",
                                "pageUrl": "/mako-vod-keshet/eretz_nehederet-s9/VOD-ca933a48cd6b731006.htm",
                                "domoClick": {
                                    "content_type": "vod",
                                    "channel_depth": -1,
                                    "clicked_item_id": "ca933a48cd6b7310VgnVCM2000002a0c10acRCRD",
                                    "click_type": "link",
                                    "clicked_item_url": "https://www.mako.co.il/mako-vod-keshet/eretz_nehederet-s9/VOD-ca933a48cd6b731006.htm",
                                    "clicked_channel_id": "2c9f87e7250f4310VgnVCM2000002a0c10acRCRD",
                                    "referring_component": "16f079a6-page-prom-refc-4bfb03e240e9"
                                },
                                "pics": [
                                    {
                                        "picUrl": "https://img.mako.co.il/2021/12/19/Eretz9_14_VOD_c_i.jpg",
                                        "altText": "טל פרידמן"
                                    }
                                ],
                                "extraInfo": "פרק 14@04.06.12",
                                "aIL": true,
                                "aINT": false
                            },
                            {
                                "componentLayout": "vod",
                                "channelId": "2c9f87e7250f4310VgnVCM2000002a0c10acRCRD",
                                "itemVcmId": "e05888967518b710VgnVCM100000700a10acRCRD",
                                "galleryChannelId": "e05888967518b710VgnVCM100000700a10acRCRD",
                                "title": "ספיישל עמוד ענן",
                                "pageUrl": "/mako-vod-keshet/eretz_nehederet-s9/VOD-e05888967518b71027.htm",
                                "domoClick": {
                                    "content_type": "vod",
                                    "channel_depth": -1,
                                    "clicked_item_id": "e05888967518b710VgnVCM100000700a10acRCRD",
                                    "click_type": "link",
                                    "clicked_item_url": "https://www.mako.co.il/mako-vod-keshet/eretz_nehederet-s9/VOD-e05888967518b71027.htm",
                                    "clicked_channel_id": "2c9f87e7250f4310VgnVCM2000002a0c10acRCRD",
                                    "referring_component": "16f079a6-page-prom-refc-4bfb03e240e9"
                                },
                                "pics": [
                                    {
                                        "picUrl": "https://img.mako.co.il/2021/08/26/eretz_nehederet9_amud_anan_VOD_autoOrient_i.jpg",
                                        "altText": "ספיישל עמוד ענן"
                                    }
                                ],
                                "extraInfo": "פרק 15@26.08.12",
                                "aIL": true,
                                "aINT": false
                            }
                        ]
                    },
                    {
                        "buttonText": "קטעים קצרים",
                        "id": "shorts",
                        "vcmid": "1be60a4338ef6810VgnVCM100000700a10acRCRD",
                        "channelId": "1be60a4338ef6810VgnVCM100000700a10acRCRD",
                        "makoRefComp": "Shorts",
                        "pageUrl": "/mako-vod-keshet/eretz_nehederet-s9/shorts",
                        "domoClick": {
                            "content_type": "channel",
                            "channel_depth": -1,
                            "clicked_item_id": "1be60a4338ef6810VgnVCM100000700a10acRCRD",
                            "click_type": "link",
                            "clicked_item_url": "https://www.mako.co.il/mako-vod-keshet/eretz_nehederet-s9/shorts",
                            "clicked_channel_id": "1be60a4338ef6810VgnVCM100000700a10acRCRD",
                            "referring_component": "9ced3b0e-page-navi-refc-eb3fe7b8e0de"
                        },
                        "open": false
                    },
                    {
                        "buttonText": "קרדיטים",
                        "id": "credits",
                        "vcmid": "Credits",
                        "channelId": "2c9f87e7250f4310VgnVCM2000002a0c10acRCRD",
                        "makoRefComp": "Credits",
                        "pageUrl": "/mako-vod-keshet/eretz_nehederet-s22?type=credits",
                        "domoClick": {
                            "content_type": "fabricated",
                            "clicked_item_id": "a7a32f51-cred-its--id-e-0491fe30f859",
                            "click_type": "link",
                            "clicked_item_url": "https://www.mako.co.il/mako-vod-keshet/eretz_nehederet-s22?type=credits",
                            "clicked_channel_id": "bc6a5d06d46f2910VgnVCM200000650a10acRCRD",
                            "referring_component": "9ced3b0e-page-navi-refc-eb3fe7b8e0de"
                        },
                        "credits": [
                            {
                                "value": "איל קיציס",
                                "key": "host",
                                "text": "מנחה:"
                            },
                            {
                                "value": "איל קיציס, אלי פיניש, עלמה זק, מריאנו אידלמן, ליאת הר לב, ערן זרחוביץ', יובל סמו, רועי בר נתן, ירון ברלד, שני כהן, תום יער, תמיר בר, אמיר שורוש, אורי לייזרוביץ', ליאור אשכנזי, גיה באר גורביץ', יניב ביטון, אסי כהן",
                                "key": "participance",
                                "text": "משתתפים:"
                            },
                            {
                                "value": "מולי שגב | כותבים: אסף שלמון, דוד ליפשיץ, אסף גפן, איתי רייכר, אילן שפלר, שרון טייכר, עומר ריבק, דור",
                                "key": "mainEditor",
                                "text": "עורך ראשי:"
                            },
                            {
                                "value": "שירי מיכאלי",
                                "key": "producer",
                                "text": "מפיק:"
                            },
                            {
                                "value": "קשת",
                                "key": "productionCompany",
                                "text": "חברת הפקה:"
                            }
                        ]
                    }
                ],
                "historyObject": {
                    "title": "יאיר לפיד מסביר איפה הכסף",
                    "programId": "5cf467a604643210VgnVCM2000002a0c10acRCRD",
                    "pageUrl": "/mako-vod-keshet/eretz_nehederet-s9/VOD-504a54cebe40531006.htm",
                    "domoClick": {
                        "content_type": "vod",
                        "channel_depth": 3,
                        "clicked_item_id": "504a54cebe405310VgnVCM2000002a0c10acRCRD",
                        "click_type": "link",
                        "clicked_item_url": "https://www.mako.co.il/mako-vod-keshet/eretz_nehederet-s9/VOD-504a54cebe40531006.htm",
                        "clicked_channel_id": "2c9f87e7250f4310VgnVCM2000002a0c10acRCRD",
                        "referring_component": "ERROR_NO_REFERRER"
                    },
                    "picUrl": "https://img.mako.co.il/2021/12/19/Eretz9_01_VOD_c_i.jpg",
                    "hero": {
                        "title": "ארץ נהדרת",
                        "extraInfo": "עונה 9@פרק 1@22.01.12",
                        "picUrl": "https://img.mako.co.il/2021/04/19/irena_shauli_HD_re.jpg",
                        "logo": "https://img.mako.co.il/2022/06/21/logo_eretz.png",
                        "subtitle": "יאיר לפיד מסביר איפה הכסף",
                        "description": "יאיר לפיד מגיע לאולפן ומנסה להסביר איפה הכסף"
                    },
                    "buttonText": "להמשך צפייה בעונה 9 פרק 1",
                    "sch": "2c9f87e7250f4310",
                    "seasonUrl": "/mako-vod-keshet/eretz_nehederet-s9"
                }
            }
        },
        "__N_SSP": true
    },
    "page": "/[mako_vod_channel]/[program]",
    "query": {
        "mako_vod_channel": "mako-vod-keshet",
        "program": "eretz_nehederet-s9"
    },
    "buildId": "5.15.0",
    "assetPrefix": "/mako-vod",
    "isFallback": false,
    "gssp": true,
    "customServer": true,
    "scriptLoader": []
}