{
    "props": {
        "pageProps": {
            "menu": {
                "lastUpdate": "Mon, 11 Nov 2024 23:08:59 +0200",
                "timestamp": 1731359339102,
                "header": {
                    "guid": "00b23f399647c710VgnVCM200000650a10acRCRD",
                    "categories": [
                        {
                            "name": "ראשי",
                            "icon": "https://img.mako.co.il/2021/10/10/home.png",
                            "url": "/mako-vod",
                            "domoClick": {
                                "content_type": "channel",
                                "teaser_id": "a27a2dcbacf4c710VgnVCM200000650a10acRCRD",
                                "channel_depth": 1,
                                "clicked_item_id": "b5f4c13070733210VgnVCM2000002a0c10acRCRD",
                                "click_type": "link",
                                "clicked_item_url": "https://www.mako.co.il/mako-vod",
                                "clicked_channel_id": "b5f4c13070733210VgnVCM2000002a0c10acRCRD",
                                "referring_component": "8eb76bc8-glob-navi-refc-2ad659ccef22"
                            }
                        },
                        {
                            "name": "LIVE",
                            "icon": "https://img.mako.co.il/2021/10/10/live.png",
                            "url": "/mako-vod-live-tv/VOD-6540b8dcb64fd31006.htm",
                            "domoClick": {
                                "content_type": "vod",
                                "teaser_id": "a66819cdc7a6c710VgnVCM100000700a10acRCRD",
                                "channel_depth": 1,
                                "clicked_item_id": "6540b8dcb64fd310VgnVCM2000002a0c10acRCRD",
                                "click_type": "link",
                                "clicked_item_url": "https://www.mako.co.il/mako-vod-live-tv/VOD-6540b8dcb64fd31006.htm",
                                "clicked_channel_id": "5d28d21b4580e310VgnVCM2000002a0c10acRCRD",
                                "referring_component": "8eb76bc8-glob-navi-refc-2ad659ccef22"
                            }
                        },
                        {
                            "name": "תוכניות",
                            "icon": "https://img.mako.co.il/2021/10/10/index.png",
                            "url": "/mako-vod-index",
                            "domoClick": {
                                "content_type": "channel",
                                "teaser_id": "3e8819cdc7a6c710VgnVCM100000700a10acRCRD",
                                "channel_depth": 2,
                                "clicked_item_id": "05c2e4caebbe3210VgnVCM100000290c10acRCRD",
                                "click_type": "link",
                                "clicked_item_url": "https://www.mako.co.il/mako-vod-index",
                                "clicked_channel_id": "05c2e4caebbe3210VgnVCM100000290c10acRCRD",
                                "referring_component": "8eb76bc8-glob-navi-refc-2ad659ccef22"
                            }
                        }
                    ]
                },
                "footer": {
                    "guid": "bc533f399647c710VgnVCM200000650a10acRCRD",
                    "categories": [
                        {
                            "name": "אודות +12",
                            "url": "https://makospecial.co.il/about-12plus?makoOpenChromeTabs=1?partner=12plusFooterLinks",
                            "domoClick": {
                                "content_type": "unknown",
                                "teaser_id": "6b2a6503efec9810VgnVCM200000650a10acRCRD",
                                "channel_depth": -1,
                                "clicked_item_id": "unknown",
                                "click_type": "link",
                                "clicked_item_url": "https://makospecial.co.il/about-12plus?makoOpenChromeTabs=1?partner=12plusFooterLinks",
                                "clicked_channel_id": "unknown",
                                "referring_component": "2d2c13d6-glob-foot-refc-de190b394505"
                            }
                        },
                        {
                            "name": "עזרה",
                            "url": "https://www.mako.co.il/mako-vod-help",
                            "domoClick": {
                                "content_type": "channel",
                                "teaser_id": "1a0e40b549a6c710VgnVCM100000700a10acRCRD",
                                "channel_depth": 2,
                                "clicked_item_id": "f13ad9f49196e710VgnVCM200000650a10acRCRD",
                                "click_type": "link",
                                "clicked_item_url": "https://www.mako.co.il/mako-vod-help",
                                "clicked_channel_id": "f13ad9f49196e710VgnVCM200000650a10acRCRD",
                                "referring_component": "2d2c13d6-glob-foot-refc-de190b394505"
                            }
                        },
                        {
                            "name": "לפנייה במייל",
                            "url": "mail",
                            "domoClick": {
                                "content_type": "channel",
                                "teaser_id": "f4ca40b549a6c710VgnVCM100000700a10acRCRD",
                                "channel_depth": 0,
                                "clicked_item_id": "3d385dd2dd5d4110VgnVCM100000290c10acRCRD",
                                "click_type": "link",
                                "clicked_item_url": "https://www.mako.co.ilmail",
                                "clicked_channel_id": "3d385dd2dd5d4110VgnVCM100000290c10acRCRD",
                                "referring_component": "2d2c13d6-glob-foot-refc-de190b394505"
                            }
                        },
                        {
                            "name": "לפנייה ב whatsapp",
                            "url": "https://wa.me/972502010818",
                            "domoClick": {
                                "content_type": "unknown",
                                "teaser_id": "27c4464ed643c810VgnVCM100000700a10acRCRD",
                                "channel_depth": -1,
                                "clicked_item_id": "unknown",
                                "click_type": "link",
                                "clicked_item_url": "https://wa.me/972502010818",
                                "clicked_channel_id": "unknown",
                                "referring_component": "2d2c13d6-glob-foot-refc-de190b394505"
                            }
                        },
                        {
                            "name": "תקנון",
                            "url": "https://www.mako.co.il/mako-vod-help/Article-dd0b75e6b096e71026.htm?partner=12plusFooterLinks",
                            "domoClick": {
                                "content_type": "Article",
                                "teaser_id": "757f40b549a6c710VgnVCM100000700a10acRCRD",
                                "channel_depth": 2,
                                "clicked_item_id": "dd0b75e6b096e710VgnVCM200000650a10acRCRD",
                                "click_type": "link",
                                "clicked_item_url": "https://www.mako.co.il/mako-vod-help/Article-dd0b75e6b096e71026.htm?partner=12plusFooterLinks",
                                "clicked_channel_id": "f13ad9f49196e710VgnVCM200000650a10acRCRD",
                                "referring_component": "2d2c13d6-glob-foot-refc-de190b394505"
                            }
                        },
                        {
                            "name": "הסדרי נגישות",
                            "url": "https://www.mako.co.il/help-5bb6bf4ccf39c110/Article-b7ff18a9de86471026.htm?partner=12plusFooterLinks",
                            "domoClick": {
                                "content_type": "Article",
                                "teaser_id": "23f4495772220810VgnVCM200000650a10acRCRD",
                                "channel_depth": 2,
                                "clicked_item_id": "b7ff18a9de864710VgnVCM200000650a10acRCRD",
                                "click_type": "link",
                                "clicked_item_url": "https://www.mako.co.il/help-5bb6bf4ccf39c110/Article-b7ff18a9de86471026.htm?partner=12plusFooterLinks",
                                "clicked_channel_id": "5bb6bf4ccf39c110VgnVCM100000290c10acRCRD",
                                "referring_component": "2d2c13d6-glob-foot-refc-de190b394505"
                            }
                        },
                        {
                            "name": "מדיניות פרטיות ותנאי שימוש",
                            "url": "https://www.mako.co.il/help-terms-of-use/Article-d37908dd1674c11006.htm?partner=12plusFooterLinks",
                            "domoClick": {
                                "content_type": "Article",
                                "teaser_id": "e5c040b549a6c710VgnVCM100000700a10acRCRD",
                                "channel_depth": 2,
                                "clicked_item_id": "d37908dd1674c110VgnVCM2000002a0c10acRCRD",
                                "click_type": "link",
                                "clicked_item_url": "https://www.mako.co.il/help-terms-of-use/Article-d37908dd1674c11006.htm?partner=12plusFooterLinks",
                                "clicked_channel_id": "345705dfcebcb110VgnVCM2000002a0c10acRCRD",
                                "referring_component": "2d2c13d6-glob-foot-refc-de190b394505"
                            }
                        }
                    ]
                }
            },
            "logos": {
                "lastUpdate": "Mon, 11 Nov 2024 23:08:59 +0200",
                "timestamp": 1731359339096,
                "headerLogo": {
                    "guid": "9dabeac4fa6cc710VgnVCM200000650a10acRCRD",
                    "desktopLogo": "https://img.mako.co.il/2024/10/10/logo-12-desktop.png",
                    "mobileWebLogo": "https://img.mako.co.il/2024/10/10/LOGO_12_mobile.png",
                    "mobileAppLogo": "https://img.mako.co.il/2024/10/09/LOGO_12__mobileApp.png",
                    "smartTVLogo": "https://img.mako.co.il/2021/10/28/Logo_12+_smartTV.png"
                }
            },
            "data": {
                "lastUpdate": "Mon, 11 Nov 2024 00:36:56 +0200",
                "timestamp": 1731278216227,
                "pageType": "Subvertical",
                "channelId": "fa4d7c38f47cb310VgnVCM2000002a0c10acRCRD",
                "sch": "fa4d7c38f47cb310",
                "channelName": "עונה 10",
                "pageUrl": "/mako-vod-keshet/eretz_nehederet-s10",
                "domoPageView": {
                    "content_type": "channel",
                    "page_url": "https://www.mako.co.il/mako-vod-keshet/eretz_nehederet-s10",
                    "channel_depth": 3,
                    "item_id": "fa4d7c38f47cb310VgnVCM2000002a0c10acRCRD",
                    "channel_id": "fa4d7c38f47cb310VgnVCM2000002a0c10acRCRD",
                    "is_blocked_content": {
                        "israel": 0,
                        "international": 0
                    }
                },
                "preload": true,
                "makoCatDFP": {
                    "cust_params": {
                        "location_sub_campaign": "%LOCATION_SUB_CAMPAIGN%",
                        "payinguser": "%IS_PAYING_USER%",
                        "video_from_time": "%VIDEO_FROM_TIME%",
                        "bundleId": "%PRODUCT_BUNDLE_ID%",
                        "pushTags": "%PUSH_TAGS%",
                        "language": "%LANGUAGE%",
                        "locale": "%LOCALE%",
                        "deviceid": "%DEVICE_ID%",
                        "version": "%VERSION%",
                        "devicetype": "%DEVICE_TYPE%",
                        "MAKOPAGE": "%GUID%",
                        "advertiserId": "%ADVERTISER_ID%",
                        "carrier": "%CARRIER%",
                        "LEVEL4": "vod_eretz",
                        "osVersion": "%OS_VERSION%",
                        "LEVEL5": "vod_eretz_s10",
                        "paidContent": "%IS_PAID_CONTENT%",
                        "appid": "%APP_ID%",
                        "makoHN": "%HOUSE_NUMBERS%",
                        "random_number": "%RANDOM_NUMBER%",
                        "osType": "%OS_TYPE%",
                        "deviceModel": "%DEVICE_MODEL%",
                        "pushTrigger": "%PUSH_TRIGGER%"
                    },
                    "iu": "/242748299/mako/vod/vod_keshet/"
                },
                "seo": {
                    "title": "ארץ נהדרת, עונה 10 - לצפייה ישירה",
                    "description": "ארץ נהדרת עונה 10 לצפייה ישירה. נתניהו זוכה שוב בבחירות ומקים ממשלה עם לפיד ובנט.  ליהיא האשטאג מחפשת בן-זוג, המשפחה של יעקב (\"אלן דלון\") מצטופפת וספיישל העשור",
                    "type": "tv_show",
                    "image": "https://img.mako.co.il/2021/03/25/eretz_yaniv_HD_Size2_autoOrient_i.jpg",
                    "canonical": "https://www.mako.co.il/mako-vod-keshet/eretz_nehederet-s10",
                    "schema": {
                        "@context": "https://schema.org",
                        "@type": "TVSeason",
                        "name": "עונה 10",
                        "description": "נתניהו זוכה שוב בבחירות ומקים ממשלה עם לפיד ובנט.  ליהיא האשטאג מחפשת בן-זוג, המשפחה של יעקב (\"אלן דלון\") מצטופפת, וספיישל העשור של ארץ נהדרת",
                        "image": "https://img.mako.co.il/2021/03/25/eretz_yaniv_HD_Size2_autoOrient_i.jpg",
                        "numberOfEpisodes": 15,
                        "url": "https://www.mako.co.il/mako-vod-keshet/eretz_nehederet-s10",
                        "partOfTVSeries": {
                            "@type": "TVSeries",
                            "name": "ארץ נהדרת",
                            "url": "https://www.mako.co.il/mako-vod-keshet/eretz_nehederet"
                        },
                        "genre": [
                            "בידור",
                            "קומדיה"
                        ],
                        "provider": {
                            "@type": "Organization",
                            "name": "תכניות קשת"
                        },
                        "publisher": {
                            "@type": "NewsMediaOrganization",
                            "name": "שידורי קשת"
                        },
                        "sameAs": [
                            "https://www.mako.co.il/tv-erez-nehederet/cc0e3d99ade16110"
                        ]
                    }
                },
                "vod": {
                    "channelId": "fa4d7c38f47cb310VgnVCM2000002a0c10acRCRD",
                    "itemVcmId": "f8027316d5ecb310VgnVCM2000002a0c10acRCRD",
                    "galleryChannelId": "f8027316d5ecb310VgnVCM2000002a0c10acRCRD",
                    "programId": "5cf467a604643210VgnVCM2000002a0c10acRCRD",
                    "mostCurrent": false,
                    "domoPlay": {
                        "content_type": "vod",
                        "channel_depth": 3,
                        "item_id": "f8027316d5ecb310VgnVCM2000002a0c10acRCRD",
                        "channel_id": "fa4d7c38f47cb310VgnVCM2000002a0c10acRCRD"
                    },
                    "pageUrl": "/mako-vod-keshet/eretz_nehederet-s10/VOD-f8027316d5ecb31006.htm",
                    "domoClick": {
                        "content_type": "vod",
                        "channel_depth": -1,
                        "clicked_item_id": "f8027316d5ecb310VgnVCM2000002a0c10acRCRD",
                        "click_type": "link",
                        "clicked_item_url": "https://www.mako.co.il/mako-vod-keshet/eretz_nehederet-s10/VOD-f8027316d5ecb31006.htm",
                        "clicked_channel_id": "fa4d7c38f47cb310VgnVCM2000002a0c10acRCRD",
                        "referring_component": "080b8750-hero-41d9-refc-e6bfe67f099c"
                    },
                    "aIL": true,
                    "aINT": true,
                    "iPromoType": "Program"
                },
                "hero": {
                    "extraInfo": "23 עונות",
                    "itemVcmId": "e55d9787b4e99710VgnVCM100000700a10acRCRD",
                    "channelId": "fa4d7c38f47cb310VgnVCM2000002a0c10acRCRD",
                    "logo": "https://img.mako.co.il/2022/06/21/logo_eretz.png",
                    "logoAltText": "לוגו ארץ נהדרת 2016",
                    "description": "נתניהו זוכה שוב בבחירות ומקים ממשלה עם לפיד ובנט.  ליהיא האשטאג מחפשת בן-זוג, המשפחה של יעקב (\"אלן דלון\") מצטופפת, וספיישל העשור של ארץ נהדרת",
                    "pics": [
                        {
                            "picUrl": "https://img.mako.co.il/2021/07/15/eretz_10_HD_re.jpg",
                            "altText": "ארץ נהדרת עונה 10 - HD, ז'אנר, מובייל, כרטיס אשראי"
                        }
                    ],
                    "mobilePics": [
                        {
                            "picUrl": "https://img.mako.co.il/2021/08/22/eretz_10_E.jpg",
                            "altText": "ארץ נהדרת עונה 10 - HD, ז'אנר, מובייל, כרטיס אשראי"
                        }
                    ],
                    "buttonText": "עונה 10 פרק 1",
                    "makoRefComp": "Specific_Episode"
                },
                "seasons": [
                    {
                        "current": false,
                        "seasonTitle": "עונה 1",
                        "pageUrl": "/mako-vod-keshet/eretz_nehederet-s1",
                        "domoClick": {
                            "content_type": "channel",
                            "channel_depth": -1,
                            "clicked_item_id": "bae667a604643210VgnVCM2000002a0c10acRCRD",
                            "click_type": "link",
                            "clicked_item_url": "https://www.mako.co.il/mako-vod-keshet/eretz_nehederet-s1",
                            "clicked_channel_id": "bae667a604643210VgnVCM2000002a0c10acRCRD",
                            "referring_component": "9ced3b0e-page-navi-refc-eb3fe7b8e0de"
                        }
                    },
                    {
                        "current": false,
                        "seasonTitle": "עונה 2",
                        "pageUrl": "/mako-vod-keshet/eretz_nehederet-s2",
                        "domoClick": {
                            "content_type": "channel",
                            "channel_depth": -1,
                            "clicked_item_id": "3d9af64d35643210VgnVCM2000002a0c10acRCRD",
                            "click_type": "link",
                            "clicked_item_url": "https://www.mako.co.il/mako-vod-keshet/eretz_nehederet-s2",
                            "clicked_channel_id": "3d9af64d35643210VgnVCM2000002a0c10acRCRD",
                            "referring_component": "9ced3b0e-page-navi-refc-eb3fe7b8e0de"
                        }
                    },
                    {
                        "current": false,
                        "seasonTitle": "עונה 3",
                        "pageUrl": "/mako-vod-keshet/eretz_nehederet-s3",
                        "domoClick": {
                            "content_type": "channel",
                            "channel_depth": -1,
                            "clicked_item_id": "43cef64d35643210VgnVCM2000002a0c10acRCRD",
                            "click_type": "link",
                            "clicked_item_url": "https://www.mako.co.il/mako-vod-keshet/eretz_nehederet-s3",
                            "clicked_channel_id": "43cef64d35643210VgnVCM2000002a0c10acRCRD",
                            "referring_component": "9ced3b0e-page-navi-refc-eb3fe7b8e0de"
                        }
                    },
                    {
                        "current": false,
                        "seasonTitle": "עונה 4",
                        "pageUrl": "/mako-vod-keshet/eretz_nehederet-s4",
                        "domoClick": {
                            "content_type": "channel",
                            "channel_depth": -1,
                            "clicked_item_id": "d251f64d35643210VgnVCM2000002a0c10acRCRD",
                            "click_type": "link",
                            "clicked_item_url": "https://www.mako.co.il/mako-vod-keshet/eretz_nehederet-s4",
                            "clicked_channel_id": "d251f64d35643210VgnVCM2000002a0c10acRCRD",
                            "referring_component": "9ced3b0e-page-navi-refc-eb3fe7b8e0de"
                        }
                    },
                    {
                        "current": false,
                        "seasonTitle": "עונה 5",
                        "pageUrl": "/mako-vod-keshet/eretz_nehederet-s5",
                        "domoClick": {
                            "content_type": "channel",
                            "channel_depth": -1,
                            "clicked_item_id": "7a03f64d35643210VgnVCM2000002a0c10acRCRD",
                            "click_type": "link",
                            "clicked_item_url": "https://www.mako.co.il/mako-vod-keshet/eretz_nehederet-s5",
                            "clicked_channel_id": "7a03f64d35643210VgnVCM2000002a0c10acRCRD",
                            "referring_component": "9ced3b0e-page-navi-refc-eb3fe7b8e0de"
                        }
                    },
                    {
                        "current": false,
                        "seasonTitle": "עונה 6",
                        "pageUrl": "/mako-vod-keshet/eretz_nehederet-s6",
                        "domoClick": {
                            "content_type": "channel",
                            "channel_depth": -1,
                            "clicked_item_id": "1144f64d35643210VgnVCM2000002a0c10acRCRD",
                            "click_type": "link",
                            "clicked_item_url": "https://www.mako.co.il/mako-vod-keshet/eretz_nehederet-s6",
                            "clicked_channel_id": "1144f64d35643210VgnVCM2000002a0c10acRCRD",
                            "referring_component": "9ced3b0e-page-navi-refc-eb3fe7b8e0de"
                        }
                    },
                    {
                        "current": false,
                        "seasonTitle": "עונה 7",
                        "pageUrl": "/mako-vod-keshet/eretz_nehederet-s7",
                        "domoClick": {
                            "content_type": "channel",
                            "channel_depth": -1,
                            "clicked_item_id": "d0990484ddef5210VgnVCM2000002a0c10acRCRD",
                            "click_type": "link",
                            "clicked_item_url": "https://www.mako.co.il/mako-vod-keshet/eretz_nehederet-s7",
                            "clicked_channel_id": "d0990484ddef5210VgnVCM2000002a0c10acRCRD",
                            "referring_component": "9ced3b0e-page-navi-refc-eb3fe7b8e0de"
                        }
                    },
                    {
                        "current": false,
                        "seasonTitle": "עונה 8",
                        "pageUrl": "/mako-vod-keshet/eretz_nehederet-s8",
                        "domoClick": {
                            "content_type": "channel",
                            "channel_depth": -1,
                            "clicked_item_id": "d839b3585edfc210VgnVCM2000002a0c10acRCRD",
                            "click_type": "link",
                            "clicked_item_url": "https://www.mako.co.il/mako-vod-keshet/eretz_nehederet-s8",
                            "clicked_channel_id": "d839b3585edfc210VgnVCM2000002a0c10acRCRD",
                            "referring_component": "9ced3b0e-page-navi-refc-eb3fe7b8e0de"
                        }
                    },
                    {
                        "current": false,
                        "seasonTitle": "עונה 9",
                        "pageUrl": "/mako-vod-keshet/eretz_nehederet-s9",
                        "domoClick": {
                            "content_type": "channel",
                            "channel_depth": -1,
                            "clicked_item_id": "2c9f87e7250f4310VgnVCM2000002a0c10acRCRD",
                            "click_type": "link",
                            "clicked_item_url": "https://www.mako.co.il/mako-vod-keshet/eretz_nehederet-s9",
                            "clicked_channel_id": "2c9f87e7250f4310VgnVCM2000002a0c10acRCRD",
                            "referring_component": "9ced3b0e-page-navi-refc-eb3fe7b8e0de"
                        }
                    },
                    {
                        "current": true,
                        "seasonTitle": "עונה 10",
                        "pageUrl": "/mako-vod-keshet/eretz_nehederet-s10",
                        "domoClick": {
                            "content_type": "channel",
                            "channel_depth": -1,
                            "clicked_item_id": "fa4d7c38f47cb310VgnVCM2000002a0c10acRCRD",
                            "click_type": "link",
                            "clicked_item_url": "https://www.mako.co.il/mako-vod-keshet/eretz_nehederet-s10",
                            "clicked_channel_id": "fa4d7c38f47cb310VgnVCM2000002a0c10acRCRD",
                            "referring_component": "9ced3b0e-page-navi-refc-eb3fe7b8e0de"
                        }
                    },
                    {
                        "current": false,
                        "seasonTitle": "עונה 11",
                        "pageUrl": "/mako-vod-keshet/eretz_nehederet-s11",
                        "domoClick": {
                            "content_type": "channel",
                            "channel_depth": -1,
                            "clicked_item_id": "5adfa33919243410VgnVCM2000002a0c10acRCRD",
                            "click_type": "link",
                            "clicked_item_url": "https://www.mako.co.il/mako-vod-keshet/eretz_nehederet-s11",
                            "clicked_channel_id": "5adfa33919243410VgnVCM2000002a0c10acRCRD",
                            "referring_component": "9ced3b0e-page-navi-refc-eb3fe7b8e0de"
                        }
                    },
                    {
                        "current": false,
                        "seasonTitle": "עונה 12",
                        "pageUrl": "/mako-vod-keshet/eretz_nehederet-s12",
                        "domoClick": {
                            "content_type": "channel",
                            "channel_depth": -1,
                            "clicked_item_id": "de317051b0cfa410VgnVCM2000002a0c10acRCRD",
                            "click_type": "link",
                            "clicked_item_url": "https://www.mako.co.il/mako-vod-keshet/eretz_nehederet-s12",
                            "clicked_channel_id": "de317051b0cfa410VgnVCM2000002a0c10acRCRD",
                            "referring_component": "9ced3b0e-page-navi-refc-eb3fe7b8e0de"
                        }
                    },
                    {
                        "current": false,
                        "seasonTitle": "עונה 13",
                        "pageUrl": "/mako-vod-keshet/eretz_nehederet-s13",
                        "domoClick": {
                            "content_type": "channel",
                            "channel_depth": -1,
                            "clicked_item_id": "d1417e27b9382510VgnVCM2000002a0c10acRCRD",
                            "click_type": "link",
                            "clicked_item_url": "https://www.mako.co.il/mako-vod-keshet/eretz_nehederet-s13",
                            "clicked_channel_id": "d1417e27b9382510VgnVCM2000002a0c10acRCRD",
                            "referring_component": "9ced3b0e-page-navi-refc-eb3fe7b8e0de"
                        }
                    },
                    {
                        "current": false,
                        "seasonTitle": "עונה 14",
                        "pageUrl": "/mako-vod-keshet/eretz_nehederet-s14",
                        "domoClick": {
                            "content_type": "channel",
                            "channel_depth": -1,
                            "clicked_item_id": "00cb73568955a510VgnVCM2000002a0c10acRCRD",
                            "click_type": "link",
                            "clicked_item_url": "https://www.mako.co.il/mako-vod-keshet/eretz_nehederet-s14",
                            "clicked_channel_id": "00cb73568955a510VgnVCM2000002a0c10acRCRD",
                            "referring_component": "9ced3b0e-page-navi-refc-eb3fe7b8e0de"
                        }
                    },
                    {
                        "current": false,
                        "seasonTitle": "עונה 15",
                        "pageUrl": "/mako-vod-keshet/eretz_nehederet-s15",
                        "domoClick": {
                            "content_type": "channel",
                            "channel_depth": -1,
                            "clicked_item_id": "6ca45b54fd76f510VgnVCM2000002a0c10acRCRD",
                            "click_type": "link",
                            "clicked_item_url": "https://www.mako.co.il/mako-vod-keshet/eretz_nehederet-s15",
                            "clicked_channel_id": "6ca45b54fd76f510VgnVCM2000002a0c10acRCRD",
                            "referring_component": "9ced3b0e-page-navi-refc-eb3fe7b8e0de"
                        }
                    },
                    {
                        "current": false,
                        "seasonTitle": "עונה 16",
                        "pageUrl": "/mako-vod-keshet/eretz_nehederet-s-16",
                        "domoClick": {
                            "content_type": "channel",
                            "channel_depth": -1,
                            "clicked_item_id": "943afc01ace08610VgnVCM2000002a0c10acRCRD",
                            "click_type": "link",
                            "clicked_item_url": "https://www.mako.co.il/mako-vod-keshet/eretz_nehederet-s-16",
                            "clicked_channel_id": "943afc01ace08610VgnVCM2000002a0c10acRCRD",
                            "referring_component": "9ced3b0e-page-navi-refc-eb3fe7b8e0de"
                        }
                    },
                    {
                        "current": false,
                        "seasonTitle": "עונה 17",
                        "pageUrl": "/mako-vod-keshet/eretz_nehederet-s17",
                        "domoClick": {
                            "content_type": "channel",
                            "channel_depth": -1,
                            "clicked_item_id": "19cc03b59965f610VgnVCM200000650a10acRCRD",
                            "click_type": "link",
                            "clicked_item_url": "https://www.mako.co.il/mako-vod-keshet/eretz_nehederet-s17",
                            "clicked_channel_id": "19cc03b59965f610VgnVCM200000650a10acRCRD",
                            "referring_component": "9ced3b0e-page-navi-refc-eb3fe7b8e0de"
                        }
                    },
                    {
                        "current": false,
                        "seasonTitle": "עוד כותרות",
                        "pageUrl": "/mako-vod-keshet/eretz_nehederet-more_headlines",
                        "domoClick": {
                            "content_type": "channel",
                            "channel_depth": -1,
                            "clicked_item_id": "42d5b1b0749b3710VgnVCM100000700a10acRCRD",
                            "click_type": "link",
                            "clicked_item_url": "https://www.mako.co.il/mako-vod-keshet/eretz_nehederet-more_headlines",
                            "clicked_channel_id": "42d5b1b0749b3710VgnVCM100000700a10acRCRD",
                            "referring_component": "9ced3b0e-page-navi-refc-eb3fe7b8e0de"
                        }
                    },
                    {
                        "current": false,
                        "seasonTitle": "עונה 18",
                        "pageUrl": "/mako-vod-keshet/eretz_nehederet-s18",
                        "domoClick": {
                            "content_type": "channel",
                            "channel_depth": -1,
                            "clicked_item_id": "17d1ef997de86710VgnVCM100000700a10acRCRD",
                            "click_type": "link",
                            "clicked_item_url": "https://www.mako.co.il/mako-vod-keshet/eretz_nehederet-s18",
                            "clicked_channel_id": "17d1ef997de86710VgnVCM100000700a10acRCRD",
                            "referring_component": "9ced3b0e-page-navi-refc-eb3fe7b8e0de"
                        }
                    },
                    {
                        "current": false,
                        "seasonTitle": "עונה 19",
                        "pageUrl": "/mako-vod-keshet/eretz_nehederet-s19",
                        "domoClick": {
                            "content_type": "channel",
                            "channel_depth": -1,
                            "clicked_item_id": "d371563eb8bec710VgnVCM200000650a10acRCRD",
                            "click_type": "link",
                            "clicked_item_url": "https://www.mako.co.il/mako-vod-keshet/eretz_nehederet-s19",
                            "clicked_channel_id": "d371563eb8bec710VgnVCM200000650a10acRCRD",
                            "referring_component": "9ced3b0e-page-navi-refc-eb3fe7b8e0de"
                        }
                    },
                    {
                        "current": false,
                        "seasonTitle": "עונה 20",
                        "pageUrl": "/mako-vod-keshet/eretz_nehederet-s20",
                        "domoClick": {
                            "content_type": "channel",
                            "channel_depth": -1,
                            "clicked_item_id": "20bf32f4a0a53810VgnVCM100000700a10acRCRD",
                            "click_type": "link",
                            "clicked_item_url": "https://www.mako.co.il/mako-vod-keshet/eretz_nehederet-s20",
                            "clicked_channel_id": "20bf32f4a0a53810VgnVCM100000700a10acRCRD",
                            "referring_component": "9ced3b0e-page-navi-refc-eb3fe7b8e0de"
                        }
                    },
                    {
                        "current": false,
                        "seasonTitle": "עונה 21",
                        "pageUrl": "/mako-vod-keshet/eretz_nehederet-s21",
                        "domoClick": {
                            "content_type": "channel",
                            "channel_depth": -1,
                            "clicked_item_id": "b5ae2a8ecab7b810VgnVCM100000700a10acRCRD",
                            "click_type": "link",
                            "clicked_item_url": "https://www.mako.co.il/mako-vod-keshet/eretz_nehederet-s21",
                            "clicked_channel_id": "b5ae2a8ecab7b810VgnVCM100000700a10acRCRD",
                            "referring_component": "9ced3b0e-page-navi-refc-eb3fe7b8e0de"
                        }
                    },
                    {
                        "current": false,
                        "seasonTitle": "עונה 22",
                        "pageUrl": "/mako-vod-keshet/eretz_nehederet-s22",
                        "domoClick": {
                            "content_type": "channel",
                            "channel_depth": -1,
                            "clicked_item_id": "bc6a5d06d46f2910VgnVCM200000650a10acRCRD",
                            "click_type": "link",
                            "clicked_item_url": "https://www.mako.co.il/mako-vod-keshet/eretz_nehederet-s22",
                            "clicked_channel_id": "bc6a5d06d46f2910VgnVCM200000650a10acRCRD",
                            "referring_component": "9ced3b0e-page-navi-refc-eb3fe7b8e0de"
                        }
                    }
                ],
                "menu": [
                    {
                        "buttonText": "פרקים",
                        "id": "allEpisodes",
                        "vcmid": "fa4d7c38f47cb310VgnVCM2000002a0c10acRCRD",
                        "channelId": "fa4d7c38f47cb310VgnVCM2000002a0c10acRCRD",
                        "makoRefComp": "All_Episodes",
                        "pageUrl": "/mako-vod-keshet/eretz_nehederet-s10",
                        "domoClick": {
                            "content_type": "channel",
                            "channel_depth": -1,
                            "clicked_item_id": "fa4d7c38f47cb310VgnVCM2000002a0c10acRCRD",
                            "click_type": "link",
                            "clicked_item_url": "https://www.mako.co.il/mako-vod-keshet/eretz_nehederet-s10",
                            "clicked_channel_id": "fa4d7c38f47cb310VgnVCM2000002a0c10acRCRD",
                            "referring_component": "9ced3b0e-page-navi-refc-eb3fe7b8e0de"
                        },
                        "open": true,
                        "vods": [
                            {
                                "componentLayout": "vod",
                                "channelId": "fa4d7c38f47cb310VgnVCM2000002a0c10acRCRD",
                                "itemVcmId": "f8027316d5ecb310VgnVCM2000002a0c10acRCRD",
                                "galleryChannelId": "f8027316d5ecb310VgnVCM2000002a0c10acRCRD",
                                "title": "בחירות 2013 - מתחילים",
                                "pageUrl": "/mako-vod-keshet/eretz_nehederet-s10/VOD-f8027316d5ecb31006.htm",
                                "domoClick": {
                                    "content_type": "vod",
                                    "channel_depth": -1,
                                    "clicked_item_id": "f8027316d5ecb310VgnVCM2000002a0c10acRCRD",
                                    "click_type": "link",
                                    "clicked_item_url": "https://www.mako.co.il/mako-vod-keshet/eretz_nehederet-s10/VOD-f8027316d5ecb31006.htm",
                                    "clicked_channel_id": "fa4d7c38f47cb310VgnVCM2000002a0c10acRCRD",
                                    "referring_component": "16f079a6-page-prom-refc-4bfb03e240e9"
                                },
                                "pics": [
                                    {
                                        "picUrl": "https://img.mako.co.il/2012/12/24/eretz10_01_VOD_WIDE_i.jpg",
                                        "altText": "פרק 1"
                                    }
                                ],
                                "extraInfo": "פרק 1@24.12.12",
                                "aIL": true,
                                "aINT": true
                            },
                            {
                                "componentLayout": "vod",
                                "channelId": "fa4d7c38f47cb310VgnVCM2000002a0c10acRCRD",
                                "itemVcmId": "eb7478fa891fb310VgnVCM2000002a0c10acRCRD",
                                "galleryChannelId": "eb7478fa891fb310VgnVCM2000002a0c10acRCRD",
                                "title": "חוגגים סילבסטר",
                                "pageUrl": "/mako-vod-keshet/eretz_nehederet-s10/VOD-eb7478fa891fb31006.htm",
                                "domoClick": {
                                    "content_type": "vod",
                                    "channel_depth": -1,
                                    "clicked_item_id": "eb7478fa891fb310VgnVCM2000002a0c10acRCRD",
                                    "click_type": "link",
                                    "clicked_item_url": "https://www.mako.co.il/mako-vod-keshet/eretz_nehederet-s10/VOD-eb7478fa891fb31006.htm",
                                    "clicked_channel_id": "fa4d7c38f47cb310VgnVCM2000002a0c10acRCRD",
                                    "referring_component": "16f079a6-page-prom-refc-4bfb03e240e9"
                                },
                                "pics": [
                                    {
                                        "picUrl": "https://img.mako.co.il/2012/12/31/eretz10_02_VOD_WIDE_i.jpg",
                                        "altText": "פרק 2"
                                    }
                                ],
                                "extraInfo": "פרק 2@31.12.12",
                                "aIL": true,
                                "aINT": false
                            },
                            {
                                "componentLayout": "vod",
                                "channelId": "fa4d7c38f47cb310VgnVCM2000002a0c10acRCRD",
                                "itemVcmId": "02dbf6d43161c310VgnVCM2000002a0c10acRCRD",
                                "galleryChannelId": "02dbf6d43161c310VgnVCM2000002a0c10acRCRD",
                                "title": "המפגש הסודי",
                                "pageUrl": "/mako-vod-keshet/eretz_nehederet-s10/VOD-02dbf6d43161c31006.htm",
                                "domoClick": {
                                    "content_type": "vod",
                                    "channel_depth": -1,
                                    "clicked_item_id": "02dbf6d43161c310VgnVCM2000002a0c10acRCRD",
                                    "click_type": "link",
                                    "clicked_item_url": "https://www.mako.co.il/mako-vod-keshet/eretz_nehederet-s10/VOD-02dbf6d43161c31006.htm",
                                    "clicked_channel_id": "fa4d7c38f47cb310VgnVCM2000002a0c10acRCRD",
                                    "referring_component": "16f079a6-page-prom-refc-4bfb03e240e9"
                                },
                                "pics": [
                                    {
                                        "picUrl": "https://img.mako.co.il/2013/01/20/Eretz10_03_02reunion_WIDE_fix_i.jpg",
                                        "altText": "האיחוד הגדול של המרכז-שמאל"
                                    }
                                ],
                                "extraInfo": "פרק 3@07.01.13",
                                "aIL": true,
                                "aINT": false
                            },
                            {
                                "componentLayout": "vod",
                                "channelId": "fa4d7c38f47cb310VgnVCM2000002a0c10acRCRD",
                                "itemVcmId": "8b549d96eae3c310VgnVCM2000002a0c10acRCRD",
                                "galleryChannelId": "8b549d96eae3c310VgnVCM2000002a0c10acRCRD",
                                "title": "תשדירי הבחירות",
                                "pageUrl": "/mako-vod-keshet/eretz_nehederet-s10/VOD-8b549d96eae3c31006.htm",
                                "domoClick": {
                                    "content_type": "vod",
                                    "channel_depth": -1,
                                    "clicked_item_id": "8b549d96eae3c310VgnVCM2000002a0c10acRCRD",
                                    "click_type": "link",
                                    "clicked_item_url": "https://www.mako.co.il/mako-vod-keshet/eretz_nehederet-s10/VOD-8b549d96eae3c31006.htm",
                                    "clicked_channel_id": "fa4d7c38f47cb310VgnVCM2000002a0c10acRCRD",
                                    "referring_component": "16f079a6-page-prom-refc-4bfb03e240e9"
                                },
                                "pics": [
                                    {
                                        "picUrl": "https://img.mako.co.il/2013/01/15/eretz10_04_VOD_WIDE_i.jpg",
                                        "altText": "פרק 4"
                                    }
                                ],
                                "extraInfo": "פרק 4@15.01.13",
                                "aIL": true,
                                "aINT": false
                            },
                            {
                                "componentLayout": "vod",
                                "channelId": "fa4d7c38f47cb310VgnVCM2000002a0c10acRCRD",
                                "itemVcmId": "831b3fbd9a36c310VgnVCM2000002a0c10acRCRD",
                                "galleryChannelId": "831b3fbd9a36c310VgnVCM2000002a0c10acRCRD",
                                "title": "סיכום הבחירות",
                                "pageUrl": "/mako-vod-keshet/eretz_nehederet-s10/VOD-831b3fbd9a36c31006.htm",
                                "domoClick": {
                                    "content_type": "vod",
                                    "channel_depth": -1,
                                    "clicked_item_id": "831b3fbd9a36c310VgnVCM2000002a0c10acRCRD",
                                    "click_type": "link",
                                    "clicked_item_url": "https://www.mako.co.il/mako-vod-keshet/eretz_nehederet-s10/VOD-831b3fbd9a36c31006.htm",
                                    "clicked_channel_id": "fa4d7c38f47cb310VgnVCM2000002a0c10acRCRD",
                                    "referring_component": "16f079a6-page-prom-refc-4bfb03e240e9"
                                },
                                "pics": [
                                    {
                                        "picUrl": "https://img.mako.co.il/2013/01/22/eretz10_05_10bibi_wins_WIDE_i.jpg",
                                        "altText": "בנימין נתניהו מגיב לראשונה לתוצאות"
                                    }
                                ],
                                "extraInfo": "פרק 5@22.01.13",
                                "aIL": true,
                                "aINT": false
                            },
                            {
                                "componentLayout": "vod",
                                "channelId": "fa4d7c38f47cb310VgnVCM2000002a0c10acRCRD",
                                "itemVcmId": "154a2bd00e18c310VgnVCM2000002a0c10acRCRD",
                                "galleryChannelId": "154a2bd00e18c310VgnVCM2000002a0c10acRCRD",
                                "title": "מבשלים קואליציה",
                                "pageUrl": "/mako-vod-keshet/eretz_nehederet-s10/VOD-154a2bd00e18c31006.htm",
                                "domoClick": {
                                    "content_type": "vod",
                                    "channel_depth": -1,
                                    "clicked_item_id": "154a2bd00e18c310VgnVCM2000002a0c10acRCRD",
                                    "click_type": "link",
                                    "clicked_item_url": "https://www.mako.co.il/mako-vod-keshet/eretz_nehederet-s10/VOD-154a2bd00e18c31006.htm",
                                    "clicked_channel_id": "fa4d7c38f47cb310VgnVCM2000002a0c10acRCRD",
                                    "referring_component": "16f079a6-page-prom-refc-4bfb03e240e9"
                                },
                                "pics": [
                                    {
                                        "picUrl": "https://img.mako.co.il/2013/01/28/Eretz10_06_VOD_WIDE_i.jpg",
                                        "altText": "פרק 6"
                                    }
                                ],
                                "extraInfo": "פרק 6@28.01.13",
                                "aIL": true,
                                "aINT": false
                            },
                            {
                                "componentLayout": "vod",
                                "channelId": "fa4d7c38f47cb310VgnVCM2000002a0c10acRCRD",
                                "itemVcmId": "a0766a72f99cc310VgnVCM2000002a0c10acRCRD",
                                "galleryChannelId": "a0766a72f99cc310VgnVCM2000002a0c10acRCRD",
                                "title": "גורי אלפי מתארח",
                                "pageUrl": "/mako-vod-keshet/eretz_nehederet-s10/VOD-a0766a72f99cc31006.htm",
                                "domoClick": {
                                    "content_type": "vod",
                                    "channel_depth": -1,
                                    "clicked_item_id": "a0766a72f99cc310VgnVCM2000002a0c10acRCRD",
                                    "click_type": "link",
                                    "clicked_item_url": "https://www.mako.co.il/mako-vod-keshet/eretz_nehederet-s10/VOD-a0766a72f99cc31006.htm",
                                    "clicked_channel_id": "fa4d7c38f47cb310VgnVCM2000002a0c10acRCRD",
                                    "referring_component": "16f079a6-page-prom-refc-4bfb03e240e9"
                                },
                                "pics": [
                                    {
                                        "picUrl": "https://img.mako.co.il/2013/02/11/eretz10_07_VOD_WIDE_i.jpg",
                                        "altText": "פרק 7"
                                    }
                                ],
                                "extraInfo": "פרק 7@11.02.13",
                                "aIL": true,
                                "aINT": false
                            },
                            {
                                "componentLayout": "vod",
                                "channelId": "fa4d7c38f47cb310VgnVCM2000002a0c10acRCRD",
                                "itemVcmId": "6ef498cce0eec310VgnVCM2000002a0c10acRCRD",
                                "galleryChannelId": "6ef498cce0eec310VgnVCM2000002a0c10acRCRD",
                                "title": "התאומים מבית ספר למוסיקה",
                                "pageUrl": "/mako-vod-keshet/eretz_nehederet-s10/VOD-6ef498cce0eec31006.htm",
                                "domoClick": {
                                    "content_type": "vod",
                                    "channel_depth": -1,
                                    "clicked_item_id": "6ef498cce0eec310VgnVCM2000002a0c10acRCRD",
                                    "click_type": "link",
                                    "clicked_item_url": "https://www.mako.co.il/mako-vod-keshet/eretz_nehederet-s10/VOD-6ef498cce0eec31006.htm",
                                    "clicked_channel_id": "fa4d7c38f47cb310VgnVCM2000002a0c10acRCRD",
                                    "referring_component": "16f079a6-page-prom-refc-4bfb03e240e9"
                                },
                                "pics": [
                                    {
                                        "picUrl": "https://img.mako.co.il/2013/02/18/Eretz10_08_VOD_WIDE_i.jpg",
                                        "altText": "ארץ נהדרת"
                                    }
                                ],
                                "extraInfo": "פרק 8@18.02.13",
                                "aIL": true,
                                "aINT": false
                            },
                            {
                                "componentLayout": "vod",
                                "channelId": "fa4d7c38f47cb310VgnVCM2000002a0c10acRCRD",
                                "itemVcmId": "8bd0536b7621d310VgnVCM2000002a0c10acRCRD",
                                "galleryChannelId": "8bd0536b7621d310VgnVCM2000002a0c10acRCRD",
                                "title": "ספיישל פורים",
                                "pageUrl": "/mako-vod-keshet/eretz_nehederet-s10/VOD-8bd0536b7621d31006.htm",
                                "domoClick": {
                                    "content_type": "vod",
                                    "channel_depth": -1,
                                    "clicked_item_id": "8bd0536b7621d310VgnVCM2000002a0c10acRCRD",
                                    "click_type": "link",
                                    "clicked_item_url": "https://www.mako.co.il/mako-vod-keshet/eretz_nehederet-s10/VOD-8bd0536b7621d31006.htm",
                                    "clicked_channel_id": "fa4d7c38f47cb310VgnVCM2000002a0c10acRCRD",
                                    "referring_component": "16f079a6-page-prom-refc-4bfb03e240e9"
                                },
                                "pics": [
                                    {
                                        "picUrl": "https://img.mako.co.il/2013/02/25/Eretz10_09_VOD_WIDE_i.jpg",
                                        "altText": "ארץ נהדרת"
                                    }
                                ],
                                "extraInfo": "פרק 9@25.02.13",
                                "aIL": true,
                                "aINT": false
                            },
                            {
                                "componentLayout": "vod",
                                "channelId": "fa4d7c38f47cb310VgnVCM2000002a0c10acRCRD",
                                "itemVcmId": "79f8c4445e53d310VgnVCM2000002a0c10acRCRD",
                                "galleryChannelId": "79f8c4445e53d310VgnVCM2000002a0c10acRCRD",
                                "title": "נפגש ברבנות",
                                "pageUrl": "/mako-vod-keshet/eretz_nehederet-s10/VOD-79f8c4445e53d31006.htm",
                                "domoClick": {
                                    "content_type": "vod",
                                    "channel_depth": -1,
                                    "clicked_item_id": "79f8c4445e53d310VgnVCM2000002a0c10acRCRD",
                                    "click_type": "link",
                                    "clicked_item_url": "https://www.mako.co.il/mako-vod-keshet/eretz_nehederet-s10/VOD-79f8c4445e53d31006.htm",
                                    "clicked_channel_id": "fa4d7c38f47cb310VgnVCM2000002a0c10acRCRD",
                                    "referring_component": "16f079a6-page-prom-refc-4bfb03e240e9"
                                },
                                "pics": [
                                    {
                                        "picUrl": "https://img.mako.co.il/2013/03/04/Eretz10_10_VOD_WIDE_i.jpg",
                                        "altText": "פרק 10"
                                    }
                                ],
                                "extraInfo": "פרק 10@04.03.13",
                                "aIL": true,
                                "aINT": false
                            },
                            {
                                "componentLayout": "ad",
                                "index": 1,
                                "iu": "242748299/mako/vod/vod_keshet/JAMBO1_970",
                                "sizes": "{[[970, 90]]}",
                                "mobileIu": "242748299/mako/vod/vod_keshet/MOBILE_MONSTER1_300x250",
                                "mobileSizes": "{['fluid', [300, 250]]}"
                            },
                            {
                                "componentLayout": "vod",
                                "channelId": "fa4d7c38f47cb310VgnVCM2000002a0c10acRCRD",
                                "itemVcmId": "3aaacd7f4c95d310VgnVCM2000002a0c10acRCRD",
                                "galleryChannelId": "3aaacd7f4c95d310VgnVCM2000002a0c10acRCRD",
                                "title": "להקת \"לא בכיוון\"",
                                "pageUrl": "/mako-vod-keshet/eretz_nehederet-s10/VOD-3aaacd7f4c95d31006.htm",
                                "domoClick": {
                                    "content_type": "vod",
                                    "channel_depth": -1,
                                    "clicked_item_id": "3aaacd7f4c95d310VgnVCM2000002a0c10acRCRD",
                                    "click_type": "link",
                                    "clicked_item_url": "https://www.mako.co.il/mako-vod-keshet/eretz_nehederet-s10/VOD-3aaacd7f4c95d31006.htm",
                                    "clicked_channel_id": "fa4d7c38f47cb310VgnVCM2000002a0c10acRCRD",
                                    "referring_component": "16f079a6-page-prom-refc-4bfb03e240e9"
                                },
                                "pics": [
                                    {
                                        "picUrl": "https://img.mako.co.il/2013/03/11/Eretz10_11_VOD_WIDE_i.jpg",
                                        "altText": "פרק 11"
                                    }
                                ],
                                "extraInfo": "פרק 11@11.03.13",
                                "aIL": true,
                                "aINT": false
                            },
                            {
                                "componentLayout": "vod",
                                "channelId": "fa4d7c38f47cb310VgnVCM2000002a0c10acRCRD",
                                "itemVcmId": "a2826f711bd7d310VgnVCM2000002a0c10acRCRD",
                                "galleryChannelId": "a2826f711bd7d310VgnVCM2000002a0c10acRCRD",
                                "title": "אובמה מתכונן לביקור",
                                "pageUrl": "/mako-vod-keshet/eretz_nehederet-s10/VOD-a2826f711bd7d31006.htm",
                                "domoClick": {
                                    "content_type": "vod",
                                    "channel_depth": -1,
                                    "clicked_item_id": "a2826f711bd7d310VgnVCM2000002a0c10acRCRD",
                                    "click_type": "link",
                                    "clicked_item_url": "https://www.mako.co.il/mako-vod-keshet/eretz_nehederet-s10/VOD-a2826f711bd7d31006.htm",
                                    "clicked_channel_id": "fa4d7c38f47cb310VgnVCM2000002a0c10acRCRD",
                                    "referring_component": "16f079a6-page-prom-refc-4bfb03e240e9"
                                },
                                "pics": [
                                    {
                                        "picUrl": "https://img.mako.co.il/2013/03/18/eretz10_12_VOD_WIDE_i.jpg",
                                        "altText": "פרק 12"
                                    }
                                ],
                                "extraInfo": "פרק 12@18.03.13",
                                "aIL": true,
                                "aINT": false
                            },
                            {
                                "componentLayout": "vod",
                                "channelId": "fa4d7c38f47cb310VgnVCM2000002a0c10acRCRD",
                                "itemVcmId": "060cffec9d3ed310VgnVCM2000002a0c10acRCRD",
                                "galleryChannelId": "060cffec9d3ed310VgnVCM2000002a0c10acRCRD",
                                "title": "פרק סיום העונה",
                                "pageUrl": "/mako-vod-keshet/eretz_nehederet-s10/VOD-060cffec9d3ed31006.htm",
                                "domoClick": {
                                    "content_type": "vod",
                                    "channel_depth": -1,
                                    "clicked_item_id": "060cffec9d3ed310VgnVCM2000002a0c10acRCRD",
                                    "click_type": "link",
                                    "clicked_item_url": "https://www.mako.co.il/mako-vod-keshet/eretz_nehederet-s10/VOD-060cffec9d3ed31006.htm",
                                    "clicked_channel_id": "fa4d7c38f47cb310VgnVCM2000002a0c10acRCRD",
                                    "referring_component": "16f079a6-page-prom-refc-4bfb03e240e9"
                                },
                                "pics": [
                                    {
                                        "picUrl": "https://img.mako.co.il/2013/04/17/eretz_nehedert44_i.jpg",
                                        "altText": "פרק 13"
                                    }
                                ],
                                "extraInfo": "פרק 13@07.04.13",
                                "aIL": true,
                                "aINT": false
                            },
                            {
                                "componentLayout": "vod",
                                "channelId": "fa4d7c38f47cb310VgnVCM2000002a0c10acRCRD",
                                "itemVcmId": "3efd4ec4e81ce310VgnVCM2000002a0c10acRCRD",
                                "galleryChannelId": "3efd4ec4e81ce310VgnVCM2000002a0c10acRCRD",
                                "title": "ספיישל העשור",
                                "pageUrl": "/mako-vod-keshet/eretz_nehederet-s10/VOD-3efd4ec4e81ce31006.htm",
                                "domoClick": {
                                    "content_type": "vod",
                                    "channel_depth": -1,
                                    "clicked_item_id": "3efd4ec4e81ce310VgnVCM2000002a0c10acRCRD",
                                    "click_type": "link",
                                    "clicked_item_url": "https://www.mako.co.il/mako-vod-keshet/eretz_nehederet-s10/VOD-3efd4ec4e81ce31006.htm",
                                    "clicked_channel_id": "fa4d7c38f47cb310VgnVCM2000002a0c10acRCRD",
                                    "referring_component": "16f079a6-page-prom-refc-4bfb03e240e9"
                                },
                                "pics": [
                                    {
                                        "picUrl": "https://img.mako.co.il/2013/05/20/eretz_nehedert_10-years_i.jpg",
                                        "altText": "ספיישל העשור של ארץ נהדרת"
                                    }
                                ],
                                "extraInfo": "פרק 14@20.05.13",
                                "aIL": true,
                                "aINT": false
                            },
                            {
                                "componentLayout": "vod",
                                "channelId": "fa4d7c38f47cb310VgnVCM2000002a0c10acRCRD",
                                "itemVcmId": "c046dbc43f903410VgnVCM2000002a0c10acRCRD",
                                "galleryChannelId": "c046dbc43f903410VgnVCM2000002a0c10acRCRD",
                                "title": "קליפ סיכום עונה 10",
                                "pageUrl": "/mako-vod-keshet/eretz_nehederet-s10/VOD-c046dbc43f90341006.htm",
                                "domoClick": {
                                    "content_type": "vod",
                                    "channel_depth": -1,
                                    "clicked_item_id": "c046dbc43f903410VgnVCM2000002a0c10acRCRD",
                                    "click_type": "link",
                                    "clicked_item_url": "https://www.mako.co.il/mako-vod-keshet/eretz_nehederet-s10/VOD-c046dbc43f90341006.htm",
                                    "clicked_channel_id": "fa4d7c38f47cb310VgnVCM2000002a0c10acRCRD",
                                    "referring_component": "16f079a6-page-prom-refc-4bfb03e240e9"
                                },
                                "pics": [
                                    {
                                        "picUrl": "https://img.mako.co.il/2013/12/19/eretz10_academy_i.jpg",
                                        "altText": "קליפ סיכום עונה 10"
                                    }
                                ],
                                "extraInfo": "פרק 15@19.12.13",
                                "aIL": true,
                                "aINT": false
                            }
                        ]
                    },
                    {
                        "buttonText": "קטעים קצרים",
                        "id": "shorts",
                        "vcmid": "0feb4973e8ef6810VgnVCM100000700a10acRCRD",
                        "channelId": "0feb4973e8ef6810VgnVCM100000700a10acRCRD",
                        "makoRefComp": "Shorts",
                        "pageUrl": "/mako-vod-keshet/eretz_nehederet-s10/shorts",
                        "domoClick": {
                            "content_type": "channel",
                            "channel_depth": -1,
                            "clicked_item_id": "0feb4973e8ef6810VgnVCM100000700a10acRCRD",
                            "click_type": "link",
                            "clicked_item_url": "https://www.mako.co.il/mako-vod-keshet/eretz_nehederet-s10/shorts",
                            "clicked_channel_id": "0feb4973e8ef6810VgnVCM100000700a10acRCRD",
                            "referring_component": "9ced3b0e-page-navi-refc-eb3fe7b8e0de"
                        },
                        "open": false
                    },
                    {
                        "buttonText": "קרדיטים",
                        "id": "credits",
                        "vcmid": "Credits",
                        "channelId": "fa4d7c38f47cb310VgnVCM2000002a0c10acRCRD",
                        "makoRefComp": "Credits",
                        "pageUrl": "/mako-vod-keshet/eretz_nehederet-s22?type=credits",
                        "domoClick": {
                            "content_type": "fabricated",
                            "clicked_item_id": "a7a32f51-cred-its--id-e-0491fe30f859",
                            "click_type": "link",
                            "clicked_item_url": "https://www.mako.co.il/mako-vod-keshet/eretz_nehederet-s22?type=credits",
                            "clicked_channel_id": "bc6a5d06d46f2910VgnVCM200000650a10acRCRD",
                            "referring_component": "9ced3b0e-page-navi-refc-eb3fe7b8e0de"
                        },
                        "credits": [
                            {
                                "value": "איל קיציס",
                                "key": "host",
                                "text": "מנחה:"
                            },
                            {
                                "value": "איל קיציס, אלי פיניש, עלמה זק, מריאנו אידלמן, ליאת הר לב, ערן זרחוביץ', יובל סמו, רועי בר נתן, ירון ברלד, שני כהן, תום יער, תמיר בר, אמיר שורוש, אורי לייזרוביץ', ליאור אשכנזי, גיה באר גורביץ', יניב ביטון, אסי כהן",
                                "key": "participance",
                                "text": "משתתפים:"
                            },
                            {
                                "value": "מולי שגב | כותבים: אסף שלמון, דוד ליפשיץ, אסף גפן, איתי רייכר, אילן שפלר, שרון טייכר, עומר ריבק, דור",
                                "key": "mainEditor",
                                "text": "עורך ראשי:"
                            },
                            {
                                "value": "שירי מיכאלי",
                                "key": "producer",
                                "text": "מפיק:"
                            },
                            {
                                "value": "קשת",
                                "key": "productionCompany",
                                "text": "חברת הפקה:"
                            }
                        ]
                    }
                ],
                "historyObject": {
                    "title": "בחירות 2013 - מתחילים",
                    "programId": "5cf467a604643210VgnVCM2000002a0c10acRCRD",
                    "pageUrl": "/mako-vod-keshet/eretz_nehederet-s10/VOD-f8027316d5ecb31006.htm",
                    "domoClick": {
                        "content_type": "vod",
                        "channel_depth": 3,
                        "clicked_item_id": "f8027316d5ecb310VgnVCM2000002a0c10acRCRD",
                        "click_type": "link",
                        "clicked_item_url": "https://www.mako.co.il/mako-vod-keshet/eretz_nehederet-s10/VOD-f8027316d5ecb31006.htm",
                        "clicked_channel_id": "fa4d7c38f47cb310VgnVCM2000002a0c10acRCRD",
                        "referring_component": "ERROR_NO_REFERRER"
                    },
                    "picUrl": "https://img.mako.co.il/2012/12/24/eretz10_01_VOD_WIDE_i.jpg",
                    "hero": {
                        "title": "ארץ נהדרת",
                        "extraInfo": "עונה 10@פרק 1@24.12.12",
                        "picUrl": "https://img.mako.co.il/2021/07/15/eretz_10_HD_re.jpg",
                        "logo": "https://img.mako.co.il/2022/06/21/logo_eretz.png",
                        "subtitle": "בחירות 2013 - מתחילים",
                        "description": "במי בוחרים המפורסמים בבחירות הקרובות?"
                    },
                    "buttonText": "להמשך צפייה בעונה 10 פרק 1",
                    "sch": "fa4d7c38f47cb310",
                    "seasonUrl": "/mako-vod-keshet/eretz_nehederet-s10"
                }
            }
        },
        "__N_SSP": true
    },
    "page": "/[mako_vod_channel]/[program]",
    "query": {
        "mako_vod_channel": "mako-vod-keshet",
        "program": "eretz_nehederet-s10"
    },
    "buildId": "5.15.0",
    "assetPrefix": "/mako-vod",
    "isFallback": false,
    "gssp": true,
    "customServer": true,
    "scriptLoader": []
}