{
    "props": {
        "pageProps": {
            "menu": {
                "lastUpdate": "Mon, 11 Nov 2024 09:05:33 +0200",
                "timestamp": 1731308733904,
                "header": {
                    "guid": "00b23f399647c710VgnVCM200000650a10acRCRD",
                    "categories": [
                        {
                            "name": "ראשי",
                            "icon": "https://img.mako.co.il/2021/10/10/home.png",
                            "url": "/mako-vod",
                            "domoClick": {
                                "content_type": "channel",
                                "channel_depth": 1,
                                "teaser_id": "a27a2dcbacf4c710VgnVCM200000650a10acRCRD",
                                "clicked_item_id": "b5f4c13070733210VgnVCM2000002a0c10acRCRD",
                                "click_type": "link",
                                "clicked_item_url": "https://www.mako.co.il/mako-vod",
                                "clicked_channel_id": "b5f4c13070733210VgnVCM2000002a0c10acRCRD",
                                "referring_component": "8eb76bc8-glob-navi-refc-2ad659ccef22"
                            }
                        },
                        {
                            "name": "LIVE",
                            "icon": "https://img.mako.co.il/2021/10/10/live.png",
                            "url": "/mako-vod-live-tv/VOD-6540b8dcb64fd31006.htm",
                            "domoClick": {
                                "content_type": "vod",
                                "channel_depth": 1,
                                "teaser_id": "a66819cdc7a6c710VgnVCM100000700a10acRCRD",
                                "clicked_item_id": "6540b8dcb64fd310VgnVCM2000002a0c10acRCRD",
                                "click_type": "link",
                                "clicked_item_url": "https://www.mako.co.il/mako-vod-live-tv/VOD-6540b8dcb64fd31006.htm",
                                "clicked_channel_id": "5d28d21b4580e310VgnVCM2000002a0c10acRCRD",
                                "referring_component": "8eb76bc8-glob-navi-refc-2ad659ccef22"
                            }
                        },
                        {
                            "name": "תוכניות",
                            "icon": "https://img.mako.co.il/2021/10/10/index.png",
                            "url": "/mako-vod-index",
                            "domoClick": {
                                "content_type": "channel",
                                "channel_depth": 2,
                                "teaser_id": "3e8819cdc7a6c710VgnVCM100000700a10acRCRD",
                                "clicked_item_id": "05c2e4caebbe3210VgnVCM100000290c10acRCRD",
                                "click_type": "link",
                                "clicked_item_url": "https://www.mako.co.il/mako-vod-index",
                                "clicked_channel_id": "05c2e4caebbe3210VgnVCM100000290c10acRCRD",
                                "referring_component": "8eb76bc8-glob-navi-refc-2ad659ccef22"
                            }
                        }
                    ]
                },
                "footer": {
                    "guid": "bc533f399647c710VgnVCM200000650a10acRCRD",
                    "categories": [
                        {
                            "name": "אודות +12",
                            "url": "https://makospecial.co.il/about-12plus?makoOpenChromeTabs=1?partner=12plusFooterLinks",
                            "domoClick": {
                                "content_type": "unknown",
                                "channel_depth": -1,
                                "teaser_id": "6b2a6503efec9810VgnVCM200000650a10acRCRD",
                                "clicked_item_id": "unknown",
                                "click_type": "link",
                                "clicked_item_url": "https://makospecial.co.il/about-12plus?makoOpenChromeTabs=1?partner=12plusFooterLinks",
                                "clicked_channel_id": "unknown",
                                "referring_component": "2d2c13d6-glob-foot-refc-de190b394505"
                            }
                        },
                        {
                            "name": "עזרה",
                            "url": "https://www.mako.co.il/mako-vod-help",
                            "domoClick": {
                                "content_type": "channel",
                                "channel_depth": 2,
                                "teaser_id": "1a0e40b549a6c710VgnVCM100000700a10acRCRD",
                                "clicked_item_id": "f13ad9f49196e710VgnVCM200000650a10acRCRD",
                                "click_type": "link",
                                "clicked_item_url": "https://www.mako.co.il/mako-vod-help",
                                "clicked_channel_id": "f13ad9f49196e710VgnVCM200000650a10acRCRD",
                                "referring_component": "2d2c13d6-glob-foot-refc-de190b394505"
                            }
                        },
                        {
                            "name": "לפנייה במייל",
                            "url": "mail",
                            "domoClick": {
                                "content_type": "channel",
                                "channel_depth": 0,
                                "teaser_id": "f4ca40b549a6c710VgnVCM100000700a10acRCRD",
                                "clicked_item_id": "3d385dd2dd5d4110VgnVCM100000290c10acRCRD",
                                "click_type": "link",
                                "clicked_item_url": "https://www.mako.co.ilmail",
                                "clicked_channel_id": "3d385dd2dd5d4110VgnVCM100000290c10acRCRD",
                                "referring_component": "2d2c13d6-glob-foot-refc-de190b394505"
                            }
                        },
                        {
                            "name": "לפנייה ב whatsapp",
                            "url": "https://wa.me/972502010818",
                            "domoClick": {
                                "content_type": "unknown",
                                "channel_depth": -1,
                                "teaser_id": "27c4464ed643c810VgnVCM100000700a10acRCRD",
                                "clicked_item_id": "unknown",
                                "click_type": "link",
                                "clicked_item_url": "https://wa.me/972502010818",
                                "clicked_channel_id": "unknown",
                                "referring_component": "2d2c13d6-glob-foot-refc-de190b394505"
                            }
                        },
                        {
                            "name": "תקנון",
                            "url": "https://www.mako.co.il/mako-vod-help/Article-dd0b75e6b096e71026.htm?partner=12plusFooterLinks",
                            "domoClick": {
                                "content_type": "Article",
                                "channel_depth": 2,
                                "teaser_id": "757f40b549a6c710VgnVCM100000700a10acRCRD",
                                "clicked_item_id": "dd0b75e6b096e710VgnVCM200000650a10acRCRD",
                                "click_type": "link",
                                "clicked_item_url": "https://www.mako.co.il/mako-vod-help/Article-dd0b75e6b096e71026.htm?partner=12plusFooterLinks",
                                "clicked_channel_id": "f13ad9f49196e710VgnVCM200000650a10acRCRD",
                                "referring_component": "2d2c13d6-glob-foot-refc-de190b394505"
                            }
                        },
                        {
                            "name": "הסדרי נגישות",
                            "url": "https://www.mako.co.il/help-5bb6bf4ccf39c110/Article-b7ff18a9de86471026.htm?partner=12plusFooterLinks",
                            "domoClick": {
                                "content_type": "Article",
                                "channel_depth": 2,
                                "teaser_id": "23f4495772220810VgnVCM200000650a10acRCRD",
                                "clicked_item_id": "b7ff18a9de864710VgnVCM200000650a10acRCRD",
                                "click_type": "link",
                                "clicked_item_url": "https://www.mako.co.il/help-5bb6bf4ccf39c110/Article-b7ff18a9de86471026.htm?partner=12plusFooterLinks",
                                "clicked_channel_id": "5bb6bf4ccf39c110VgnVCM100000290c10acRCRD",
                                "referring_component": "2d2c13d6-glob-foot-refc-de190b394505"
                            }
                        },
                        {
                            "name": "מדיניות פרטיות ותנאי שימוש",
                            "url": "https://www.mako.co.il/help-terms-of-use/Article-d37908dd1674c11006.htm?partner=12plusFooterLinks",
                            "domoClick": {
                                "content_type": "Article",
                                "channel_depth": 2,
                                "teaser_id": "e5c040b549a6c710VgnVCM100000700a10acRCRD",
                                "clicked_item_id": "d37908dd1674c110VgnVCM2000002a0c10acRCRD",
                                "click_type": "link",
                                "clicked_item_url": "https://www.mako.co.il/help-terms-of-use/Article-d37908dd1674c11006.htm?partner=12plusFooterLinks",
                                "clicked_channel_id": "345705dfcebcb110VgnVCM2000002a0c10acRCRD",
                                "referring_component": "2d2c13d6-glob-foot-refc-de190b394505"
                            }
                        }
                    ]
                }
            },
            "logos": {
                "lastUpdate": "Mon, 11 Nov 2024 09:05:32 +0200",
                "timestamp": 1731308732971,
                "headerLogo": {
                    "guid": "9dabeac4fa6cc710VgnVCM200000650a10acRCRD",
                    "desktopLogo": "https://img.mako.co.il/2024/10/10/logo-12-desktop.png",
                    "mobileWebLogo": "https://img.mako.co.il/2024/10/10/LOGO_12_mobile.png",
                    "mobileAppLogo": "https://img.mako.co.il/2024/10/09/LOGO_12__mobileApp.png",
                    "smartTVLogo": "https://img.mako.co.il/2021/10/28/Logo_12+_smartTV.png"
                }
            },
            "data": {
                "lastUpdate": "Fri, 08 Nov 2024 18:36:48 +0200",
                "timestamp": 1731083808122,
                "pageType": "Subvertical",
                "channelId": "5adfa33919243410VgnVCM2000002a0c10acRCRD",
                "sch": "5adfa33919243410",
                "channelName": "עונה 11",
                "pageUrl": "/mako-vod-keshet/eretz_nehederet-s11",
                "domoPageView": {
                    "content_type": "channel",
                    "item_id": "5adfa33919243410VgnVCM2000002a0c10acRCRD",
                    "channel_id": "5adfa33919243410VgnVCM2000002a0c10acRCRD",
                    "channel_depth": 3,
                    "page_url": "https://www.mako.co.il/mako-vod-keshet/eretz_nehederet-s11",
                    "is_blocked_content": {
                        "israel": 0,
                        "international": 0
                    }
                },
                "preload": true,
                "makoCatDFP": {
                    "cust_params": {
                        "location_sub_campaign": "%LOCATION_SUB_CAMPAIGN%",
                        "payinguser": "%IS_PAYING_USER%",
                        "video_from_time": "%VIDEO_FROM_TIME%",
                        "bundleId": "%PRODUCT_BUNDLE_ID%",
                        "pushTags": "%PUSH_TAGS%",
                        "language": "%LANGUAGE%",
                        "locale": "%LOCALE%",
                        "deviceid": "%DEVICE_ID%",
                        "version": "%VERSION%",
                        "devicetype": "%DEVICE_TYPE%",
                        "MAKOPAGE": "%GUID%",
                        "advertiserId": "%ADVERTISER_ID%",
                        "carrier": "%CARRIER%",
                        "LEVEL4": "vod_eretz",
                        "osVersion": "%OS_VERSION%",
                        "LEVEL5": "s11",
                        "paidContent": "%IS_PAID_CONTENT%",
                        "appid": "%APP_ID%",
                        "makoHN": "%HOUSE_NUMBERS%",
                        "random_number": "%RANDOM_NUMBER%",
                        "osType": "%OS_TYPE%",
                        "deviceModel": "%DEVICE_MODEL%",
                        "pushTrigger": "%PUSH_TRIGGER%"
                    },
                    "iu": "/242748299/mako/vod/vod_keshet/"
                },
                "seo": {
                    "title": "ארץ נהדרת, עונה 11 - לצפייה ישירה",
                    "description": "ארץ נהדרת עונה 11 לצפייה ישירה. הקרב על יוקר המחייה מול הטייקונים והבנקים, המו\"מ עם הפלסטינים מתפוצץ, רני רהב, איש המרתון, פרופ' לייבניץ, המונית של אשר ופינת הליטוף",
                    "type": "tv_show",
                    "image": "https://img.mako.co.il/2021/03/25/eretz_yaniv_HD_Size2_autoOrient_i.jpg",
                    "canonical": "https://www.mako.co.il/mako-vod-keshet/eretz_nehederet-s11",
                    "schema": {
                        "@context": "https://schema.org",
                        "@type": "TVSeason",
                        "name": "עונה 11",
                        "description": "הקרב על יוקר המחייה מול הטייקונים והבנקים, המו\"מ עם הפלסטינים מתפוצץ, רני רהב, איש המרתון, פרופ' לייבניץ, המונית של אשר ופינת הליטוף של ניר וגלי",
                        "image": "https://img.mako.co.il/2021/03/25/eretz_yaniv_HD_Size2_autoOrient_i.jpg",
                        "numberOfEpisodes": 14,
                        "url": "https://www.mako.co.il/mako-vod-keshet/eretz_nehederet-s11",
                        "partOfTVSeries": {
                            "@type": "TVSeries",
                            "name": "ארץ נהדרת",
                            "url": "https://www.mako.co.il/mako-vod-keshet/eretz_nehederet"
                        },
                        "genre": [
                            "בידור",
                            "קומדיה"
                        ],
                        "provider": {
                            "@type": "Organization",
                            "name": "תכניות קשת"
                        },
                        "publisher": {
                            "@type": "NewsMediaOrganization",
                            "name": "שידורי קשת"
                        },
                        "sameAs": [
                            "https://www.mako.co.il/tv-erez-nehederet/cc0e3d99ade16110"
                        ]
                    }
                },
                "vod": {
                    "channelId": "5adfa33919243410VgnVCM2000002a0c10acRCRD",
                    "itemVcmId": "6f7e9a5088253410VgnVCM2000002a0c10acRCRD",
                    "galleryChannelId": "6f7e9a5088253410VgnVCM2000002a0c10acRCRD",
                    "programId": "5cf467a604643210VgnVCM2000002a0c10acRCRD",
                    "mostCurrent": false,
                    "pageUrl": "/mako-vod-keshet/eretz_nehederet-s11/VOD-6f7e9a508825341006.htm",
                    "domoClick": {
                        "content_type": "vod",
                        "channel_depth": -1,
                        "clicked_item_id": "6f7e9a5088253410VgnVCM2000002a0c10acRCRD",
                        "click_type": "link",
                        "clicked_channel_id": "5adfa33919243410VgnVCM2000002a0c10acRCRD",
                        "referring_component": "080b8750-hero-41d9-refc-e6bfe67f099c",
                        "clicked_item_url": "https://www.mako.co.il/mako-vod-keshet/eretz_nehederet-s11/VOD-6f7e9a508825341006.htm"
                    },
                    "domoPlay": {
                        "content_type": "vod",
                        "item_id": "6f7e9a5088253410VgnVCM2000002a0c10acRCRD",
                        "channel_id": "5adfa33919243410VgnVCM2000002a0c10acRCRD",
                        "channel_depth": 3
                    },
                    "aIL": true,
                    "aINT": true,
                    "iPromoType": "Program"
                },
                "hero": {
                    "extraInfo": "23 עונות",
                    "itemVcmId": "c10e9787b4e99710VgnVCM100000700a10acRCRD",
                    "channelId": "5adfa33919243410VgnVCM2000002a0c10acRCRD",
                    "logo": "https://img.mako.co.il/2022/06/21/logo_eretz.png",
                    "logoAltText": "לוגו ארץ נהדרת 2016",
                    "description": "הקרב על יוקר המחייה מול הטייקונים והבנקים, המו\"מ עם הפלסטינים מתפוצץ, רני רהב, איש המרתון, פרופ' לייבניץ, המונית של אשר ופינת הליטוף של ניר וגלי",
                    "pics": [
                        {
                            "picUrl": "https://img.mako.co.il/2021/07/15/eretz_11_HD_re.jpg",
                            "altText": "ארץ נהדרת עונה 11 - HD, ז'אנר, מובייל, כרטיס אשראי"
                        }
                    ],
                    "mobilePics": [
                        {
                            "picUrl": "https://img.mako.co.il/2021/08/22/eretz_11_e.jpg",
                            "altText": "ארץ נהדרת עונה 11 - HD, ז'אנר, מובייל, כרטיס אשראי"
                        }
                    ],
                    "buttonText": "עונה 11 פרק 1",
                    "makoRefComp": "Specific_Episode"
                },
                "seasons": [
                    {
                        "current": false,
                        "seasonTitle": "עונה 1",
                        "pageUrl": "/mako-vod-keshet/eretz_nehederet-s1",
                        "domoClick": {
                            "content_type": "channel",
                            "channel_depth": -1,
                            "clicked_item_id": "bae667a604643210VgnVCM2000002a0c10acRCRD",
                            "click_type": "link",
                            "clicked_channel_id": "bae667a604643210VgnVCM2000002a0c10acRCRD",
                            "referring_component": "9ced3b0e-page-navi-refc-eb3fe7b8e0de",
                            "clicked_item_url": "https://www.mako.co.il/mako-vod-keshet/eretz_nehederet-s1"
                        }
                    },
                    {
                        "current": false,
                        "seasonTitle": "עונה 2",
                        "pageUrl": "/mako-vod-keshet/eretz_nehederet-s2",
                        "domoClick": {
                            "content_type": "channel",
                            "channel_depth": -1,
                            "clicked_item_id": "3d9af64d35643210VgnVCM2000002a0c10acRCRD",
                            "click_type": "link",
                            "clicked_channel_id": "3d9af64d35643210VgnVCM2000002a0c10acRCRD",
                            "referring_component": "9ced3b0e-page-navi-refc-eb3fe7b8e0de",
                            "clicked_item_url": "https://www.mako.co.il/mako-vod-keshet/eretz_nehederet-s2"
                        }
                    },
                    {
                        "current": false,
                        "seasonTitle": "עונה 3",
                        "pageUrl": "/mako-vod-keshet/eretz_nehederet-s3",
                        "domoClick": {
                            "content_type": "channel",
                            "channel_depth": -1,
                            "clicked_item_id": "43cef64d35643210VgnVCM2000002a0c10acRCRD",
                            "click_type": "link",
                            "clicked_channel_id": "43cef64d35643210VgnVCM2000002a0c10acRCRD",
                            "referring_component": "9ced3b0e-page-navi-refc-eb3fe7b8e0de",
                            "clicked_item_url": "https://www.mako.co.il/mako-vod-keshet/eretz_nehederet-s3"
                        }
                    },
                    {
                        "current": false,
                        "seasonTitle": "עונה 4",
                        "pageUrl": "/mako-vod-keshet/eretz_nehederet-s4",
                        "domoClick": {
                            "content_type": "channel",
                            "channel_depth": -1,
                            "clicked_item_id": "d251f64d35643210VgnVCM2000002a0c10acRCRD",
                            "click_type": "link",
                            "clicked_channel_id": "d251f64d35643210VgnVCM2000002a0c10acRCRD",
                            "referring_component": "9ced3b0e-page-navi-refc-eb3fe7b8e0de",
                            "clicked_item_url": "https://www.mako.co.il/mako-vod-keshet/eretz_nehederet-s4"
                        }
                    },
                    {
                        "current": false,
                        "seasonTitle": "עונה 5",
                        "pageUrl": "/mako-vod-keshet/eretz_nehederet-s5",
                        "domoClick": {
                            "content_type": "channel",
                            "channel_depth": -1,
                            "clicked_item_id": "7a03f64d35643210VgnVCM2000002a0c10acRCRD",
                            "click_type": "link",
                            "clicked_channel_id": "7a03f64d35643210VgnVCM2000002a0c10acRCRD",
                            "referring_component": "9ced3b0e-page-navi-refc-eb3fe7b8e0de",
                            "clicked_item_url": "https://www.mako.co.il/mako-vod-keshet/eretz_nehederet-s5"
                        }
                    },
                    {
                        "current": false,
                        "seasonTitle": "עונה 6",
                        "pageUrl": "/mako-vod-keshet/eretz_nehederet-s6",
                        "domoClick": {
                            "content_type": "channel",
                            "channel_depth": -1,
                            "clicked_item_id": "1144f64d35643210VgnVCM2000002a0c10acRCRD",
                            "click_type": "link",
                            "clicked_channel_id": "1144f64d35643210VgnVCM2000002a0c10acRCRD",
                            "referring_component": "9ced3b0e-page-navi-refc-eb3fe7b8e0de",
                            "clicked_item_url": "https://www.mako.co.il/mako-vod-keshet/eretz_nehederet-s6"
                        }
                    },
                    {
                        "current": false,
                        "seasonTitle": "עונה 7",
                        "pageUrl": "/mako-vod-keshet/eretz_nehederet-s7",
                        "domoClick": {
                            "content_type": "channel",
                            "channel_depth": -1,
                            "clicked_item_id": "d0990484ddef5210VgnVCM2000002a0c10acRCRD",
                            "click_type": "link",
                            "clicked_channel_id": "d0990484ddef5210VgnVCM2000002a0c10acRCRD",
                            "referring_component": "9ced3b0e-page-navi-refc-eb3fe7b8e0de",
                            "clicked_item_url": "https://www.mako.co.il/mako-vod-keshet/eretz_nehederet-s7"
                        }
                    },
                    {
                        "current": false,
                        "seasonTitle": "עונה 8",
                        "pageUrl": "/mako-vod-keshet/eretz_nehederet-s8",
                        "domoClick": {
                            "content_type": "channel",
                            "channel_depth": -1,
                            "clicked_item_id": "d839b3585edfc210VgnVCM2000002a0c10acRCRD",
                            "click_type": "link",
                            "clicked_channel_id": "d839b3585edfc210VgnVCM2000002a0c10acRCRD",
                            "referring_component": "9ced3b0e-page-navi-refc-eb3fe7b8e0de",
                            "clicked_item_url": "https://www.mako.co.il/mako-vod-keshet/eretz_nehederet-s8"
                        }
                    },
                    {
                        "current": false,
                        "seasonTitle": "עונה 9",
                        "pageUrl": "/mako-vod-keshet/eretz_nehederet-s9",
                        "domoClick": {
                            "content_type": "channel",
                            "channel_depth": -1,
                            "clicked_item_id": "2c9f87e7250f4310VgnVCM2000002a0c10acRCRD",
                            "click_type": "link",
                            "clicked_channel_id": "2c9f87e7250f4310VgnVCM2000002a0c10acRCRD",
                            "referring_component": "9ced3b0e-page-navi-refc-eb3fe7b8e0de",
                            "clicked_item_url": "https://www.mako.co.il/mako-vod-keshet/eretz_nehederet-s9"
                        }
                    },
                    {
                        "current": false,
                        "seasonTitle": "עונה 10",
                        "pageUrl": "/mako-vod-keshet/eretz_nehederet-s10",
                        "domoClick": {
                            "content_type": "channel",
                            "channel_depth": -1,
                            "clicked_item_id": "fa4d7c38f47cb310VgnVCM2000002a0c10acRCRD",
                            "click_type": "link",
                            "clicked_channel_id": "fa4d7c38f47cb310VgnVCM2000002a0c10acRCRD",
                            "referring_component": "9ced3b0e-page-navi-refc-eb3fe7b8e0de",
                            "clicked_item_url": "https://www.mako.co.il/mako-vod-keshet/eretz_nehederet-s10"
                        }
                    },
                    {
                        "current": true,
                        "seasonTitle": "עונה 11",
                        "pageUrl": "/mako-vod-keshet/eretz_nehederet-s11",
                        "domoClick": {
                            "content_type": "channel",
                            "channel_depth": -1,
                            "clicked_item_id": "5adfa33919243410VgnVCM2000002a0c10acRCRD",
                            "click_type": "link",
                            "clicked_channel_id": "5adfa33919243410VgnVCM2000002a0c10acRCRD",
                            "referring_component": "9ced3b0e-page-navi-refc-eb3fe7b8e0de",
                            "clicked_item_url": "https://www.mako.co.il/mako-vod-keshet/eretz_nehederet-s11"
                        }
                    },
                    {
                        "current": false,
                        "seasonTitle": "עונה 12",
                        "pageUrl": "/mako-vod-keshet/eretz_nehederet-s12",
                        "domoClick": {
                            "content_type": "channel",
                            "channel_depth": -1,
                            "clicked_item_id": "de317051b0cfa410VgnVCM2000002a0c10acRCRD",
                            "click_type": "link",
                            "clicked_channel_id": "de317051b0cfa410VgnVCM2000002a0c10acRCRD",
                            "referring_component": "9ced3b0e-page-navi-refc-eb3fe7b8e0de",
                            "clicked_item_url": "https://www.mako.co.il/mako-vod-keshet/eretz_nehederet-s12"
                        }
                    },
                    {
                        "current": false,
                        "seasonTitle": "עונה 13",
                        "pageUrl": "/mako-vod-keshet/eretz_nehederet-s13",
                        "domoClick": {
                            "content_type": "channel",
                            "channel_depth": -1,
                            "clicked_item_id": "d1417e27b9382510VgnVCM2000002a0c10acRCRD",
                            "click_type": "link",
                            "clicked_channel_id": "d1417e27b9382510VgnVCM2000002a0c10acRCRD",
                            "referring_component": "9ced3b0e-page-navi-refc-eb3fe7b8e0de",
                            "clicked_item_url": "https://www.mako.co.il/mako-vod-keshet/eretz_nehederet-s13"
                        }
                    },
                    {
                        "current": false,
                        "seasonTitle": "עונה 14",
                        "pageUrl": "/mako-vod-keshet/eretz_nehederet-s14",
                        "domoClick": {
                            "content_type": "channel",
                            "channel_depth": -1,
                            "clicked_item_id": "00cb73568955a510VgnVCM2000002a0c10acRCRD",
                            "click_type": "link",
                            "clicked_channel_id": "00cb73568955a510VgnVCM2000002a0c10acRCRD",
                            "referring_component": "9ced3b0e-page-navi-refc-eb3fe7b8e0de",
                            "clicked_item_url": "https://www.mako.co.il/mako-vod-keshet/eretz_nehederet-s14"
                        }
                    },
                    {
                        "current": false,
                        "seasonTitle": "עונה 15",
                        "pageUrl": "/mako-vod-keshet/eretz_nehederet-s15",
                        "domoClick": {
                            "content_type": "channel",
                            "channel_depth": -1,
                            "clicked_item_id": "6ca45b54fd76f510VgnVCM2000002a0c10acRCRD",
                            "click_type": "link",
                            "clicked_channel_id": "6ca45b54fd76f510VgnVCM2000002a0c10acRCRD",
                            "referring_component": "9ced3b0e-page-navi-refc-eb3fe7b8e0de",
                            "clicked_item_url": "https://www.mako.co.il/mako-vod-keshet/eretz_nehederet-s15"
                        }
                    },
                    {
                        "current": false,
                        "seasonTitle": "עונה 16",
                        "pageUrl": "/mako-vod-keshet/eretz_nehederet-s-16",
                        "domoClick": {
                            "content_type": "channel",
                            "channel_depth": -1,
                            "clicked_item_id": "943afc01ace08610VgnVCM2000002a0c10acRCRD",
                            "click_type": "link",
                            "clicked_channel_id": "943afc01ace08610VgnVCM2000002a0c10acRCRD",
                            "referring_component": "9ced3b0e-page-navi-refc-eb3fe7b8e0de",
                            "clicked_item_url": "https://www.mako.co.il/mako-vod-keshet/eretz_nehederet-s-16"
                        }
                    },
                    {
                        "current": false,
                        "seasonTitle": "עונה 17",
                        "pageUrl": "/mako-vod-keshet/eretz_nehederet-s17",
                        "domoClick": {
                            "content_type": "channel",
                            "channel_depth": -1,
                            "clicked_item_id": "19cc03b59965f610VgnVCM200000650a10acRCRD",
                            "click_type": "link",
                            "clicked_channel_id": "19cc03b59965f610VgnVCM200000650a10acRCRD",
                            "referring_component": "9ced3b0e-page-navi-refc-eb3fe7b8e0de",
                            "clicked_item_url": "https://www.mako.co.il/mako-vod-keshet/eretz_nehederet-s17"
                        }
                    },
                    {
                        "current": false,
                        "seasonTitle": "עוד כותרות",
                        "pageUrl": "/mako-vod-keshet/eretz_nehederet-more_headlines",
                        "domoClick": {
                            "content_type": "channel",
                            "channel_depth": -1,
                            "clicked_item_id": "42d5b1b0749b3710VgnVCM100000700a10acRCRD",
                            "click_type": "link",
                            "clicked_channel_id": "42d5b1b0749b3710VgnVCM100000700a10acRCRD",
                            "referring_component": "9ced3b0e-page-navi-refc-eb3fe7b8e0de",
                            "clicked_item_url": "https://www.mako.co.il/mako-vod-keshet/eretz_nehederet-more_headlines"
                        }
                    },
                    {
                        "current": false,
                        "seasonTitle": "עונה 18",
                        "pageUrl": "/mako-vod-keshet/eretz_nehederet-s18",
                        "domoClick": {
                            "content_type": "channel",
                            "channel_depth": -1,
                            "clicked_item_id": "17d1ef997de86710VgnVCM100000700a10acRCRD",
                            "click_type": "link",
                            "clicked_channel_id": "17d1ef997de86710VgnVCM100000700a10acRCRD",
                            "referring_component": "9ced3b0e-page-navi-refc-eb3fe7b8e0de",
                            "clicked_item_url": "https://www.mako.co.il/mako-vod-keshet/eretz_nehederet-s18"
                        }
                    },
                    {
                        "current": false,
                        "seasonTitle": "עונה 19",
                        "pageUrl": "/mako-vod-keshet/eretz_nehederet-s19",
                        "domoClick": {
                            "content_type": "channel",
                            "channel_depth": -1,
                            "clicked_item_id": "d371563eb8bec710VgnVCM200000650a10acRCRD",
                            "click_type": "link",
                            "clicked_channel_id": "d371563eb8bec710VgnVCM200000650a10acRCRD",
                            "referring_component": "9ced3b0e-page-navi-refc-eb3fe7b8e0de",
                            "clicked_item_url": "https://www.mako.co.il/mako-vod-keshet/eretz_nehederet-s19"
                        }
                    },
                    {
                        "current": false,
                        "seasonTitle": "עונה 20",
                        "pageUrl": "/mako-vod-keshet/eretz_nehederet-s20",
                        "domoClick": {
                            "content_type": "channel",
                            "channel_depth": -1,
                            "clicked_item_id": "20bf32f4a0a53810VgnVCM100000700a10acRCRD",
                            "click_type": "link",
                            "clicked_channel_id": "20bf32f4a0a53810VgnVCM100000700a10acRCRD",
                            "referring_component": "9ced3b0e-page-navi-refc-eb3fe7b8e0de",
                            "clicked_item_url": "https://www.mako.co.il/mako-vod-keshet/eretz_nehederet-s20"
                        }
                    },
                    {
                        "current": false,
                        "seasonTitle": "עונה 21",
                        "pageUrl": "/mako-vod-keshet/eretz_nehederet-s21",
                        "domoClick": {
                            "content_type": "channel",
                            "channel_depth": -1,
                            "clicked_item_id": "b5ae2a8ecab7b810VgnVCM100000700a10acRCRD",
                            "click_type": "link",
                            "clicked_channel_id": "b5ae2a8ecab7b810VgnVCM100000700a10acRCRD",
                            "referring_component": "9ced3b0e-page-navi-refc-eb3fe7b8e0de",
                            "clicked_item_url": "https://www.mako.co.il/mako-vod-keshet/eretz_nehederet-s21"
                        }
                    },
                    {
                        "current": false,
                        "seasonTitle": "עונה 22",
                        "pageUrl": "/mako-vod-keshet/eretz_nehederet-s22",
                        "domoClick": {
                            "content_type": "channel",
                            "channel_depth": -1,
                            "clicked_item_id": "bc6a5d06d46f2910VgnVCM200000650a10acRCRD",
                            "click_type": "link",
                            "clicked_channel_id": "bc6a5d06d46f2910VgnVCM200000650a10acRCRD",
                            "referring_component": "9ced3b0e-page-navi-refc-eb3fe7b8e0de",
                            "clicked_item_url": "https://www.mako.co.il/mako-vod-keshet/eretz_nehederet-s22"
                        }
                    }
                ],
                "menu": [
                    {
                        "buttonText": "פרקים",
                        "id": "allEpisodes",
                        "vcmid": "5adfa33919243410VgnVCM2000002a0c10acRCRD",
                        "channelId": "5adfa33919243410VgnVCM2000002a0c10acRCRD",
                        "makoRefComp": "All_Episodes",
                        "pageUrl": "/mako-vod-keshet/eretz_nehederet-s11",
                        "domoClick": {
                            "content_type": "channel",
                            "channel_depth": -1,
                            "clicked_item_id": "5adfa33919243410VgnVCM2000002a0c10acRCRD",
                            "click_type": "link",
                            "clicked_channel_id": "5adfa33919243410VgnVCM2000002a0c10acRCRD",
                            "referring_component": "9ced3b0e-page-navi-refc-eb3fe7b8e0de",
                            "clicked_item_url": "https://www.mako.co.il/mako-vod-keshet/eretz_nehederet-s11"
                        },
                        "open": true,
                        "vods": [
                            {
                                "componentLayout": "vod",
                                "channelId": "5adfa33919243410VgnVCM2000002a0c10acRCRD",
                                "itemVcmId": "6f7e9a5088253410VgnVCM2000002a0c10acRCRD",
                                "galleryChannelId": "6f7e9a5088253410VgnVCM2000002a0c10acRCRD",
                                "title": "המשא ומתן המדיני",
                                "extraInfo": "פרק 1@03.01.14",
                                "pageUrl": "/mako-vod-keshet/eretz_nehederet-s11/VOD-6f7e9a508825341006.htm",
                                "domoClick": {
                                    "content_type": "vod",
                                    "channel_depth": -1,
                                    "clicked_item_id": "6f7e9a5088253410VgnVCM2000002a0c10acRCRD",
                                    "click_type": "link",
                                    "clicked_channel_id": "5adfa33919243410VgnVCM2000002a0c10acRCRD",
                                    "referring_component": "16f079a6-page-prom-refc-4bfb03e240e9",
                                    "clicked_item_url": "https://www.mako.co.il/mako-vod-keshet/eretz_nehederet-s11/VOD-6f7e9a508825341006.htm"
                                },
                                "pics": [
                                    {
                                        "picUrl": "https://img.mako.co.il/2014/01/03/eretz11_01_08bibi_i.jpg",
                                        "altText": "ביבי אוהב להיות בבית"
                                    }
                                ],
                                "aIL": true,
                                "aINT": true
                            },
                            {
                                "componentLayout": "vod",
                                "channelId": "5adfa33919243410VgnVCM2000002a0c10acRCRD",
                                "itemVcmId": "98bfafa5a1673410VgnVCM2000002a0c10acRCRD",
                                "galleryChannelId": "98bfafa5a1673410VgnVCM2000002a0c10acRCRD",
                                "title": "ג'ודי חוזרת לפאנל",
                                "extraInfo": "פרק 2@10.01.14",
                                "pageUrl": "/mako-vod-keshet/eretz_nehederet-s11/VOD-98bfafa5a167341006.htm",
                                "domoClick": {
                                    "content_type": "vod",
                                    "channel_depth": -1,
                                    "clicked_item_id": "98bfafa5a1673410VgnVCM2000002a0c10acRCRD",
                                    "click_type": "link",
                                    "clicked_channel_id": "5adfa33919243410VgnVCM2000002a0c10acRCRD",
                                    "referring_component": "16f079a6-page-prom-refc-4bfb03e240e9",
                                    "clicked_item_url": "https://www.mako.co.il/mako-vod-keshet/eretz_nehederet-s11/VOD-98bfafa5a167341006.htm"
                                },
                                "pics": [
                                    {
                                        "picUrl": "https://img.mako.co.il/2014/01/10/Eretz11_02_03politics_i.jpg",
                                        "altText": "ג'ודי תומכת בסטיב במירוץ לנשיאות"
                                    }
                                ],
                                "aIL": true,
                                "aINT": false
                            },
                            {
                                "componentLayout": "vod",
                                "channelId": "5adfa33919243410VgnVCM2000002a0c10acRCRD",
                                "itemVcmId": "8711afaf31b93410VgnVCM2000002a0c10acRCRD",
                                "galleryChannelId": "8711afaf31b93410VgnVCM2000002a0c10acRCRD",
                                "title": "בוגי משאיר הודעה לג'ון קרי",
                                "extraInfo": "פרק 3@17.01.14",
                                "pageUrl": "/mako-vod-keshet/eretz_nehederet-s11/VOD-8711afaf31b9341006.htm",
                                "domoClick": {
                                    "content_type": "vod",
                                    "channel_depth": -1,
                                    "clicked_item_id": "8711afaf31b93410VgnVCM2000002a0c10acRCRD",
                                    "click_type": "link",
                                    "clicked_channel_id": "5adfa33919243410VgnVCM2000002a0c10acRCRD",
                                    "referring_component": "16f079a6-page-prom-refc-4bfb03e240e9",
                                    "clicked_item_url": "https://www.mako.co.il/mako-vod-keshet/eretz_nehederet-s11/VOD-8711afaf31b9341006.htm"
                                },
                                "pics": [
                                    {
                                        "picUrl": "https://img.mako.co.il/2021/12/20/Eretz11_03_vod_autoOrient_i.jpg",
                                        "altText": "ארץ נהדרת פרק 3"
                                    }
                                ],
                                "aIL": true,
                                "aINT": false
                            },
                            {
                                "componentLayout": "vod",
                                "channelId": "5adfa33919243410VgnVCM2000002a0c10acRCRD",
                                "itemVcmId": "9a7c3d40a5fb3410VgnVCM2000002a0c10acRCRD",
                                "galleryChannelId": "9a7c3d40a5fb3410VgnVCM2000002a0c10acRCRD",
                                "title": "הכירו את השף משה משה",
                                "extraInfo": "פרק 4@25.01.14",
                                "pageUrl": "/mako-vod-keshet/eretz_nehederet-s11/VOD-9a7c3d40a5fb341006.htm",
                                "domoClick": {
                                    "content_type": "vod",
                                    "channel_depth": -1,
                                    "clicked_item_id": "9a7c3d40a5fb3410VgnVCM2000002a0c10acRCRD",
                                    "click_type": "link",
                                    "clicked_channel_id": "5adfa33919243410VgnVCM2000002a0c10acRCRD",
                                    "referring_component": "16f079a6-page-prom-refc-4bfb03e240e9",
                                    "clicked_item_url": "https://www.mako.co.il/mako-vod-keshet/eretz_nehederet-s11/VOD-9a7c3d40a5fb341006.htm"
                                },
                                "pics": [
                                    {
                                        "picUrl": "https://img.mako.co.il/2014/01/24/Eretz11_04_VOD_i.jpg",
                                        "altText": "פרק 4"
                                    }
                                ],
                                "aIL": true,
                                "aINT": false
                            },
                            {
                                "componentLayout": "vod",
                                "channelId": "5adfa33919243410VgnVCM2000002a0c10acRCRD",
                                "itemVcmId": "eacb7b57bb2e3410VgnVCM2000002a0c10acRCRD",
                                "galleryChannelId": "eacb7b57bb2e3410VgnVCM2000002a0c10acRCRD",
                                "title": "מה באמת קרה על מטוס הח\"כים?",
                                "extraInfo": "פרק 5@01.02.14",
                                "pageUrl": "/mako-vod-keshet/eretz_nehederet-s11/VOD-eacb7b57bb2e341006.htm",
                                "domoClick": {
                                    "content_type": "vod",
                                    "channel_depth": -1,
                                    "clicked_item_id": "eacb7b57bb2e3410VgnVCM2000002a0c10acRCRD",
                                    "click_type": "link",
                                    "clicked_channel_id": "5adfa33919243410VgnVCM2000002a0c10acRCRD",
                                    "referring_component": "16f079a6-page-prom-refc-4bfb03e240e9",
                                    "clicked_item_url": "https://www.mako.co.il/mako-vod-keshet/eretz_nehederet-s11/VOD-eacb7b57bb2e341006.htm"
                                },
                                "pics": [
                                    {
                                        "picUrl": "https://img.mako.co.il/2014/01/31/eretz11_05_VOD_fix_i.jpg",
                                        "altText": "פרק 5"
                                    }
                                ],
                                "aIL": true,
                                "aINT": false
                            },
                            {
                                "componentLayout": "vod",
                                "channelId": "5adfa33919243410VgnVCM2000002a0c10acRCRD",
                                "itemVcmId": "827614ad73a24410VgnVCM2000002a0c10acRCRD",
                                "galleryChannelId": "827614ad73a24410VgnVCM2000002a0c10acRCRD",
                                "title": "אולימפיאדת קיפאון 2014",
                                "extraInfo": "פרק 6@15.02.14",
                                "pageUrl": "/mako-vod-keshet/eretz_nehederet-s11/VOD-827614ad73a2441006.htm",
                                "domoClick": {
                                    "content_type": "vod",
                                    "channel_depth": -1,
                                    "clicked_item_id": "827614ad73a24410VgnVCM2000002a0c10acRCRD",
                                    "click_type": "link",
                                    "clicked_channel_id": "5adfa33919243410VgnVCM2000002a0c10acRCRD",
                                    "referring_component": "16f079a6-page-prom-refc-4bfb03e240e9",
                                    "clicked_item_url": "https://www.mako.co.il/mako-vod-keshet/eretz_nehederet-s11/VOD-827614ad73a2441006.htm"
                                },
                                "pics": [
                                    {
                                        "picUrl": "https://img.mako.co.il/2014/02/15/Eretz11_06_VOD_i.jpg",
                                        "altText": "פרק 6"
                                    }
                                ],
                                "aIL": true,
                                "aINT": false
                            },
                            {
                                "componentLayout": "vod",
                                "channelId": "5adfa33919243410VgnVCM2000002a0c10acRCRD",
                                "itemVcmId": "86bc46234ce44410VgnVCM2000002a0c10acRCRD",
                                "galleryChannelId": "86bc46234ce44410VgnVCM2000002a0c10acRCRD",
                                "title": "הקרב על התמ\"א ",
                                "extraInfo": "פרק 7@21.02.14",
                                "pageUrl": "/mako-vod-keshet/eretz_nehederet-s11/VOD-86bc46234ce4441006.htm",
                                "domoClick": {
                                    "content_type": "vod",
                                    "channel_depth": -1,
                                    "clicked_item_id": "86bc46234ce44410VgnVCM2000002a0c10acRCRD",
                                    "click_type": "link",
                                    "clicked_channel_id": "5adfa33919243410VgnVCM2000002a0c10acRCRD",
                                    "referring_component": "16f079a6-page-prom-refc-4bfb03e240e9",
                                    "clicked_item_url": "https://www.mako.co.il/mako-vod-keshet/eretz_nehederet-s11/VOD-86bc46234ce4441006.htm"
                                },
                                "pics": [
                                    {
                                        "picUrl": "https://img.mako.co.il/2014/02/21/ERETZ11_07_VOD_i.jpg",
                                        "altText": "פרק 7"
                                    }
                                ],
                                "aIL": true,
                                "aINT": false
                            },
                            {
                                "componentLayout": "vod",
                                "channelId": "5adfa33919243410VgnVCM2000002a0c10acRCRD",
                                "itemVcmId": "1f59a5e596e64410VgnVCM2000002a0c10acRCRD",
                                "galleryChannelId": "1f59a5e596e64410VgnVCM2000002a0c10acRCRD",
                                "title": "איש הטריאתלון במרתון תל אביב",
                                "extraInfo": "פרק 8@01.03.14",
                                "pageUrl": "/mako-vod-keshet/eretz_nehederet-s11/VOD-1f59a5e596e6441006.htm",
                                "domoClick": {
                                    "content_type": "vod",
                                    "channel_depth": -1,
                                    "clicked_item_id": "1f59a5e596e64410VgnVCM2000002a0c10acRCRD",
                                    "click_type": "link",
                                    "clicked_channel_id": "5adfa33919243410VgnVCM2000002a0c10acRCRD",
                                    "referring_component": "16f079a6-page-prom-refc-4bfb03e240e9",
                                    "clicked_item_url": "https://www.mako.co.il/mako-vod-keshet/eretz_nehederet-s11/VOD-1f59a5e596e6441006.htm"
                                },
                                "pics": [
                                    {
                                        "picUrl": "https://img.mako.co.il/2021/12/16/Eretz11_08_vod_autoOrient_i.jpg",
                                        "altText": "פרק 8"
                                    }
                                ],
                                "aIL": true,
                                "aINT": false
                            },
                            {
                                "componentLayout": "vod",
                                "channelId": "5adfa33919243410VgnVCM2000002a0c10acRCRD",
                                "itemVcmId": "f1d0a6467e094410VgnVCM2000002a0c10acRCRD",
                                "galleryChannelId": "f1d0a6467e094410VgnVCM2000002a0c10acRCRD",
                                "title": "פגישת פוטין, נתניהו ואובמה",
                                "extraInfo": "פרק 9@08.03.14",
                                "pageUrl": "/mako-vod-keshet/eretz_nehederet-s11/VOD-f1d0a6467e09441006.htm",
                                "domoClick": {
                                    "content_type": "vod",
                                    "channel_depth": -1,
                                    "clicked_item_id": "f1d0a6467e094410VgnVCM2000002a0c10acRCRD",
                                    "click_type": "link",
                                    "clicked_channel_id": "5adfa33919243410VgnVCM2000002a0c10acRCRD",
                                    "referring_component": "16f079a6-page-prom-refc-4bfb03e240e9",
                                    "clicked_item_url": "https://www.mako.co.il/mako-vod-keshet/eretz_nehederet-s11/VOD-f1d0a6467e09441006.htm"
                                },
                                "pics": [
                                    {
                                        "picUrl": "https://img.mako.co.il/2014/03/08/eretz11_09_02obama_i.jpg",
                                        "altText": "אובמה מנסה להגיע להסכמה עם פוטין"
                                    }
                                ],
                                "aIL": true,
                                "aINT": false
                            },
                            {
                                "componentLayout": "vod",
                                "channelId": "5adfa33919243410VgnVCM2000002a0c10acRCRD",
                                "itemVcmId": "00e3d30198ad4410VgnVCM2000002a0c10acRCRD",
                                "galleryChannelId": "00e3d30198ad4410VgnVCM2000002a0c10acRCRD",
                                "title": "מי חטף את המטוס המלזי?",
                                "extraInfo": "פרק 10@21.03.14",
                                "pageUrl": "/mako-vod-keshet/eretz_nehederet-s11/VOD-00e3d30198ad441006.htm",
                                "domoClick": {
                                    "content_type": "vod",
                                    "channel_depth": -1,
                                    "clicked_item_id": "00e3d30198ad4410VgnVCM2000002a0c10acRCRD",
                                    "click_type": "link",
                                    "clicked_channel_id": "5adfa33919243410VgnVCM2000002a0c10acRCRD",
                                    "referring_component": "16f079a6-page-prom-refc-4bfb03e240e9",
                                    "clicked_item_url": "https://www.mako.co.il/mako-vod-keshet/eretz_nehederet-s11/VOD-00e3d30198ad441006.htm"
                                },
                                "pics": [
                                    {
                                        "picUrl": "https://img.mako.co.il/2014/03/21/Eretz11_10_VOD_i.jpg",
                                        "altText": "פרק 10"
                                    }
                                ],
                                "aIL": true,
                                "aINT": false
                            },
                            {
                                "componentLayout": "ad",
                                "index": 1,
                                "iu": "242748299/mako/vod/vod_keshet/JAMBO1_970",
                                "sizes": "{[[970, 90]]}",
                                "mobileSizes": "{['fluid', [300, 250]]}",
                                "mobileIu": "242748299/mako/vod/vod_keshet/MOBILE_MONSTER1_300x250"
                            },
                            {
                                "componentLayout": "vod",
                                "channelId": "5adfa33919243410VgnVCM2000002a0c10acRCRD",
                                "itemVcmId": "83a0148c08305410VgnVCM2000002a0c10acRCRD",
                                "galleryChannelId": "83a0148c08305410VgnVCM2000002a0c10acRCRD",
                                "title": "המירוץ לנשיאות מתחמם",
                                "extraInfo": "פרק 11@29.03.14",
                                "pageUrl": "/mako-vod-keshet/eretz_nehederet-s11/VOD-83a0148c0830541006.htm",
                                "domoClick": {
                                    "content_type": "vod",
                                    "channel_depth": -1,
                                    "clicked_item_id": "83a0148c08305410VgnVCM2000002a0c10acRCRD",
                                    "click_type": "link",
                                    "clicked_channel_id": "5adfa33919243410VgnVCM2000002a0c10acRCRD",
                                    "referring_component": "16f079a6-page-prom-refc-4bfb03e240e9",
                                    "clicked_item_url": "https://www.mako.co.il/mako-vod-keshet/eretz_nehederet-s11/VOD-83a0148c0830541006.htm"
                                },
                                "pics": [
                                    {
                                        "picUrl": "https://img.mako.co.il/2014/03/28/Eretz11_11_VOD_i.jpg",
                                        "altText": "פרק 11"
                                    }
                                ],
                                "aIL": true,
                                "aINT": false
                            },
                            {
                                "componentLayout": "vod",
                                "channelId": "5adfa33919243410VgnVCM2000002a0c10acRCRD",
                                "itemVcmId": "c5d3333a1dd15410VgnVCM2000002a0c10acRCRD",
                                "galleryChannelId": "c5d3333a1dd15410VgnVCM2000002a0c10acRCRD",
                                "title": "אולמרט נכנס לכלא",
                                "extraInfo": "פרק 12@05.04.14",
                                "pageUrl": "/mako-vod-keshet/eretz_nehederet-s11/VOD-c5d3333a1dd1541006.htm",
                                "domoClick": {
                                    "content_type": "vod",
                                    "channel_depth": -1,
                                    "clicked_item_id": "c5d3333a1dd15410VgnVCM2000002a0c10acRCRD",
                                    "click_type": "link",
                                    "clicked_channel_id": "5adfa33919243410VgnVCM2000002a0c10acRCRD",
                                    "referring_component": "16f079a6-page-prom-refc-4bfb03e240e9",
                                    "clicked_item_url": "https://www.mako.co.il/mako-vod-keshet/eretz_nehederet-s11/VOD-c5d3333a1dd1541006.htm"
                                },
                                "pics": [
                                    {
                                        "picUrl": "https://img.mako.co.il/2014/04/04/ERETZ11_12_VOD_i.jpg",
                                        "altText": "פרק 12"
                                    }
                                ],
                                "aIL": true,
                                "aINT": false
                            },
                            {
                                "componentLayout": "vod",
                                "channelId": "5adfa33919243410VgnVCM2000002a0c10acRCRD",
                                "itemVcmId": "cd99e66826295410VgnVCM2000002a0c10acRCRD",
                                "galleryChannelId": "cd99e66826295410VgnVCM2000002a0c10acRCRD",
                                "title": "\"הכל מסוכן\" עם גלית גוטמן",
                                "extraInfo": "פרק 13@26.04.14",
                                "pageUrl": "/mako-vod-keshet/eretz_nehederet-s11/VOD-cd99e6682629541006.htm",
                                "domoClick": {
                                    "content_type": "vod",
                                    "channel_depth": -1,
                                    "clicked_item_id": "cd99e66826295410VgnVCM2000002a0c10acRCRD",
                                    "click_type": "link",
                                    "clicked_channel_id": "5adfa33919243410VgnVCM2000002a0c10acRCRD",
                                    "referring_component": "16f079a6-page-prom-refc-4bfb03e240e9",
                                    "clicked_item_url": "https://www.mako.co.il/mako-vod-keshet/eretz_nehederet-s11/VOD-cd99e6682629541006.htm"
                                },
                                "pics": [
                                    {
                                        "picUrl": "https://img.mako.co.il/2014/04/26/Eretz11_13_VOD_fix_i.jpg",
                                        "altText": "פרק 13"
                                    }
                                ],
                                "aIL": true,
                                "aINT": false
                            },
                            {
                                "componentLayout": "vod",
                                "channelId": "5adfa33919243410VgnVCM2000002a0c10acRCRD",
                                "itemVcmId": "e853c89b4b2b5410VgnVCM2000002a0c10acRCRD",
                                "galleryChannelId": "e853c89b4b2b5410VgnVCM2000002a0c10acRCRD",
                                "title": "סיום העונה",
                                "extraInfo": "פרק 14@03.05.14",
                                "pageUrl": "/mako-vod-keshet/eretz_nehederet-s11/VOD-e853c89b4b2b541006.htm",
                                "domoClick": {
                                    "content_type": "vod",
                                    "channel_depth": -1,
                                    "clicked_item_id": "e853c89b4b2b5410VgnVCM2000002a0c10acRCRD",
                                    "click_type": "link",
                                    "clicked_channel_id": "5adfa33919243410VgnVCM2000002a0c10acRCRD",
                                    "referring_component": "16f079a6-page-prom-refc-4bfb03e240e9",
                                    "clicked_item_url": "https://www.mako.co.il/mako-vod-keshet/eretz_nehederet-s11/VOD-e853c89b4b2b541006.htm"
                                },
                                "pics": [
                                    {
                                        "picUrl": "https://img.mako.co.il/2014/05/03/Eretz11_14_VOD_i.jpg",
                                        "altText": "פרק 14"
                                    }
                                ],
                                "aIL": true,
                                "aINT": false
                            }
                        ]
                    },
                    {
                        "buttonText": "קטעים קצרים",
                        "id": "shorts",
                        "vcmid": "23b85f5499ef6810VgnVCM100000700a10acRCRD",
                        "channelId": "23b85f5499ef6810VgnVCM100000700a10acRCRD",
                        "makoRefComp": "Shorts",
                        "pageUrl": "/mako-vod-keshet/eretz_nehederet-s11/shorts",
                        "domoClick": {
                            "content_type": "channel",
                            "channel_depth": -1,
                            "clicked_item_id": "23b85f5499ef6810VgnVCM100000700a10acRCRD",
                            "click_type": "link",
                            "clicked_channel_id": "23b85f5499ef6810VgnVCM100000700a10acRCRD",
                            "referring_component": "9ced3b0e-page-navi-refc-eb3fe7b8e0de",
                            "clicked_item_url": "https://www.mako.co.il/mako-vod-keshet/eretz_nehederet-s11/shorts"
                        },
                        "open": false
                    },
                    {
                        "buttonText": "קרדיטים",
                        "id": "credits",
                        "vcmid": "Credits",
                        "channelId": "5adfa33919243410VgnVCM2000002a0c10acRCRD",
                        "makoRefComp": "Credits",
                        "pageUrl": "/mako-vod-keshet/eretz_nehederet-s22?type=credits",
                        "domoClick": {
                            "content_type": "fabricated",
                            "clicked_item_id": "a7a32f51-cred-its--id-e-0491fe30f859",
                            "click_type": "link",
                            "clicked_channel_id": "bc6a5d06d46f2910VgnVCM200000650a10acRCRD",
                            "referring_component": "9ced3b0e-page-navi-refc-eb3fe7b8e0de",
                            "clicked_item_url": "https://www.mako.co.il/mako-vod-keshet/eretz_nehederet-s22?type=credits"
                        },
                        "credits": [
                            {
                                "value": "איל קיציס",
                                "key": "host",
                                "text": "מנחה:"
                            },
                            {
                                "value": "איל קיציס, אלי פיניש, עלמה זק, מריאנו אידלמן, ליאת הר לב, ערן זרחוביץ', יובל סמו, רועי בר נתן, ירון ברלד, שני כהן, תום יער, תמיר בר, אמיר שורוש, אורי לייזרוביץ', ליאור אשכנזי, גיה באר גורביץ', יניב ביטון, אסי כהן",
                                "key": "participance",
                                "text": "משתתפים:"
                            },
                            {
                                "value": "מולי שגב | כותבים: אסף שלמון, דוד ליפשיץ, אסף גפן, איתי רייכר, אילן שפלר, שרון טייכר, עומר ריבק, דור",
                                "key": "mainEditor",
                                "text": "עורך ראשי:"
                            },
                            {
                                "value": "שירי מיכאלי",
                                "key": "producer",
                                "text": "מפיק:"
                            },
                            {
                                "value": "קשת",
                                "key": "productionCompany",
                                "text": "חברת הפקה:"
                            }
                        ]
                    }
                ],
                "historyObject": {
                    "title": "המשא ומתן המדיני",
                    "programId": "5cf467a604643210VgnVCM2000002a0c10acRCRD",
                    "pageUrl": "/mako-vod-keshet/eretz_nehederet-s11/VOD-6f7e9a508825341006.htm",
                    "domoClick": {
                        "content_type": "vod",
                        "channel_depth": 3,
                        "clicked_item_id": "6f7e9a5088253410VgnVCM2000002a0c10acRCRD",
                        "click_type": "link",
                        "clicked_channel_id": "5adfa33919243410VgnVCM2000002a0c10acRCRD",
                        "referring_component": "ERROR_NO_REFERRER",
                        "clicked_item_url": "https://www.mako.co.il/mako-vod-keshet/eretz_nehederet-s11/VOD-6f7e9a508825341006.htm"
                    },
                    "picUrl": "https://img.mako.co.il/2014/01/03/eretz11_01_08bibi_i.jpg",
                    "hero": {
                        "title": "ארץ נהדרת",
                        "extraInfo": "עונה 11@פרק 1@03.01.14",
                        "picUrl": "https://img.mako.co.il/2021/07/15/eretz_11_HD_re.jpg",
                        "logo": "https://img.mako.co.il/2022/06/21/logo_eretz.png",
                        "subtitle": "המשא ומתן המדיני",
                        "description": "ארץ נהדרת - פרק פתיחת העונה"
                    },
                    "buttonText": "להמשך צפייה בעונה 11 פרק 1",
                    "sch": "5adfa33919243410",
                    "seasonUrl": "/mako-vod-keshet/eretz_nehederet-s11"
                }
            }
        },
        "__N_SSP": true
    },
    "page": "/[mako_vod_channel]/[program]",
    "query": {
        "mako_vod_channel": "mako-vod-keshet",
        "program": "eretz_nehederet-s11"
    },
    "buildId": "5.15.0",
    "assetPrefix": "/mako-vod",
    "isFallback": false,
    "gssp": true,
    "customServer": true,
    "scriptLoader": []
}