{
    "props": {
        "pageProps": {
            "menu": {
                "lastUpdate": "Sun, 10 Nov 2024 09:58:40 +0200",
                "timestamp": 1731225520645,
                "header": {
                    "guid": "00b23f399647c710VgnVCM200000650a10acRCRD",
                    "categories": [
                        {
                            "name": "ראשי",
                            "icon": "https://img.mako.co.il/2021/10/10/home.png",
                            "url": "/mako-vod",
                            "domoClick": {
                                "content_type": "channel",
                                "channel_depth": 1,
                                "teaser_id": "a27a2dcbacf4c710VgnVCM200000650a10acRCRD",
                                "clicked_item_id": "b5f4c13070733210VgnVCM2000002a0c10acRCRD",
                                "click_type": "link",
                                "clicked_channel_id": "b5f4c13070733210VgnVCM2000002a0c10acRCRD",
                                "referring_component": "8eb76bc8-glob-navi-refc-2ad659ccef22",
                                "clicked_item_url": "https://www.mako.co.il/mako-vod"
                            }
                        },
                        {
                            "name": "LIVE",
                            "icon": "https://img.mako.co.il/2021/10/10/live.png",
                            "url": "/mako-vod-live-tv/VOD-6540b8dcb64fd31006.htm",
                            "domoClick": {
                                "content_type": "vod",
                                "channel_depth": 1,
                                "teaser_id": "a66819cdc7a6c710VgnVCM100000700a10acRCRD",
                                "clicked_item_id": "6540b8dcb64fd310VgnVCM2000002a0c10acRCRD",
                                "click_type": "link",
                                "clicked_channel_id": "5d28d21b4580e310VgnVCM2000002a0c10acRCRD",
                                "referring_component": "8eb76bc8-glob-navi-refc-2ad659ccef22",
                                "clicked_item_url": "https://www.mako.co.il/mako-vod-live-tv/VOD-6540b8dcb64fd31006.htm"
                            }
                        },
                        {
                            "name": "תוכניות",
                            "icon": "https://img.mako.co.il/2021/10/10/index.png",
                            "url": "/mako-vod-index",
                            "domoClick": {
                                "content_type": "channel",
                                "channel_depth": 2,
                                "teaser_id": "3e8819cdc7a6c710VgnVCM100000700a10acRCRD",
                                "clicked_item_id": "05c2e4caebbe3210VgnVCM100000290c10acRCRD",
                                "click_type": "link",
                                "clicked_channel_id": "05c2e4caebbe3210VgnVCM100000290c10acRCRD",
                                "referring_component": "8eb76bc8-glob-navi-refc-2ad659ccef22",
                                "clicked_item_url": "https://www.mako.co.il/mako-vod-index"
                            }
                        }
                    ]
                },
                "footer": {
                    "guid": "bc533f399647c710VgnVCM200000650a10acRCRD",
                    "categories": [
                        {
                            "name": "אודות +12",
                            "url": "https://makospecial.co.il/about-12plus?makoOpenChromeTabs=1?partner=12plusFooterLinks",
                            "domoClick": {
                                "content_type": "unknown",
                                "channel_depth": -1,
                                "teaser_id": "6b2a6503efec9810VgnVCM200000650a10acRCRD",
                                "clicked_item_id": "unknown",
                                "click_type": "link",
                                "clicked_channel_id": "unknown",
                                "referring_component": "2d2c13d6-glob-foot-refc-de190b394505",
                                "clicked_item_url": "https://makospecial.co.il/about-12plus?makoOpenChromeTabs=1?partner=12plusFooterLinks"
                            }
                        },
                        {
                            "name": "עזרה",
                            "url": "https://www.mako.co.il/mako-vod-help",
                            "domoClick": {
                                "content_type": "channel",
                                "channel_depth": 2,
                                "teaser_id": "1a0e40b549a6c710VgnVCM100000700a10acRCRD",
                                "clicked_item_id": "f13ad9f49196e710VgnVCM200000650a10acRCRD",
                                "click_type": "link",
                                "clicked_channel_id": "f13ad9f49196e710VgnVCM200000650a10acRCRD",
                                "referring_component": "2d2c13d6-glob-foot-refc-de190b394505",
                                "clicked_item_url": "https://www.mako.co.il/mako-vod-help"
                            }
                        },
                        {
                            "name": "לפנייה במייל",
                            "url": "mail",
                            "domoClick": {
                                "content_type": "channel",
                                "channel_depth": 0,
                                "teaser_id": "f4ca40b549a6c710VgnVCM100000700a10acRCRD",
                                "clicked_item_id": "3d385dd2dd5d4110VgnVCM100000290c10acRCRD",
                                "click_type": "link",
                                "clicked_channel_id": "3d385dd2dd5d4110VgnVCM100000290c10acRCRD",
                                "referring_component": "2d2c13d6-glob-foot-refc-de190b394505",
                                "clicked_item_url": "https://www.mako.co.ilmail"
                            }
                        },
                        {
                            "name": "לפנייה ב whatsapp",
                            "url": "https://wa.me/972502010818",
                            "domoClick": {
                                "content_type": "unknown",
                                "channel_depth": -1,
                                "teaser_id": "27c4464ed643c810VgnVCM100000700a10acRCRD",
                                "clicked_item_id": "unknown",
                                "click_type": "link",
                                "clicked_channel_id": "unknown",
                                "referring_component": "2d2c13d6-glob-foot-refc-de190b394505",
                                "clicked_item_url": "https://wa.me/972502010818"
                            }
                        },
                        {
                            "name": "תקנון",
                            "url": "https://www.mako.co.il/mako-vod-help/Article-dd0b75e6b096e71026.htm?partner=12plusFooterLinks",
                            "domoClick": {
                                "content_type": "Article",
                                "channel_depth": 2,
                                "teaser_id": "757f40b549a6c710VgnVCM100000700a10acRCRD",
                                "clicked_item_id": "dd0b75e6b096e710VgnVCM200000650a10acRCRD",
                                "click_type": "link",
                                "clicked_channel_id": "f13ad9f49196e710VgnVCM200000650a10acRCRD",
                                "referring_component": "2d2c13d6-glob-foot-refc-de190b394505",
                                "clicked_item_url": "https://www.mako.co.il/mako-vod-help/Article-dd0b75e6b096e71026.htm?partner=12plusFooterLinks"
                            }
                        },
                        {
                            "name": "הסדרי נגישות",
                            "url": "https://www.mako.co.il/help-5bb6bf4ccf39c110/Article-b7ff18a9de86471026.htm?partner=12plusFooterLinks",
                            "domoClick": {
                                "content_type": "Article",
                                "channel_depth": 2,
                                "teaser_id": "23f4495772220810VgnVCM200000650a10acRCRD",
                                "clicked_item_id": "b7ff18a9de864710VgnVCM200000650a10acRCRD",
                                "click_type": "link",
                                "clicked_channel_id": "5bb6bf4ccf39c110VgnVCM100000290c10acRCRD",
                                "referring_component": "2d2c13d6-glob-foot-refc-de190b394505",
                                "clicked_item_url": "https://www.mako.co.il/help-5bb6bf4ccf39c110/Article-b7ff18a9de86471026.htm?partner=12plusFooterLinks"
                            }
                        },
                        {
                            "name": "מדיניות פרטיות ותנאי שימוש",
                            "url": "https://www.mako.co.il/help-terms-of-use/Article-d37908dd1674c11006.htm?partner=12plusFooterLinks",
                            "domoClick": {
                                "content_type": "Article",
                                "channel_depth": 2,
                                "teaser_id": "e5c040b549a6c710VgnVCM100000700a10acRCRD",
                                "clicked_item_id": "d37908dd1674c110VgnVCM2000002a0c10acRCRD",
                                "click_type": "link",
                                "clicked_channel_id": "345705dfcebcb110VgnVCM2000002a0c10acRCRD",
                                "referring_component": "2d2c13d6-glob-foot-refc-de190b394505",
                                "clicked_item_url": "https://www.mako.co.il/help-terms-of-use/Article-d37908dd1674c11006.htm?partner=12plusFooterLinks"
                            }
                        }
                    ]
                }
            },
            "logos": {
                "lastUpdate": "Sun, 10 Nov 2024 09:58:40 +0200",
                "timestamp": 1731225520467,
                "headerLogo": {
                    "guid": "9dabeac4fa6cc710VgnVCM200000650a10acRCRD",
                    "desktopLogo": "https://img.mako.co.il/2024/10/10/logo-12-desktop.png",
                    "mobileWebLogo": "https://img.mako.co.il/2024/10/10/LOGO_12_mobile.png",
                    "mobileAppLogo": "https://img.mako.co.il/2024/10/09/LOGO_12__mobileApp.png",
                    "smartTVLogo": "https://img.mako.co.il/2021/10/28/Logo_12+_smartTV.png"
                }
            },
            "data": {
                "lastUpdate": "Fri, 08 Nov 2024 00:39:08 +0200",
                "timestamp": 1731019148894,
                "pageType": "Subvertical",
                "channelId": "de317051b0cfa410VgnVCM2000002a0c10acRCRD",
                "sch": "de317051b0cfa410",
                "channelName": "עונה 12",
                "pageUrl": "/mako-vod-keshet/eretz_nehederet-s12",
                "domoPageView": {
                    "content_type": "channel",
                    "page_url": "https://www.mako.co.il/mako-vod-keshet/eretz_nehederet-s12",
                    "channel_depth": 3,
                    "item_id": "de317051b0cfa410VgnVCM2000002a0c10acRCRD",
                    "channel_id": "de317051b0cfa410VgnVCM2000002a0c10acRCRD",
                    "is_blocked_content": {
                        "israel": 0,
                        "international": 0
                    }
                },
                "preload": true,
                "makoCatDFP": {
                    "cust_params": {
                        "location_sub_campaign": "%LOCATION_SUB_CAMPAIGN%",
                        "payinguser": "%IS_PAYING_USER%",
                        "video_from_time": "%VIDEO_FROM_TIME%",
                        "bundleId": "%PRODUCT_BUNDLE_ID%",
                        "pushTags": "%PUSH_TAGS%",
                        "language": "%LANGUAGE%",
                        "locale": "%LOCALE%",
                        "deviceid": "%DEVICE_ID%",
                        "version": "%VERSION%",
                        "devicetype": "%DEVICE_TYPE%",
                        "MAKOPAGE": "%GUID%",
                        "advertiserId": "%ADVERTISER_ID%",
                        "carrier": "%CARRIER%",
                        "LEVEL4": "vod_eretz",
                        "osVersion": "%OS_VERSION%",
                        "LEVEL5": "s12",
                        "paidContent": "%IS_PAID_CONTENT%",
                        "appid": "%APP_ID%",
                        "makoHN": "%HOUSE_NUMBERS%",
                        "random_number": "%RANDOM_NUMBER%",
                        "osType": "%OS_TYPE%",
                        "deviceModel": "%DEVICE_MODEL%",
                        "pushTrigger": "%PUSH_TRIGGER%"
                    },
                    "iu": "/242748299/mako/vod/vod_keshet/"
                },
                "seo": {
                    "title": "ארץ נהדרת, עונה 12 - לצפייה ישירה",
                    "description": "ארץ נהדרת עונה 12 לצפייה ישירה. מערכת בחירות סוערת של נתניהו מול בוז'י הרצוג וציפי לבני. אורן חזן נכנס לכנסת ויועצי האסטרטגיה עושים קופה. וגם: סיפורי הקניון",
                    "type": "tv_show",
                    "image": "https://img.mako.co.il/2021/03/25/eretz_yaniv_HD_Size2_autoOrient_i.jpg",
                    "canonical": "https://www.mako.co.il/mako-vod-keshet/eretz_nehederet-s12",
                    "schema": {
                        "@context": "https://schema.org",
                        "@type": "TVSeason",
                        "name": "עונה 12",
                        "description": "מערכת בחירות סוערת של נתניהו מול בוז'י הרצוג וציפי לבני. אורן חזן נכנס לכנסת ויועצי האסטרטגיה עושים קופה. וגם: סיפורי הקניון וחדר וחצי של ניר וגלי",
                        "image": "https://img.mako.co.il/2021/03/25/eretz_yaniv_HD_Size2_autoOrient_i.jpg",
                        "numberOfEpisodes": 23,
                        "url": "https://www.mako.co.il/mako-vod-keshet/eretz_nehederet-s12",
                        "partOfTVSeries": {
                            "@type": "TVSeries",
                            "name": "ארץ נהדרת",
                            "url": "https://www.mako.co.il/mako-vod-keshet/eretz_nehederet"
                        },
                        "genre": [
                            "בידור",
                            "קומדיה"
                        ],
                        "provider": {
                            "@type": "Organization",
                            "name": "תכניות קשת"
                        },
                        "publisher": {
                            "@type": "NewsMediaOrganization",
                            "name": "שידורי קשת"
                        },
                        "sameAs": [
                            "https://www.mako.co.il/tv-erez-nehederet/cc0e3d99ade16110"
                        ]
                    }
                },
                "vod": {
                    "channelId": "de317051b0cfa410VgnVCM2000002a0c10acRCRD",
                    "itemVcmId": "5267ab489520b410VgnVCM2000002a0c10acRCRD",
                    "galleryChannelId": "5267ab489520b410VgnVCM2000002a0c10acRCRD",
                    "programId": "5cf467a604643210VgnVCM2000002a0c10acRCRD",
                    "mostCurrent": false,
                    "domoPlay": {
                        "content_type": "vod",
                        "channel_depth": 3,
                        "item_id": "5267ab489520b410VgnVCM2000002a0c10acRCRD",
                        "channel_id": "de317051b0cfa410VgnVCM2000002a0c10acRCRD"
                    },
                    "pageUrl": "/mako-vod-keshet/eretz_nehederet-s12/VOD-5267ab489520b41006.htm",
                    "domoClick": {
                        "content_type": "vod",
                        "channel_depth": -1,
                        "clicked_item_id": "5267ab489520b410VgnVCM2000002a0c10acRCRD",
                        "click_type": "link",
                        "clicked_item_url": "https://www.mako.co.il/mako-vod-keshet/eretz_nehederet-s12/VOD-5267ab489520b41006.htm",
                        "clicked_channel_id": "de317051b0cfa410VgnVCM2000002a0c10acRCRD",
                        "referring_component": "080b8750-hero-41d9-refc-e6bfe67f099c"
                    },
                    "aIL": true,
                    "aINT": true,
                    "iPromoType": "Program"
                },
                "hero": {
                    "extraInfo": "23 עונות",
                    "itemVcmId": "bbee9787b4e99710VgnVCM100000700a10acRCRD",
                    "channelId": "de317051b0cfa410VgnVCM2000002a0c10acRCRD",
                    "logo": "https://img.mako.co.il/2022/06/21/logo_eretz.png",
                    "logoAltText": "לוגו ארץ נהדרת 2016",
                    "description": "מערכת בחירות סוערת של נתניהו מול בוז'י הרצוג וציפי לבני. אורן חזן נכנס לכנסת ויועצי האסטרטגיה עושים קופה. וגם: סיפורי הקניון וחדר וחצי של ניר וגלי",
                    "pics": [
                        {
                            "picUrl": "https://img.mako.co.il/2021/07/15/eretz_12_HD_re.jpg",
                            "altText": "ארץ נהדרת עונה 12 - HD"
                        },
                        {
                            "picUrl": "https://img.mako.co.il/2021/04/19/benet_HD_re.jpg",
                            "altText": "ארץ נהדרת - בנט - HD, ז'אנר, כרטיס אשראי, מובייל"
                        }
                    ],
                    "mobilePics": [
                        {
                            "picUrl": "https://img.mako.co.il/2021/08/22/eretz_benet_1_e.jpg",
                            "altText": "ארץ נהדרת - בנט - HD, ז'אנר, כרטיס אשראי, מובייל"
                        },
                        {
                            "picUrl": "https://img.mako.co.il/2021/08/22/eretz_ipur_12_e.jpg",
                            "altText": "ארץ נהדרת - מאפרות - כרטיס אשראי, ז'אנר, מובייל"
                        }
                    ],
                    "buttonText": "עונה 12",
                    "makoRefComp": "Specific_Episode"
                },
                "seasons": [
                    {
                        "current": false,
                        "seasonTitle": "עונה 1",
                        "pageUrl": "/mako-vod-keshet/eretz_nehederet-s1",
                        "domoClick": {
                            "content_type": "channel",
                            "channel_depth": -1,
                            "clicked_item_id": "bae667a604643210VgnVCM2000002a0c10acRCRD",
                            "click_type": "link",
                            "clicked_item_url": "https://www.mako.co.il/mako-vod-keshet/eretz_nehederet-s1",
                            "clicked_channel_id": "bae667a604643210VgnVCM2000002a0c10acRCRD",
                            "referring_component": "9ced3b0e-page-navi-refc-eb3fe7b8e0de"
                        }
                    },
                    {
                        "current": false,
                        "seasonTitle": "עונה 2",
                        "pageUrl": "/mako-vod-keshet/eretz_nehederet-s2",
                        "domoClick": {
                            "content_type": "channel",
                            "channel_depth": -1,
                            "clicked_item_id": "3d9af64d35643210VgnVCM2000002a0c10acRCRD",
                            "click_type": "link",
                            "clicked_item_url": "https://www.mako.co.il/mako-vod-keshet/eretz_nehederet-s2",
                            "clicked_channel_id": "3d9af64d35643210VgnVCM2000002a0c10acRCRD",
                            "referring_component": "9ced3b0e-page-navi-refc-eb3fe7b8e0de"
                        }
                    },
                    {
                        "current": false,
                        "seasonTitle": "עונה 3",
                        "pageUrl": "/mako-vod-keshet/eretz_nehederet-s3",
                        "domoClick": {
                            "content_type": "channel",
                            "channel_depth": -1,
                            "clicked_item_id": "43cef64d35643210VgnVCM2000002a0c10acRCRD",
                            "click_type": "link",
                            "clicked_item_url": "https://www.mako.co.il/mako-vod-keshet/eretz_nehederet-s3",
                            "clicked_channel_id": "43cef64d35643210VgnVCM2000002a0c10acRCRD",
                            "referring_component": "9ced3b0e-page-navi-refc-eb3fe7b8e0de"
                        }
                    },
                    {
                        "current": false,
                        "seasonTitle": "עונה 4",
                        "pageUrl": "/mako-vod-keshet/eretz_nehederet-s4",
                        "domoClick": {
                            "content_type": "channel",
                            "channel_depth": -1,
                            "clicked_item_id": "d251f64d35643210VgnVCM2000002a0c10acRCRD",
                            "click_type": "link",
                            "clicked_item_url": "https://www.mako.co.il/mako-vod-keshet/eretz_nehederet-s4",
                            "clicked_channel_id": "d251f64d35643210VgnVCM2000002a0c10acRCRD",
                            "referring_component": "9ced3b0e-page-navi-refc-eb3fe7b8e0de"
                        }
                    },
                    {
                        "current": false,
                        "seasonTitle": "עונה 5",
                        "pageUrl": "/mako-vod-keshet/eretz_nehederet-s5",
                        "domoClick": {
                            "content_type": "channel",
                            "channel_depth": -1,
                            "clicked_item_id": "7a03f64d35643210VgnVCM2000002a0c10acRCRD",
                            "click_type": "link",
                            "clicked_item_url": "https://www.mako.co.il/mako-vod-keshet/eretz_nehederet-s5",
                            "clicked_channel_id": "7a03f64d35643210VgnVCM2000002a0c10acRCRD",
                            "referring_component": "9ced3b0e-page-navi-refc-eb3fe7b8e0de"
                        }
                    },
                    {
                        "current": false,
                        "seasonTitle": "עונה 6",
                        "pageUrl": "/mako-vod-keshet/eretz_nehederet-s6",
                        "domoClick": {
                            "content_type": "channel",
                            "channel_depth": -1,
                            "clicked_item_id": "1144f64d35643210VgnVCM2000002a0c10acRCRD",
                            "click_type": "link",
                            "clicked_item_url": "https://www.mako.co.il/mako-vod-keshet/eretz_nehederet-s6",
                            "clicked_channel_id": "1144f64d35643210VgnVCM2000002a0c10acRCRD",
                            "referring_component": "9ced3b0e-page-navi-refc-eb3fe7b8e0de"
                        }
                    },
                    {
                        "current": false,
                        "seasonTitle": "עונה 7",
                        "pageUrl": "/mako-vod-keshet/eretz_nehederet-s7",
                        "domoClick": {
                            "content_type": "channel",
                            "channel_depth": -1,
                            "clicked_item_id": "d0990484ddef5210VgnVCM2000002a0c10acRCRD",
                            "click_type": "link",
                            "clicked_item_url": "https://www.mako.co.il/mako-vod-keshet/eretz_nehederet-s7",
                            "clicked_channel_id": "d0990484ddef5210VgnVCM2000002a0c10acRCRD",
                            "referring_component": "9ced3b0e-page-navi-refc-eb3fe7b8e0de"
                        }
                    },
                    {
                        "current": false,
                        "seasonTitle": "עונה 8",
                        "pageUrl": "/mako-vod-keshet/eretz_nehederet-s8",
                        "domoClick": {
                            "content_type": "channel",
                            "channel_depth": -1,
                            "clicked_item_id": "d839b3585edfc210VgnVCM2000002a0c10acRCRD",
                            "click_type": "link",
                            "clicked_item_url": "https://www.mako.co.il/mako-vod-keshet/eretz_nehederet-s8",
                            "clicked_channel_id": "d839b3585edfc210VgnVCM2000002a0c10acRCRD",
                            "referring_component": "9ced3b0e-page-navi-refc-eb3fe7b8e0de"
                        }
                    },
                    {
                        "current": false,
                        "seasonTitle": "עונה 9",
                        "pageUrl": "/mako-vod-keshet/eretz_nehederet-s9",
                        "domoClick": {
                            "content_type": "channel",
                            "channel_depth": -1,
                            "clicked_item_id": "2c9f87e7250f4310VgnVCM2000002a0c10acRCRD",
                            "click_type": "link",
                            "clicked_item_url": "https://www.mako.co.il/mako-vod-keshet/eretz_nehederet-s9",
                            "clicked_channel_id": "2c9f87e7250f4310VgnVCM2000002a0c10acRCRD",
                            "referring_component": "9ced3b0e-page-navi-refc-eb3fe7b8e0de"
                        }
                    },
                    {
                        "current": false,
                        "seasonTitle": "עונה 10",
                        "pageUrl": "/mako-vod-keshet/eretz_nehederet-s10",
                        "domoClick": {
                            "content_type": "channel",
                            "channel_depth": -1,
                            "clicked_item_id": "fa4d7c38f47cb310VgnVCM2000002a0c10acRCRD",
                            "click_type": "link",
                            "clicked_item_url": "https://www.mako.co.il/mako-vod-keshet/eretz_nehederet-s10",
                            "clicked_channel_id": "fa4d7c38f47cb310VgnVCM2000002a0c10acRCRD",
                            "referring_component": "9ced3b0e-page-navi-refc-eb3fe7b8e0de"
                        }
                    },
                    {"current": false,
                    "seasonTitle": "עונה 11",
                    "pageUrl": "/mako-vod-keshet/eretz_nehederet-s11",
                    "domoClick": {
                        "content_type": "channel",
                        "channel_depth": -1,
                        "clicked_item_id": "5adfa33919243410VgnVCM2000002a0c10acRCRD",
                        "click_type": "link",
                        "clicked_item_url": "https://www.mako.co.il/mako-vod-keshet/eretz_nehederet-s11",
                        "clicked_channel_id": "5adfa33919243410VgnVCM2000002a0c10acRCRD",
                        "referring_component": "9ced3b0e-page-navi-refc-eb3fe7b8e0de"}
                    },
                    {
                        "current": true,
                        "seasonTitle": "עונה 12",
                        "pageUrl": "/mako-vod-keshet/eretz_nehederet-s12",
                        "domoClick": {
                            "content_type": "channel",
                            "channel_depth": -1,
                            "clicked_item_id": "de317051b0cfa410VgnVCM2000002a0c10acRCRD",
                            "click_type": "link",
                            "clicked_item_url": "https://www.mako.co.il/mako-vod-keshet/eretz_nehederet-s12",
                            "clicked_channel_id": "de317051b0cfa410VgnVCM2000002a0c10acRCRD",
                            "referring_component": "9ced3b0e-page-navi-refc-eb3fe7b8e0de"
                        }
                    },
                    {
                        "current": false,
                        "seasonTitle": "עונה 13",
                        "pageUrl": "/mako-vod-keshet/eretz_nehederet-s13",
                        "domoClick": {
                            "content_type": "channel",
                            "channel_depth": -1,
                            "clicked_item_id": "d1417e27b9382510VgnVCM2000002a0c10acRCRD",
                            "click_type": "link",
                            "clicked_item_url": "https://www.mako.co.il/mako-vod-keshet/eretz_nehederet-s13",
                            "clicked_channel_id": "d1417e27b9382510VgnVCM2000002a0c10acRCRD",
                            "referring_component": "9ced3b0e-page-navi-refc-eb3fe7b8e0de"
                        }
                    },
                    {
                        "current": false,
                        "seasonTitle": "עונה 14",
                        "pageUrl": "/mako-vod-keshet/eretz_nehederet-s14",
                        "domoClick": {
                            "content_type": "channel",
                            "channel_depth": -1,
                            "clicked_item_id": "00cb73568955a510VgnVCM2000002a0c10acRCRD",
                            "click_type": "link",
                            "clicked_item_url": "https://www.mako.co.il/mako-vod-keshet/eretz_nehederet-s14",
                            "clicked_channel_id": "00cb73568955a510VgnVCM2000002a0c10acRCRD",
                            "referring_component": "9ced3b0e-page-navi-refc-eb3fe7b8e0de"
                        }
                    },
                    {
                        "current": false,
                        "seasonTitle": "עונה 15",
                        "pageUrl": "/mako-vod-keshet/eretz_nehederet-s15",
                        "domoClick": {
                            "content_type": "channel",
                            "channel_depth": -1,
                            "clicked_item_id": "6ca45b54fd76f510VgnVCM2000002a0c10acRCRD",
                            "click_type": "link",
                            "clicked_item_url": "https://www.mako.co.il/mako-vod-keshet/eretz_nehederet-s15",
                            "clicked_channel_id": "6ca45b54fd76f510VgnVCM2000002a0c10acRCRD",
                            "referring_component": "9ced3b0e-page-navi-refc-eb3fe7b8e0de"
                        }
                    },
                    {
                        "current": false,
                        "seasonTitle": "עונה 16",
                        "pageUrl": "/mako-vod-keshet/eretz_nehederet-s-16",
                        "domoClick": {
                            "content_type": "channel",
                            "channel_depth": -1,
                            "clicked_item_id": "943afc01ace08610VgnVCM2000002a0c10acRCRD",
                            "click_type": "link",
                            "clicked_item_url": "https://www.mako.co.il/mako-vod-keshet/eretz_nehederet-s-16",
                            "clicked_channel_id": "943afc01ace08610VgnVCM2000002a0c10acRCRD",
                            "referring_component": "9ced3b0e-page-navi-refc-eb3fe7b8e0de"
                        }
                    },
                    {
                        "current": false,
                        "seasonTitle": "עונה 17",
                        "pageUrl": "/mako-vod-keshet/eretz_nehederet-s17",
                        "domoClick": {
                            "content_type": "channel",
                            "channel_depth": -1,
                            "clicked_item_id": "19cc03b59965f610VgnVCM200000650a10acRCRD",
                            "click_type": "link",
                            "clicked_item_url": "https://www.mako.co.il/mako-vod-keshet/eretz_nehederet-s17",
                            "clicked_channel_id": "19cc03b59965f610VgnVCM200000650a10acRCRD",
                            "referring_component": "9ced3b0e-page-navi-refc-eb3fe7b8e0de"
                        }
                    },
                    {
                        "current": false,
                        "seasonTitle": "עוד כותרות",
                        "pageUrl": "/mako-vod-keshet/eretz_nehederet-more_headlines",
                        "domoClick": {
                            "content_type": "channel",
                            "channel_depth": -1,
                            "clicked_item_id": "42d5b1b0749b3710VgnVCM100000700a10acRCRD",
                            "click_type": "link",
                            "clicked_item_url": "https://www.mako.co.il/mako-vod-keshet/eretz_nehederet-more_headlines",
                            "clicked_channel_id": "42d5b1b0749b3710VgnVCM100000700a10acRCRD",
                            "referring_component": "9ced3b0e-page-navi-refc-eb3fe7b8e0de"
                        }
                    },
                    {
                        "current": false,
                        "seasonTitle": "עונה 18",
                        "pageUrl": "/mako-vod-keshet/eretz_nehederet-s18",
                        "domoClick": {
                            "content_type": "channel",
                            "channel_depth": -1,
                            "clicked_item_id": "17d1ef997de86710VgnVCM100000700a10acRCRD",
                            "click_type": "link",
                            "clicked_item_url": "https://www.mako.co.il/mako-vod-keshet/eretz_nehederet-s18",
                            "clicked_channel_id": "17d1ef997de86710VgnVCM100000700a10acRCRD",
                            "referring_component": "9ced3b0e-page-navi-refc-eb3fe7b8e0de"
                        }
                    },
                    {
                        "current": false,
                        "seasonTitle": "עונה 19",
                        "pageUrl": "/mako-vod-keshet/eretz_nehederet-s19",
                        "domoClick": {
                            "content_type": "channel",
                            "channel_depth": -1,
                            "clicked_item_id": "d371563eb8bec710VgnVCM200000650a10acRCRD",
                            "click_type": "link",
                            "clicked_item_url": "https://www.mako.co.il/mako-vod-keshet/eretz_nehederet-s19",
                            "clicked_channel_id": "d371563eb8bec710VgnVCM200000650a10acRCRD",
                            "referring_component": "9ced3b0e-page-navi-refc-eb3fe7b8e0de"
                        }
                    },
                    {
                        "current": false,
                        "seasonTitle": "עונה 20",
                        "pageUrl": "/mako-vod-keshet/eretz_nehederet-s20",
                        "domoClick": {
                            "content_type": "channel",
                            "channel_depth": -1,
                            "clicked_item_id": "20bf32f4a0a53810VgnVCM100000700a10acRCRD",
                            "click_type": "link",
                            "clicked_item_url": "https://www.mako.co.il/mako-vod-keshet/eretz_nehederet-s20",
                            "clicked_channel_id": "20bf32f4a0a53810VgnVCM100000700a10acRCRD",
                            "referring_component": "9ced3b0e-page-navi-refc-eb3fe7b8e0de"
                        }
                    },
                    {
                        "current": false,
                        "seasonTitle": "עונה 21",
                        "pageUrl": "/mako-vod-keshet/eretz_nehederet-s21",
                        "domoClick": {
                            "content_type": "channel",
                            "channel_depth": -1,
                            "clicked_item_id": "b5ae2a8ecab7b810VgnVCM100000700a10acRCRD",
                            "click_type": "link",
                            "clicked_item_url": "https://www.mako.co.il/mako-vod-keshet/eretz_nehederet-s21",
                            "clicked_channel_id": "b5ae2a8ecab7b810VgnVCM100000700a10acRCRD",
                            "referring_component": "9ced3b0e-page-navi-refc-eb3fe7b8e0de"
                        }
                    },
                    {
                        "current": false,
                        "seasonTitle": "עונה 22",
                        "pageUrl": "/mako-vod-keshet/eretz_nehederet-s22",
                        "domoClick": {
                            "content_type": "channel",
                            "channel_depth": -1,
                            "clicked_item_id": "bc6a5d06d46f2910VgnVCM200000650a10acRCRD",
                            "click_type": "link",
                            "clicked_item_url": "https://www.mako.co.il/mako-vod-keshet/eretz_nehederet-s22",
                            "clicked_channel_id": "bc6a5d06d46f2910VgnVCM200000650a10acRCRD",
                            "referring_component": "9ced3b0e-page-navi-refc-eb3fe7b8e0de"
                        }
                    }
                ],
                "menu": [
                    {
                        "buttonText": "פרקים",
                        "id": "allEpisodes",
                        "vcmid": "de317051b0cfa410VgnVCM2000002a0c10acRCRD",
                        "channelId": "de317051b0cfa410VgnVCM2000002a0c10acRCRD",
                        "makoRefComp": "All_Episodes",
                        "pageUrl": "/mako-vod-keshet/eretz_nehederet-s12",
                        "domoClick": {
                            "content_type": "channel",
                            "channel_depth": -1,
                            "clicked_item_id": "de317051b0cfa410VgnVCM2000002a0c10acRCRD",
                            "click_type": "link",
                            "clicked_item_url": "https://www.mako.co.il/mako-vod-keshet/eretz_nehederet-s12",
                            "clicked_channel_id": "de317051b0cfa410VgnVCM2000002a0c10acRCRD",
                            "referring_component": "9ced3b0e-page-navi-refc-eb3fe7b8e0de"
                        },
                        "open": true,
                        "vods": [
                            {
                                "componentLayout": "vod",
                                "channelId": "de317051b0cfa410VgnVCM2000002a0c10acRCRD",
                                "itemVcmId": "5267ab489520b410VgnVCM2000002a0c10acRCRD",
                                "galleryChannelId": "5267ab489520b410VgnVCM2000002a0c10acRCRD",
                                "title": "פרק הפתיחה",
                                "pageUrl": "/mako-vod-keshet/eretz_nehederet-s12/VOD-5267ab489520b41006.htm",
                                "domoClick": {
                                    "content_type": "vod",
                                    "channel_depth": -1,
                                    "clicked_item_id": "5267ab489520b410VgnVCM2000002a0c10acRCRD",
                                    "click_type": "link",
                                    "clicked_item_url": "https://www.mako.co.il/mako-vod-keshet/eretz_nehederet-s12/VOD-5267ab489520b41006.htm",
                                    "clicked_channel_id": "de317051b0cfa410VgnVCM2000002a0c10acRCRD",
                                    "referring_component": "16f079a6-page-prom-refc-4bfb03e240e9"
                                },
                                "pics": [
                                    {
                                        "picUrl": "https://img.mako.co.il/2015/01/20/Eretz12_01_VOD_WIDE_i.jpg",
                                        "altText": "פרק 1"
                                    }
                                ],
                                "extraInfo": "19.01.15",
                                "aIL": true,
                                "aINT": true
                            },
                            {
                                "componentLayout": "vod",
                                "channelId": "de317051b0cfa410VgnVCM2000002a0c10acRCRD",
                                "itemVcmId": "1a1bc95f2502b410VgnVCM2000002a0c10acRCRD",
                                "galleryChannelId": "1a1bc95f2502b410VgnVCM2000002a0c10acRCRD",
                                "title": "נפתלי בנט רץ למיליון",
                                "pageUrl": "/mako-vod-keshet/eretz_nehederet-s12/VOD-1a1bc95f2502b41006.htm",
                                "domoClick": {
                                    "content_type": "vod",
                                    "channel_depth": -1,
                                    "clicked_item_id": "1a1bc95f2502b410VgnVCM2000002a0c10acRCRD",
                                    "click_type": "link",
                                    "clicked_item_url": "https://www.mako.co.il/mako-vod-keshet/eretz_nehederet-s12/VOD-1a1bc95f2502b41006.htm",
                                    "clicked_channel_id": "de317051b0cfa410VgnVCM2000002a0c10acRCRD",
                                    "referring_component": "16f079a6-page-prom-refc-4bfb03e240e9"
                                },
                                "pics": [
                                    {
                                        "picUrl": "https://img.mako.co.il/2015/01/27/eretz12_02_VOD_dj8f0_WIDE_i.jpg",
                                        "altText": "פרק 1"
                                    }
                                ],
                                "extraInfo": "26.01.15",
                                "aIL": true,
                                "aINT": false
                            },
                            {
                                "componentLayout": "vod",
                                "channelId": "de317051b0cfa410VgnVCM2000002a0c10acRCRD",
                                "itemVcmId": "5c4619a75b44b410VgnVCM2000002a0c10acRCRD",
                                "galleryChannelId": "5c4619a75b44b410VgnVCM2000002a0c10acRCRD",
                                "title": "פרשת הבקבוקים",
                                "pageUrl": "/mako-vod-keshet/eretz_nehederet-s12/VOD-5c4619a75b44b41006.htm",
                                "domoClick": {
                                    "content_type": "vod",
                                    "channel_depth": -1,
                                    "clicked_item_id": "5c4619a75b44b410VgnVCM2000002a0c10acRCRD",
                                    "click_type": "link",
                                    "clicked_item_url": "https://www.mako.co.il/mako-vod-keshet/eretz_nehederet-s12/VOD-5c4619a75b44b41006.htm",
                                    "clicked_channel_id": "de317051b0cfa410VgnVCM2000002a0c10acRCRD",
                                    "referring_component": "16f079a6-page-prom-refc-4bfb03e240e9"
                                },
                                "pics": [
                                    {
                                        "picUrl": "https://img.mako.co.il/2015/02/02/eretz12_03_05_eli_ochana_WIDE_i.jpg",
                                        "altText": "אלי אוחנה : מזרחי תורן"
                                    }
                                ],
                                "extraInfo": "02.02.15",
                                "aIL": true,
                                "aINT": false
                            },
                            {
                                "componentLayout": "vod",
                                "channelId": "de317051b0cfa410VgnVCM2000002a0c10acRCRD",
                                "itemVcmId": "0ad291fcc8d6b410VgnVCM2000002a0c10acRCRD",
                                "galleryChannelId": "0ad291fcc8d6b410VgnVCM2000002a0c10acRCRD",
                                "title": "צל\"ש לגיבורי מערכת הבריאות",
                                "pageUrl": "/mako-vod-keshet/eretz_nehederet-s12/VOD-0ad291fcc8d6b41006.htm",
                                "domoClick": {
                                    "content_type": "vod",
                                    "channel_depth": -1,
                                    "clicked_item_id": "0ad291fcc8d6b410VgnVCM2000002a0c10acRCRD",
                                    "click_type": "link",
                                    "clicked_item_url": "https://www.mako.co.il/mako-vod-keshet/eretz_nehederet-s12/VOD-0ad291fcc8d6b41006.htm",
                                    "clicked_channel_id": "de317051b0cfa410VgnVCM2000002a0c10acRCRD",
                                    "referring_component": "16f079a6-page-prom-refc-4bfb03e240e9"
                                },
                                "pics": [
                                    {
                                        "picUrl": "https://img.mako.co.il/2015/02/10/eretz12_04_VOD_i.jpg",
                                        "altText": "פרק 4"
                                    }
                                ],
                                "extraInfo": "09.02.15",
                                "aIL": true,
                                "aINT": false
                            },
                            {
                                "componentLayout": "vod",
                                "channelId": "de317051b0cfa410VgnVCM2000002a0c10acRCRD",
                                "itemVcmId": "7c29e25e9dd8b410VgnVCM2000002a0c10acRCRD",
                                "galleryChannelId": "7c29e25e9dd8b410VgnVCM2000002a0c10acRCRD",
                                "title": "מושיק גלאמין מבקר את שרה",
                                "pageUrl": "/mako-vod-keshet/eretz_nehederet-s12/VOD-7c29e25e9dd8b41006.htm",
                                "domoClick": {
                                    "content_type": "vod",
                                    "channel_depth": -1,
                                    "clicked_item_id": "7c29e25e9dd8b410VgnVCM2000002a0c10acRCRD",
                                    "click_type": "link",
                                    "clicked_item_url": "https://www.mako.co.il/mako-vod-keshet/eretz_nehederet-s12/VOD-7c29e25e9dd8b41006.htm",
                                    "clicked_channel_id": "de317051b0cfa410VgnVCM2000002a0c10acRCRD",
                                    "referring_component": "16f079a6-page-prom-refc-4bfb03e240e9"
                                },
                                "pics": [
                                    {
                                        "picUrl": "https://img.mako.co.il/2015/02/17/eretz12_05_VOD_s7dq9_WIDE_i.jpg",
                                        "altText": "פרק 4"
                                    }
                                ],
                                "extraInfo": "16.02.15",
                                "aIL": true,
                                "aINT": false
                            },
                            {
                                "componentLayout": "vod",
                                "channelId": "de317051b0cfa410VgnVCM2000002a0c10acRCRD",
                                "itemVcmId": "9d16af15261bb410VgnVCM2000002a0c10acRCRD",
                                "galleryChannelId": "9d16af15261bb410VgnVCM2000002a0c10acRCRD",
                                "title": "בחירות 2015 – הכירו את המועמדים",
                                "pageUrl": "/mako-vod-keshet/eretz_nehederet-s12/VOD-9d16af15261bb41006.htm",
                                "domoClick": {
                                    "content_type": "vod",
                                    "channel_depth": -1,
                                    "clicked_item_id": "9d16af15261bb410VgnVCM2000002a0c10acRCRD",
                                    "click_type": "link",
                                    "clicked_item_url": "https://www.mako.co.il/mako-vod-keshet/eretz_nehederet-s12/VOD-9d16af15261bb41006.htm",
                                    "clicked_channel_id": "de317051b0cfa410VgnVCM2000002a0c10acRCRD",
                                    "referring_component": "16f079a6-page-prom-refc-4bfb03e240e9"
                                },
                                "pics": [
                                    {
                                        "picUrl": "https://img.mako.co.il/2015/02/24/624X383_EretzNehederet_Bhirot_2015_02_i.jpg",
                                        "altText": "ארץ נהדרת בחירות 2015"
                                    }
                                ],
                                "extraInfo": "23.02.15",
                                "aIL": true,
                                "aINT": false
                            },
                            {
                                "componentLayout": "vod",
                                "channelId": "de317051b0cfa410VgnVCM2000002a0c10acRCRD",
                                "itemVcmId": "2b7a7c0dfa5db410VgnVCM2000002a0c10acRCRD",
                                "galleryChannelId": "2b7a7c0dfa5db410VgnVCM2000002a0c10acRCRD",
                                "title": "ספיישל פורים",
                                "pageUrl": "/mako-vod-keshet/eretz_nehederet-s12/VOD-2b7a7c0dfa5db41006.htm",
                                "domoClick": {
                                    "content_type": "vod",
                                    "channel_depth": -1,
                                    "clicked_item_id": "2b7a7c0dfa5db410VgnVCM2000002a0c10acRCRD",
                                    "click_type": "link",
                                    "clicked_item_url": "https://www.mako.co.il/mako-vod-keshet/eretz_nehederet-s12/VOD-2b7a7c0dfa5db41006.htm",
                                    "clicked_channel_id": "de317051b0cfa410VgnVCM2000002a0c10acRCRD",
                                    "referring_component": "16f079a6-page-prom-refc-4bfb03e240e9"
                                },
                                "pics": [
                                    {
                                        "picUrl": "https://img.mako.co.il/2015/03/03/eretz12_06_VOD_WIDE_i.jpg",
                                        "altText": "פרק 6"
                                    }
                                ],
                                "extraInfo": "02.03.15",
                                "aIL": true,
                                "aINT": false
                            },
                            {
                                "componentLayout": "vod",
                                "channelId": "de317051b0cfa410VgnVCM2000002a0c10acRCRD",
                                "itemVcmId": "57a485bbde8fb410VgnVCM2000002a0c10acRCRD",
                                "galleryChannelId": "57a485bbde8fb410VgnVCM2000002a0c10acRCRD",
                                "title": "מילון הבחירות עם יונית לוי",
                                "pageUrl": "/mako-vod-keshet/eretz_nehederet-s12/VOD-57a485bbde8fb41006.htm",
                                "domoClick": {
                                    "content_type": "vod",
                                    "channel_depth": -1,
                                    "clicked_item_id": "57a485bbde8fb410VgnVCM2000002a0c10acRCRD",
                                    "click_type": "link",
                                    "clicked_item_url": "https://www.mako.co.il/mako-vod-keshet/eretz_nehederet-s12/VOD-57a485bbde8fb41006.htm",
                                    "clicked_channel_id": "de317051b0cfa410VgnVCM2000002a0c10acRCRD",
                                    "referring_component": "16f079a6-page-prom-refc-4bfb03e240e9"
                                },
                                "pics": [
                                    {
                                        "picUrl": "https://img.mako.co.il/2015/03/10/eretz12_07_vod_WIDE_i.jpg",
                                        "altText": "פרק 7"
                                    }
                                ],
                                "extraInfo": "09.03.15",
                                "aIL": true,
                                "aINT": false
                            },
                            {
                                "componentLayout": "vod",
                                "channelId": "de317051b0cfa410VgnVCM2000002a0c10acRCRD",
                                "itemVcmId": "369a691d7232c410VgnVCM2000002a0c10acRCRD",
                                "galleryChannelId": "369a691d7232c410VgnVCM2000002a0c10acRCRD",
                                "title": "רגע האמת של בחירות 2015",
                                "pageUrl": "/mako-vod-keshet/eretz_nehederet-s12/VOD-369a691d7232c41006.htm",
                                "domoClick": {
                                    "content_type": "vod",
                                    "channel_depth": -1,
                                    "clicked_item_id": "369a691d7232c410VgnVCM2000002a0c10acRCRD",
                                    "click_type": "link",
                                    "clicked_item_url": "https://www.mako.co.il/mako-vod-keshet/eretz_nehederet-s12/VOD-369a691d7232c41006.htm",
                                    "clicked_channel_id": "de317051b0cfa410VgnVCM2000002a0c10acRCRD",
                                    "referring_component": "16f079a6-page-prom-refc-4bfb03e240e9"
                                },
                                "pics": [
                                    {
                                        "picUrl": "https://img.mako.co.il/2015/03/17/eretz12_08_vod_WIDE_i.jpg",
                                        "altText": "פרק 8"
                                    }
                                ],
                                "extraInfo": "17.03.15",
                                "aIL": true,
                                "aINT": false
                            },
                            {
                                "componentLayout": "vod",
                                "channelId": "de317051b0cfa410VgnVCM2000002a0c10acRCRD",
                                "itemVcmId": "7fd01d1f9d14c410VgnVCM2000002a0c10acRCRD",
                                "galleryChannelId": "7fd01d1f9d14c410VgnVCM2000002a0c10acRCRD",
                                "title": "קרב התיקים",
                                "pageUrl": "/mako-vod-keshet/eretz_nehederet-s12/VOD-7fd01d1f9d14c41006.htm",
                                "domoClick": {
                                    "content_type": "vod",
                                    "channel_depth": -1,
                                    "clicked_item_id": "7fd01d1f9d14c410VgnVCM2000002a0c10acRCRD",
                                    "click_type": "link",
                                    "clicked_item_url": "https://www.mako.co.il/mako-vod-keshet/eretz_nehederet-s12/VOD-7fd01d1f9d14c41006.htm",
                                    "clicked_channel_id": "de317051b0cfa410VgnVCM2000002a0c10acRCRD",
                                    "referring_component": "16f079a6-page-prom-refc-4bfb03e240e9"
                                },
                                "pics": [
                                    {
                                        "picUrl": "https://img.mako.co.il/2015/03/24/eretz12_09_vod_WIDE_i.jpg",
                                        "altText": "פרק 8"
                                    }
                                ],
                                "extraInfo": "23.03.15",
                                "aIL": true,
                                "aINT": false
                            },
                            {
                                "componentLayout": "ad",
                                "index": 1,
                                "iu": "242748299/mako/vod/vod_keshet/JAMBO1_970",
                                "sizes": "{[[970, 90]]}",
                                "mobileIu": "242748299/mako/vod/vod_keshet/MOBILE_MONSTER1_300x250",
                                "mobileSizes": "{['fluid', [300, 250]]}"
                            },
                            {
                                "componentLayout": "vod",
                                "channelId": "de317051b0cfa410VgnVCM2000002a0c10acRCRD",
                                "itemVcmId": "6a70e55e5256c410VgnVCM2000002a0c10acRCRD",
                                "galleryChannelId": "6a70e55e5256c410VgnVCM2000002a0c10acRCRD",
                                "title": "סדר פסח חגיגי",
                                "pageUrl": "/mako-vod-keshet/eretz_nehederet-s12/VOD-6a70e55e5256c41006.htm",
                                "domoClick": {
                                    "content_type": "vod",
                                    "channel_depth": -1,
                                    "clicked_item_id": "6a70e55e5256c410VgnVCM2000002a0c10acRCRD",
                                    "click_type": "link",
                                    "clicked_item_url": "https://www.mako.co.il/mako-vod-keshet/eretz_nehederet-s12/VOD-6a70e55e5256c41006.htm",
                                    "clicked_channel_id": "de317051b0cfa410VgnVCM2000002a0c10acRCRD",
                                    "referring_component": "16f079a6-page-prom-refc-4bfb03e240e9"
                                },
                                "pics": [
                                    {
                                        "picUrl": "https://img.mako.co.il/2015/03/31/Eretz12_10_VOD_d8j39_WIDE_i.jpg",
                                        "altText": "פרק 10"
                                    }
                                ],
                                "extraInfo": "30.03.15",
                                "aIL": true,
                                "aINT": false
                            },
                            {
                                "componentLayout": "vod",
                                "channelId": "de317051b0cfa410VgnVCM2000002a0c10acRCRD",
                                "itemVcmId": "b40dc5f4cf88c410VgnVCM2000002a0c10acRCRD",
                                "galleryChannelId": "b40dc5f4cf88c410VgnVCM2000002a0c10acRCRD",
                                "title": "מיטב המערכונים",
                                "pageUrl": "/mako-vod-keshet/eretz_nehederet-s12/VOD-b40dc5f4cf88c41006.htm",
                                "domoClick": {
                                    "content_type": "vod",
                                    "channel_depth": -1,
                                    "clicked_item_id": "b40dc5f4cf88c410VgnVCM2000002a0c10acRCRD",
                                    "click_type": "link",
                                    "clicked_item_url": "https://www.mako.co.il/mako-vod-keshet/eretz_nehederet-s12/VOD-b40dc5f4cf88c41006.htm",
                                    "clicked_channel_id": "de317051b0cfa410VgnVCM2000002a0c10acRCRD",
                                    "referring_component": "16f079a6-page-prom-refc-4bfb03e240e9"
                                },
                                "pics": [
                                    {
                                        "picUrl": "https://img.mako.co.il/2015/04/06/eretz12_leket2_VOD_m97g5_WIDE_i.jpg",
                                        "altText": "מיטב המערכונים"
                                    }
                                ],
                                "extraInfo": "06.04.15",
                                "aIL": true,
                                "aINT": false
                            },
                            {
                                "componentLayout": "vod",
                                "channelId": "de317051b0cfa410VgnVCM2000002a0c10acRCRD",
                                "itemVcmId": "0e207057ea1dc410VgnVCM2000002a0c10acRCRD",
                                "galleryChannelId": "0e207057ea1dc410VgnVCM2000002a0c10acRCRD",
                                "title": "ספיישל עצמאות",
                                "pageUrl": "/mako-vod-keshet/eretz_nehederet-s12/VOD-0e207057ea1dc41006.htm",
                                "domoClick": {
                                    "content_type": "vod",
                                    "channel_depth": -1,
                                    "clicked_item_id": "0e207057ea1dc410VgnVCM2000002a0c10acRCRD",
                                    "click_type": "link",
                                    "clicked_item_url": "https://www.mako.co.il/mako-vod-keshet/eretz_nehederet-s12/VOD-0e207057ea1dc41006.htm",
                                    "clicked_channel_id": "de317051b0cfa410VgnVCM2000002a0c10acRCRD",
                                    "referring_component": "16f079a6-page-prom-refc-4bfb03e240e9"
                                },
                                "pics": [
                                    {
                                        "picUrl": "https://img.mako.co.il/2015/04/20/eretz_11_vod_WIDE_i.jpg",
                                        "altText": "פרק 11"
                                    }
                                ],
                                "extraInfo": "20.04.15",
                                "aIL": true,
                                "aINT": false
                            },
                            {
                                "componentLayout": "vod",
                                "channelId": "de317051b0cfa410VgnVCM2000002a0c10acRCRD",
                                "itemVcmId": "429bd897a25fc410VgnVCM2000002a0c10acRCRD",
                                "galleryChannelId": "429bd897a25fc410VgnVCM2000002a0c10acRCRD",
                                "title": "גאודה",
                                "pageUrl": "/mako-vod-keshet/eretz_nehederet-s12/VOD-429bd897a25fc41006.htm",
                                "domoClick": {
                                    "content_type": "vod",
                                    "channel_depth": -1,
                                    "clicked_item_id": "429bd897a25fc410VgnVCM2000002a0c10acRCRD",
                                    "click_type": "link",
                                    "clicked_item_url": "https://www.mako.co.il/mako-vod-keshet/eretz_nehederet-s12/VOD-429bd897a25fc41006.htm",
                                    "clicked_channel_id": "de317051b0cfa410VgnVCM2000002a0c10acRCRD",
                                    "referring_component": "16f079a6-page-prom-refc-4bfb03e240e9"
                                },
                                "pics": [
                                    {
                                        "picUrl": "https://img.mako.co.il/2015/04/27/Eretz12_12_VOD_WIDE_i.jpg",
                                        "altText": "פרק 12"
                                    }
                                ],
                                "extraInfo": "27.04.15",
                                "aIL": true,
                                "aINT": false
                            },
                            {
                                "componentLayout": "vod",
                                "channelId": "de317051b0cfa410VgnVCM2000002a0c10acRCRD",
                                "itemVcmId": "b1e4bfd3bfe1d410VgnVCM2000002a0c10acRCRD",
                                "galleryChannelId": "b1e4bfd3bfe1d410VgnVCM2000002a0c10acRCRD",
                                "title": "פתיחת הקיץ",
                                "pageUrl": "/mako-vod-keshet/eretz_nehederet-s12/VOD-b1e4bfd3bfe1d41006.htm",
                                "domoClick": {
                                    "content_type": "vod",
                                    "channel_depth": -1,
                                    "clicked_item_id": "b1e4bfd3bfe1d410VgnVCM2000002a0c10acRCRD",
                                    "click_type": "link",
                                    "clicked_item_url": "https://www.mako.co.il/mako-vod-keshet/eretz_nehederet-s12/VOD-b1e4bfd3bfe1d41006.htm",
                                    "clicked_channel_id": "de317051b0cfa410VgnVCM2000002a0c10acRCRD",
                                    "referring_component": "16f079a6-page-prom-refc-4bfb03e240e9"
                                },
                                "pics": [
                                    {
                                        "picUrl": "https://img.mako.co.il/2015/05/04/Eretz12_13_VOD_WIDE_i.jpg",
                                        "altText": "פרק 13"
                                    }
                                ],
                                "extraInfo": "04.05.15",
                                "aIL": true,
                                "aINT": false
                            },
                            {
                                "componentLayout": "vod",
                                "channelId": "de317051b0cfa410VgnVCM2000002a0c10acRCRD",
                                "itemVcmId": "3ad468a2e9e3d410VgnVCM2000002a0c10acRCRD",
                                "galleryChannelId": "3ad468a2e9e3d410VgnVCM2000002a0c10acRCRD",
                                "title": "ביבי ואסי עזר מרכיבים ממשלה",
                                "pageUrl": "/mako-vod-keshet/eretz_nehederet-s12/VOD-3ad468a2e9e3d41006.htm",
                                "domoClick": {
                                    "content_type": "vod",
                                    "channel_depth": -1,
                                    "clicked_item_id": "3ad468a2e9e3d410VgnVCM2000002a0c10acRCRD",
                                    "click_type": "link",
                                    "clicked_item_url": "https://www.mako.co.il/mako-vod-keshet/eretz_nehederet-s12/VOD-3ad468a2e9e3d41006.htm",
                                    "clicked_channel_id": "de317051b0cfa410VgnVCM2000002a0c10acRCRD",
                                    "referring_component": "16f079a6-page-prom-refc-4bfb03e240e9"
                                },
                                "pics": [
                                    {
                                        "picUrl": "https://img.mako.co.il/2015/05/12/Eretz12_14_VOD_LOGO_i.jpg",
                                        "altText": "פרק 14"
                                    }
                                ],
                                "extraInfo": "11.05.15",
                                "aIL": true,
                                "aINT": false
                            },
                            {
                                "componentLayout": "vod",
                                "channelId": "de317051b0cfa410VgnVCM2000002a0c10acRCRD",
                                "itemVcmId": "129f1b885266d410VgnVCM2000002a0c10acRCRD",
                                "galleryChannelId": "129f1b885266d410VgnVCM2000002a0c10acRCRD",
                                "title": "הממשלה החדשה",
                                "pageUrl": "/mako-vod-keshet/eretz_nehederet-s12/VOD-129f1b885266d41006.htm",
                                "domoClick": {
                                    "content_type": "vod",
                                    "channel_depth": -1,
                                    "clicked_item_id": "129f1b885266d410VgnVCM2000002a0c10acRCRD",
                                    "click_type": "link",
                                    "clicked_item_url": "https://www.mako.co.il/mako-vod-keshet/eretz_nehederet-s12/VOD-129f1b885266d41006.htm",
                                    "clicked_channel_id": "de317051b0cfa410VgnVCM2000002a0c10acRCRD",
                                    "referring_component": "16f079a6-page-prom-refc-4bfb03e240e9"
                                },
                                "pics": [
                                    {
                                        "picUrl": "https://img.mako.co.il/2015/05/19/Eretz12_15_VOD_WIDE_i.jpg",
                                        "altText": "פרק 15"
                                    }
                                ],
                                "extraInfo": "18.05.15",
                                "aIL": true,
                                "aINT": false
                            },
                            {
                                "componentLayout": "vod",
                                "channelId": "de317051b0cfa410VgnVCM2000002a0c10acRCRD",
                                "itemVcmId": "a50280c3e657d410VgnVCM2000002a0c10acRCRD",
                                "galleryChannelId": "a50280c3e657d410VgnVCM2000002a0c10acRCRD",
                                "title": "מיטב המערכונים",
                                "pageUrl": "/mako-vod-keshet/eretz_nehederet-s12/VOD-a50280c3e657d41006.htm",
                                "domoClick": {
                                    "content_type": "vod",
                                    "channel_depth": -1,
                                    "clicked_item_id": "a50280c3e657d410VgnVCM2000002a0c10acRCRD",
                                    "click_type": "link",
                                    "clicked_item_url": "https://www.mako.co.il/mako-vod-keshet/eretz_nehederet-s12/VOD-a50280c3e657d41006.htm",
                                    "clicked_channel_id": "de317051b0cfa410VgnVCM2000002a0c10acRCRD",
                                    "referring_component": "16f079a6-page-prom-refc-4bfb03e240e9"
                                },
                                "pics": [
                                    {
                                        "picUrl": "https://img.mako.co.il/2015/05/24/eretz12_leket3_VOD_WIDE_i.jpg",
                                        "altText": "מיטב המערכונים"
                                    }
                                ],
                                "extraInfo": "24.05.15",
                                "aIL": true,
                                "aINT": false
                            },
                            {
                                "componentLayout": "vod",
                                "channelId": "de317051b0cfa410VgnVCM2000002a0c10acRCRD",
                                "itemVcmId": "0105e2a34bead410VgnVCM2000002a0c10acRCRD",
                                "galleryChannelId": "0105e2a34bead410VgnVCM2000002a0c10acRCRD",
                                "title": "הקניון",
                                "pageUrl": "/mako-vod-keshet/eretz_nehederet-s12/VOD-0105e2a34bead41006.htm",
                                "domoClick": {
                                    "content_type": "vod",
                                    "channel_depth": -1,
                                    "clicked_item_id": "0105e2a34bead410VgnVCM2000002a0c10acRCRD",
                                    "click_type": "link",
                                    "clicked_item_url": "https://www.mako.co.il/mako-vod-keshet/eretz_nehederet-s12/VOD-0105e2a34bead41006.htm",
                                    "clicked_channel_id": "de317051b0cfa410VgnVCM2000002a0c10acRCRD",
                                    "referring_component": "16f079a6-page-prom-refc-4bfb03e240e9"
                                },
                                "pics": [
                                    {
                                        "picUrl": "https://img.mako.co.il/2015/01/26/624X383_EretzNehederet_Bhirot_2015_01_i.jpg",
                                        "altText": "ארץ נהדרת בחירות 2015"
                                    }
                                ],
                                "extraInfo": "01.06.15",
                                "aIL": true,
                                "aINT": false
                            },
                            {
                                "componentLayout": "vod",
                                "channelId": "de317051b0cfa410VgnVCM2000002a0c10acRCRD",
                                "itemVcmId": "60c7a4c74fdcd410VgnVCM2000002a0c10acRCRD",
                                "galleryChannelId": "60c7a4c74fdcd410VgnVCM2000002a0c10acRCRD",
                                "title": "ספיישל סיום העונה",
                                "pageUrl": "/mako-vod-keshet/eretz_nehederet-s12/VOD-60c7a4c74fdcd41006.htm",
                                "domoClick": {
                                    "content_type": "vod",
                                    "channel_depth": -1,
                                    "clicked_item_id": "60c7a4c74fdcd410VgnVCM2000002a0c10acRCRD",
                                    "click_type": "link",
                                    "clicked_item_url": "https://www.mako.co.il/mako-vod-keshet/eretz_nehederet-s12/VOD-60c7a4c74fdcd41006.htm",
                                    "clicked_channel_id": "de317051b0cfa410VgnVCM2000002a0c10acRCRD",
                                    "referring_component": "16f079a6-page-prom-refc-4bfb03e240e9"
                                },
                                "pics": [
                                    {
                                        "picUrl": "https://img.mako.co.il/2015/06/09/eretz12_16_VOD_logo_WIDE_i.jpg",
                                        "altText": "פרק 16"
                                    }
                                ],
                                "extraInfo": "08.06.15",
                                "aIL": true,
                                "aINT": false
                            },
                            {
                                "componentLayout": "vod",
                                "channelId": "de317051b0cfa410VgnVCM2000002a0c10acRCRD",
                                "itemVcmId": "1b866722b32fd410VgnVCM2000002a0c10acRCRD",
                                "galleryChannelId": "1b866722b32fd410VgnVCM2000002a0c10acRCRD",
                                "title": "ניר וגלי - חדר וחצי",
                                "pageUrl": "/mako-vod-keshet/eretz_nehederet-s12/VOD-1b866722b32fd41006.htm",
                                "domoClick": {
                                    "content_type": "vod",
                                    "channel_depth": -1,
                                    "clicked_item_id": "1b866722b32fd410VgnVCM2000002a0c10acRCRD",
                                    "click_type": "link",
                                    "clicked_item_url": "https://www.mako.co.il/mako-vod-keshet/eretz_nehederet-s12/VOD-1b866722b32fd41006.htm",
                                    "clicked_channel_id": "de317051b0cfa410VgnVCM2000002a0c10acRCRD",
                                    "referring_component": "16f079a6-page-prom-refc-4bfb03e240e9"
                                },
                                "pics": [
                                    {
                                        "picUrl": "https://img.mako.co.il/2015/06/15/eretz12_leket5_VOD_i.jpg",
                                        "altText": "ניר וגלי - חדר וחצי"
                                    }
                                ],
                                "extraInfo": "15.06.15",
                                "aIL": true,
                                "aINT": false
                            },
                            {
                                "componentLayout": "vod",
                                "channelId": "de317051b0cfa410VgnVCM2000002a0c10acRCRD",
                                "itemVcmId": "077bc1580f93e410VgnVCM2000002a0c10acRCRD",
                                "galleryChannelId": "077bc1580f93e410VgnVCM2000002a0c10acRCRD",
                                "title": "היועצים",
                                "pageUrl": "/mako-vod-keshet/eretz_nehederet-s12/VOD-077bc1580f93e41006.htm",
                                "domoClick": {
                                    "content_type": "vod",
                                    "channel_depth": -1,
                                    "clicked_item_id": "077bc1580f93e410VgnVCM2000002a0c10acRCRD",
                                    "click_type": "link",
                                    "clicked_item_url": "https://www.mako.co.il/mako-vod-keshet/eretz_nehederet-s12/VOD-077bc1580f93e41006.htm",
                                    "clicked_channel_id": "de317051b0cfa410VgnVCM2000002a0c10acRCRD",
                                    "referring_component": "16f079a6-page-prom-refc-4bfb03e240e9"
                                },
                                "pics": [
                                    {
                                        "picUrl": "https://img.mako.co.il/2015/06/29/erezt_leket_yoaztim_i.jpg",
                                        "altText": "לקט יועצים"
                                    }
                                ],
                                "extraInfo": "29.06.15",
                                "aIL": true,
                                "aINT": false
                            },
                            {
                                "componentLayout": "vod",
                                "channelId": "de317051b0cfa410VgnVCM2000002a0c10acRCRD",
                                "itemVcmId": "00a46b8d7da70510VgnVCM2000002a0c10acRCRD",
                                "galleryChannelId": "00a46b8d7da70510VgnVCM2000002a0c10acRCRD",
                                "title": "מהדורה מיוחדת",
                                "pageUrl": "/mako-vod-keshet/eretz_nehederet-s12/VOD-00a46b8d7da7051006.htm",
                                "domoClick": {
                                    "content_type": "vod",
                                    "channel_depth": -1,
                                    "clicked_item_id": "00a46b8d7da70510VgnVCM2000002a0c10acRCRD",
                                    "click_type": "link",
                                    "clicked_item_url": "https://www.mako.co.il/mako-vod-keshet/eretz_nehederet-s12/VOD-00a46b8d7da7051006.htm",
                                    "clicked_channel_id": "de317051b0cfa410VgnVCM2000002a0c10acRCRD",
                                    "referring_component": "16f079a6-page-prom-refc-4bfb03e240e9"
                                },
                                "pics": [
                                    {
                                        "picUrl": "https://img.mako.co.il/2015/10/20/eretz12_meyuhedet_vod_logo_WIDE_i.jpg",
                                        "altText": "פרק 16"
                                    }
                                ],
                                "extraInfo": "18.10.15",
                                "aIL": true,
                                "aINT": false
                            }
                        ]
                    },
                    {
                        "buttonText": "קטעים קצרים",
                        "id": "shorts",
                        "vcmid": "ad8d5f5499ef6810VgnVCM100000700a10acRCRD",
                        "channelId": "ad8d5f5499ef6810VgnVCM100000700a10acRCRD",
                        "makoRefComp": "Shorts",
                        "pageUrl": "/mako-vod-keshet/eretz_nehederet-s12/shorts",
                        "domoClick": {
                            "content_type": "channel",
                            "channel_depth": -1,
                            "clicked_item_id": "ad8d5f5499ef6810VgnVCM100000700a10acRCRD",
                            "click_type": "link",
                            "clicked_item_url": "https://www.mako.co.il/mako-vod-keshet/eretz_nehederet-s12/shorts",
                            "clicked_channel_id": "ad8d5f5499ef6810VgnVCM100000700a10acRCRD",
                            "referring_component": "9ced3b0e-page-navi-refc-eb3fe7b8e0de"
                        },
                        "open": false
                    },
                    {
                        "buttonText": "קרדיטים",
                        "id": "credits",
                        "vcmid": "Credits",
                        "channelId": "de317051b0cfa410VgnVCM2000002a0c10acRCRD",
                        "makoRefComp": "Credits",
                        "pageUrl": "/mako-vod-keshet/eretz_nehederet-s22?type=credits",
                        "domoClick": {
                            "content_type": "fabricated",
                            "clicked_item_id": "a7a32f51-cred-its--id-e-0491fe30f859",
                            "click_type": "link",
                            "clicked_item_url": "https://www.mako.co.il/mako-vod-keshet/eretz_nehederet-s22?type=credits",
                            "clicked_channel_id": "bc6a5d06d46f2910VgnVCM200000650a10acRCRD",
                            "referring_component": "9ced3b0e-page-navi-refc-eb3fe7b8e0de"
                        },
                        "credits": [
                            {
                                "value": "איל קיציס",
                                "key": "host",
                                "text": "מנחה:"
                            },
                            {
                                "value": "איל קיציס, אלי פיניש, עלמה זק, מריאנו אידלמן, ליאת הר לב, ערן זרחוביץ', יובל סמו, רועי בר נתן, ירון ברלד, שני כהן, תום יער, תמיר בר, אמיר שורוש, אורי לייזרוביץ', ליאור אשכנזי, גיה באר גורביץ', יניב ביטון, אסי כהן",
                                "key": "participance",
                                "text": "משתתפים:"
                            },
                            {
                                "value": "מולי שגב | כותבים: אסף שלמון, דוד ליפשיץ, אסף גפן, איתי רייכר, אילן שפלר, שרון טייכר, עומר ריבק, דור",
                                "key": "mainEditor",
                                "text": "עורך ראשי:"
                            },
                            {
                                "value": "שירי מיכאלי",
                                "key": "producer",
                                "text": "מפיק:"
                            },
                            {
                                "value": "קשת",
                                "key": "productionCompany",
                                "text": "חברת הפקה:"
                            }
                        ]
                    }
                ],
                "historyObject": {
                    "title": "פרק הפתיחה",
                    "programId": "5cf467a604643210VgnVCM2000002a0c10acRCRD",
                    "pageUrl": "/mako-vod-keshet/eretz_nehederet-s12/VOD-5267ab489520b41006.htm",
                    "domoClick": {
                        "content_type": "vod",
                        "channel_depth": 3,
                        "clicked_item_id": "5267ab489520b410VgnVCM2000002a0c10acRCRD",
                        "click_type": "link",
                        "clicked_item_url": "https://www.mako.co.il/mako-vod-keshet/eretz_nehederet-s12/VOD-5267ab489520b41006.htm",
                        "clicked_channel_id": "de317051b0cfa410VgnVCM2000002a0c10acRCRD",
                        "referring_component": "ERROR_NO_REFERRER"
                    },
                    "picUrl": "https://img.mako.co.il/2015/01/20/Eretz12_01_VOD_WIDE_i.jpg",
                    "hero": {
                        "title": "ארץ נהדרת",
                        "extraInfo": "עונה 12@19.01.15",
                        "picUrl": "https://img.mako.co.il/2021/07/15/eretz_12_HD_re.jpg",
                        "logo": "https://img.mako.co.il/2022/06/21/logo_eretz.png",
                        "subtitle": "פרק הפתיחה",
                        "description": "ארץ נהדרת חוזרת לקראת בחירות 2015"
                    },
                    "buttonText": "להמשך צפייה בעונה 12",
                    "sch": "de317051b0cfa410",
                    "seasonUrl": "/mako-vod-keshet/eretz_nehederet-s12"
                }
            }
        },
        "__N_SSP": true
    },
    "page": "/[mako_vod_channel]/[program]",
    "query": {
        "mako_vod_channel": "mako-vod-keshet",
        "program": "eretz_nehederet-s12"
    },
    "buildId": "5.15.0",
    "assetPrefix": "/mako-vod",
    "isFallback": false,
    "gssp": true,
    "customServer": true,
    "scriptLoader": [
    ]
}