{
    "props": {
        "pageProps": {
            "menu": {
                "lastUpdate": "Mon, 11 Nov 2024 21:40:49 +0200",
                "timestamp": 1731354049975,
                "header": {
                    "guid": "00b23f399647c710VgnVCM200000650a10acRCRD",
                    "categories": [
                        {
                            "name": "ראשי",
                            "icon": "https://img.mako.co.il/2021/10/10/home.png",
                            "url": "/mako-vod",
                            "domoClick": {
                                "content_type": "channel",
                                "channel_depth": 1,
                                "teaser_id": "a27a2dcbacf4c710VgnVCM200000650a10acRCRD",
                                "clicked_item_id": "b5f4c13070733210VgnVCM2000002a0c10acRCRD",
                                "click_type": "link",
                                "clicked_item_url": "https://www.mako.co.il/mako-vod",
                                "clicked_channel_id": "b5f4c13070733210VgnVCM2000002a0c10acRCRD",
                                "referring_component": "8eb76bc8-glob-navi-refc-2ad659ccef22"
                            }
                        },
                        {
                            "name": "LIVE",
                            "icon": "https://img.mako.co.il/2021/10/10/live.png",
                            "url": "/mako-vod-live-tv/VOD-6540b8dcb64fd31006.htm",
                            "domoClick": {
                                "content_type": "vod",
                                "channel_depth": 1,
                                "teaser_id": "a66819cdc7a6c710VgnVCM100000700a10acRCRD",
                                "clicked_item_id": "6540b8dcb64fd310VgnVCM2000002a0c10acRCRD",
                                "click_type": "link",
                                "clicked_item_url": "https://www.mako.co.il/mako-vod-live-tv/VOD-6540b8dcb64fd31006.htm",
                                "clicked_channel_id": "5d28d21b4580e310VgnVCM2000002a0c10acRCRD",
                                "referring_component": "8eb76bc8-glob-navi-refc-2ad659ccef22"
                            }
                        },
                        {
                            "name": "תוכניות",
                            "icon": "https://img.mako.co.il/2021/10/10/index.png",
                            "url": "/mako-vod-index",
                            "domoClick": {
                                "content_type": "channel",
                                "channel_depth": 2,
                                "teaser_id": "3e8819cdc7a6c710VgnVCM100000700a10acRCRD",
                                "clicked_item_id": "05c2e4caebbe3210VgnVCM100000290c10acRCRD",
                                "click_type": "link",
                                "clicked_item_url": "https://www.mako.co.il/mako-vod-index",
                                "clicked_channel_id": "05c2e4caebbe3210VgnVCM100000290c10acRCRD",
                                "referring_component": "8eb76bc8-glob-navi-refc-2ad659ccef22"
                            }
                        }
                    ]
                },
                "footer": {
                    "guid": "bc533f399647c710VgnVCM200000650a10acRCRD",
                    "categories": [
                        {
                            "name": "אודות +12",
                            "url": "https://makospecial.co.il/about-12plus?makoOpenChromeTabs=1?partner=12plusFooterLinks",
                            "domoClick": {
                                "content_type": "unknown",
                                "channel_depth": -1,
                                "teaser_id": "6b2a6503efec9810VgnVCM200000650a10acRCRD",
                                "clicked_item_id": "unknown",
                                "click_type": "link",
                                "clicked_item_url": "https://makospecial.co.il/about-12plus?makoOpenChromeTabs=1?partner=12plusFooterLinks",
                                "clicked_channel_id": "unknown",
                                "referring_component": "2d2c13d6-glob-foot-refc-de190b394505"
                            }
                        },
                        {
                            "name": "עזרה",
                            "url": "https://www.mako.co.il/mako-vod-help",
                            "domoClick": {
                                "content_type": "channel",
                                "channel_depth": 2,
                                "teaser_id": "1a0e40b549a6c710VgnVCM100000700a10acRCRD",
                                "clicked_item_id": "f13ad9f49196e710VgnVCM200000650a10acRCRD",
                                "click_type": "link",
                                "clicked_item_url": "https://www.mako.co.il/mako-vod-help",
                                "clicked_channel_id": "f13ad9f49196e710VgnVCM200000650a10acRCRD",
                                "referring_component": "2d2c13d6-glob-foot-refc-de190b394505"
                            }
                        },
                        {
                            "name": "לפנייה במייל",
                            "url": "mail",
                            "domoClick": {
                                "content_type": "channel",
                                "channel_depth": 0,
                                "teaser_id": "f4ca40b549a6c710VgnVCM100000700a10acRCRD",
                                "clicked_item_id": "3d385dd2dd5d4110VgnVCM100000290c10acRCRD",
                                "click_type": "link",
                                "clicked_item_url": "https://www.mako.co.ilmail",
                                "clicked_channel_id": "3d385dd2dd5d4110VgnVCM100000290c10acRCRD",
                                "referring_component": "2d2c13d6-glob-foot-refc-de190b394505"
                            }
                        },
                        {
                            "name": "לפנייה ב whatsapp",
                            "url": "https://wa.me/972502010818",
                            "domoClick": {
                                "content_type": "unknown",
                                "channel_depth": -1,
                                "teaser_id": "27c4464ed643c810VgnVCM100000700a10acRCRD",
                                "clicked_item_id": "unknown",
                                "click_type": "link",
                                "clicked_item_url": "https://wa.me/972502010818",
                                "clicked_channel_id": "unknown",
                                "referring_component": "2d2c13d6-glob-foot-refc-de190b394505"
                            }
                        },
                        {
                            "name": "תקנון",
                            "url": "https://www.mako.co.il/mako-vod-help/Article-dd0b75e6b096e71026.htm?partner=12plusFooterLinks",
                            "domoClick": {
                                "content_type": "Article",
                                "channel_depth": 2,
                                "teaser_id": "757f40b549a6c710VgnVCM100000700a10acRCRD",
                                "clicked_item_id": "dd0b75e6b096e710VgnVCM200000650a10acRCRD",
                                "click_type": "link",
                                "clicked_item_url": "https://www.mako.co.il/mako-vod-help/Article-dd0b75e6b096e71026.htm?partner=12plusFooterLinks",
                                "clicked_channel_id": "f13ad9f49196e710VgnVCM200000650a10acRCRD",
                                "referring_component": "2d2c13d6-glob-foot-refc-de190b394505"
                            }
                        },
                        {
                            "name": "הסדרי נגישות",
                            "url": "https://www.mako.co.il/help-5bb6bf4ccf39c110/Article-b7ff18a9de86471026.htm?partner=12plusFooterLinks",
                            "domoClick": {
                                "content_type": "Article",
                                "channel_depth": 2,
                                "teaser_id": "23f4495772220810VgnVCM200000650a10acRCRD",
                                "clicked_item_id": "b7ff18a9de864710VgnVCM200000650a10acRCRD",
                                "click_type": "link",
                                "clicked_item_url": "https://www.mako.co.il/help-5bb6bf4ccf39c110/Article-b7ff18a9de86471026.htm?partner=12plusFooterLinks",
                                "clicked_channel_id": "5bb6bf4ccf39c110VgnVCM100000290c10acRCRD",
                                "referring_component": "2d2c13d6-glob-foot-refc-de190b394505"
                            }
                        },
                        {
                            "name": "מדיניות פרטיות ותנאי שימוש",
                            "url": "https://www.mako.co.il/help-terms-of-use/Article-d37908dd1674c11006.htm?partner=12plusFooterLinks",
                            "domoClick": {
                                "content_type": "Article",
                                "channel_depth": 2,
                                "teaser_id": "e5c040b549a6c710VgnVCM100000700a10acRCRD",
                                "clicked_item_id": "d37908dd1674c110VgnVCM2000002a0c10acRCRD",
                                "click_type": "link",
                                "clicked_item_url": "https://www.mako.co.il/help-terms-of-use/Article-d37908dd1674c11006.htm?partner=12plusFooterLinks",
                                "clicked_channel_id": "345705dfcebcb110VgnVCM2000002a0c10acRCRD",
                                "referring_component": "2d2c13d6-glob-foot-refc-de190b394505"
                            }
                        }
                    ]
                }
            },
            "logos": {
                "lastUpdate": "Mon, 11 Nov 2024 21:40:49 +0200",
                "timestamp": 1731354049968,
                "headerLogo": {
                    "guid": "9dabeac4fa6cc710VgnVCM200000650a10acRCRD",
                    "desktopLogo": "https://img.mako.co.il/2024/10/10/logo-12-desktop.png",
                    "mobileWebLogo": "https://img.mako.co.il/2024/10/10/LOGO_12_mobile.png",
                    "mobileAppLogo": "https://img.mako.co.il/2024/10/09/LOGO_12__mobileApp.png",
                    "smartTVLogo": "https://img.mako.co.il/2021/10/28/Logo_12+_smartTV.png"
                }
            },
            "data": {
                "lastUpdate": "Fri, 08 Nov 2024 11:48:56 +0200",
                "timestamp": 1731059336230,
                "pageType": "Subvertical",
                "channelId": "00cb73568955a510VgnVCM2000002a0c10acRCRD",
                "sch": "00cb73568955a510",
                "channelName": "עונה 14",
                "pageUrl": "/mako-vod-keshet/eretz_nehederet-s14",
                "domoPageView": {
                    "content_type": "channel",
                    "channel_id": "00cb73568955a510VgnVCM2000002a0c10acRCRD",
                    "item_id": "00cb73568955a510VgnVCM2000002a0c10acRCRD",
                    "page_url": "https://www.mako.co.il/mako-vod-keshet/eretz_nehederet-s14",
                    "is_blocked_content": {
                        "israel": 0,
                        "international": 0
                    },
                    "channel_depth": 3
                },
                "preload": true,
                "makoCatDFP": {
                    "cust_params": {
                        "location_sub_campaign": "%LOCATION_SUB_CAMPAIGN%",
                        "payinguser": "%IS_PAYING_USER%",
                        "video_from_time": "%VIDEO_FROM_TIME%",
                        "bundleId": "%PRODUCT_BUNDLE_ID%",
                        "pushTags": "%PUSH_TAGS%",
                        "language": "%LANGUAGE%",
                        "locale": "%LOCALE%",
                        "deviceid": "%DEVICE_ID%",
                        "version": "%VERSION%",
                        "devicetype": "%DEVICE_TYPE%",
                        "MAKOPAGE": "%GUID%",
                        "advertiserId": "%ADVERTISER_ID%",
                        "carrier": "%CARRIER%",
                        "LEVEL4": "vod_eretz",
                        "osVersion": "%OS_VERSION%",
                        "LEVEL5": "s14",
                        "paidContent": "%IS_PAID_CONTENT%",
                        "appid": "%APP_ID%",
                        "makoHN": "%HOUSE_NUMBERS%",
                        "random_number": "%RANDOM_NUMBER%",
                        "osType": "%OS_TYPE%",
                        "deviceModel": "%DEVICE_MODEL%",
                        "pushTrigger": "%PUSH_TRIGGER%"
                    },
                    "iu": "/242748299/mako/vod/vod_keshet/"
                },
                "seo": {
                    "title": "ארץ נהדרת, עונה 14 - לצפייה ישירה",
                    "description": "ארץ נהדרת עונה 14 לצפייה ישירה. פרשת אלאור אזריה, תחילת חקירות נתניהו – דוד ביטן נחלץ להגן, שאולי ואירנה בבית החולים וכל הלהיטים של אגס קימל ",
                    "type": "tv_show",
                    "image": "https://img.mako.co.il/2021/03/25/eretz_yaniv_HD_Size2_autoOrient_i.jpg",
                    "canonical": "https://www.mako.co.il/mako-vod-keshet/eretz_nehederet-s14",
                    "schema": {
                        "@context": "https://schema.org",
                        "@type": "TVSeason",
                        "name": "עונה 14",
                        "description": "פרשת אלאור אזריה, תחילת חקירות נתניהו – דוד ביטן נחלץ להגן, שאולי ואירנה בבית החולים וכל הלהיטים של אגס קימל ",
                        "image": "https://img.mako.co.il/2021/03/25/eretz_yaniv_HD_Size2_autoOrient_i.jpg",
                        "numberOfEpisodes": 14,
                        "url": "https://www.mako.co.il/mako-vod-keshet/eretz_nehederet-s14",
                        "partOfTVSeries": {
                            "@type": "TVSeries",
                            "name": "ארץ נהדרת",
                            "url": "https://www.mako.co.il/mako-vod-keshet/eretz_nehederet"
                        },
                        "genre": [
                            "בידור",
                            "קומדיה"
                        ],
                        "provider": {
                            "@type": "Organization",
                            "name": "תכניות קשת"
                        },
                        "publisher": {
                            "@type": "NewsMediaOrganization",
                            "name": "שידורי קשת"
                        },
                        "sameAs": [
                            "https://www.mako.co.il/tv-erez-nehederet/cc0e3d99ade16110"
                        ]
                    }
                },
                "vod": {
                    "channelId": "00cb73568955a510VgnVCM2000002a0c10acRCRD",
                    "itemVcmId": "3923f8aa7bb5a510VgnVCM2000002a0c10acRCRD",
                    "galleryChannelId": "3923f8aa7bb5a510VgnVCM2000002a0c10acRCRD",
                    "programId": "5cf467a604643210VgnVCM2000002a0c10acRCRD",
                    "mostCurrent": false,
                    "domoPlay": {
                        "content_type": "vod",
                        "channel_id": "00cb73568955a510VgnVCM2000002a0c10acRCRD",
                        "item_id": "3923f8aa7bb5a510VgnVCM2000002a0c10acRCRD",
                        "channel_depth": 3
                    },
                    "domoClick": {
                        "content_type": "vod",
                        "click_type": "link",
                        "clicked_item_id": "3923f8aa7bb5a510VgnVCM2000002a0c10acRCRD",
                        "channel_depth": -1,
                        "clicked_item_url": "https://www.mako.co.il/mako-vod-keshet/eretz_nehederet-s14/VOD-3923f8aa7bb5a51006.htm",
                        "referring_component": "080b8750-hero-41d9-refc-e6bfe67f099c",
                        "clicked_channel_id": "00cb73568955a510VgnVCM2000002a0c10acRCRD"
                    },
                    "pageUrl": "/mako-vod-keshet/eretz_nehederet-s14/VOD-3923f8aa7bb5a51006.htm",
                    "aINT": true,
                    "aIL": true,
                    "iPromoType": "Program"
                },
                "hero": {
                    "extraInfo": "23 עונות",
                    "itemVcmId": "54f19787b4e99710VgnVCM100000700a10acRCRD",
                    "channelId": "00cb73568955a510VgnVCM2000002a0c10acRCRD",
                    "logo": "https://img.mako.co.il/2022/06/21/logo_eretz.png",
                    "logoAltText": "לוגו ארץ נהדרת 2016",
                    "description": "פרשת אלאור אזריה, תחילת חקירות נתניהו – דוד ביטן נחלץ להגן, שאולי ואירנה בבית החולים וכל הלהיטים של אגס קימל ",
                    "pics": [
                        {
                            "picUrl": "https://img.mako.co.il/2021/07/15/eretz_14_HD_re.jpg",
                            "altText": "ארץ נהדרת עונה 14 - HD, ז'אנר, מובייל, כרטיס אשראי"
                        }
                    ],
                    "mobilePics": [
                        {
                            "picUrl": "https://img.mako.co.il/2021/08/22/eretz_14_e.jpg",
                            "altText": "ארץ נהדרת עונה 14 - HD, ז'אנר, מובייל, כרטיס אשראי"
                        }
                    ],
                    "buttonText": "עונה 14 פרק 1",
                    "makoRefComp": "Specific_Episode"
                },
                "seasons": [
                    {
                        "current": false,
                        "seasonTitle": "עונה 1",
                        "pageUrl": "/mako-vod-keshet/eretz_nehederet-s1",
                        "domoClick": {
                            "content_type": "channel",
                            "click_type": "link",
                            "clicked_item_id": "bae667a604643210VgnVCM2000002a0c10acRCRD",
                            "channel_depth": -1,
                            "clicked_item_url": "https://www.mako.co.il/mako-vod-keshet/eretz_nehederet-s1",
                            "referring_component": "9ced3b0e-page-navi-refc-eb3fe7b8e0de",
                            "clicked_channel_id": "bae667a604643210VgnVCM2000002a0c10acRCRD"
                        }
                    },
                    {
                        "current": false,
                        "seasonTitle": "עונה 2",
                        "pageUrl": "/mako-vod-keshet/eretz_nehederet-s2",
                        "domoClick": {
                            "content_type": "channel",
                            "click_type": "link",
                            "clicked_item_id": "3d9af64d35643210VgnVCM2000002a0c10acRCRD",
                            "channel_depth": -1,
                            "clicked_item_url": "https://www.mako.co.il/mako-vod-keshet/eretz_nehederet-s2",
                            "referring_component": "9ced3b0e-page-navi-refc-eb3fe7b8e0de",
                            "clicked_channel_id": "3d9af64d35643210VgnVCM2000002a0c10acRCRD"
                        }
                    },
                    {
                        "current": false,
                        "seasonTitle": "עונה 3",
                        "pageUrl": "/mako-vod-keshet/eretz_nehederet-s3",
                        "domoClick": {
                            "content_type": "channel",
                            "click_type": "link",
                            "clicked_item_id": "43cef64d35643210VgnVCM2000002a0c10acRCRD",
                            "channel_depth": -1,
                            "clicked_item_url": "https://www.mako.co.il/mako-vod-keshet/eretz_nehederet-s3",
                            "referring_component": "9ced3b0e-page-navi-refc-eb3fe7b8e0de",
                            "clicked_channel_id": "43cef64d35643210VgnVCM2000002a0c10acRCRD"
                        }
                    },
                    {
                        "current": false,
                        "seasonTitle": "עונה 4",
                        "pageUrl": "/mako-vod-keshet/eretz_nehederet-s4",
                        "domoClick": {
                            "content_type": "channel",
                            "click_type": "link",
                            "clicked_item_id": "d251f64d35643210VgnVCM2000002a0c10acRCRD",
                            "channel_depth": -1,
                            "clicked_item_url": "https://www.mako.co.il/mako-vod-keshet/eretz_nehederet-s4",
                            "referring_component": "9ced3b0e-page-navi-refc-eb3fe7b8e0de",
                            "clicked_channel_id": "d251f64d35643210VgnVCM2000002a0c10acRCRD"
                        }
                    },
                    {
                        "current": false,
                        "seasonTitle": "עונה 5",
                        "pageUrl": "/mako-vod-keshet/eretz_nehederet-s5",
                        "domoClick": {
                            "content_type": "channel",
                            "click_type": "link",
                            "clicked_item_id": "7a03f64d35643210VgnVCM2000002a0c10acRCRD",
                            "channel_depth": -1,
                            "clicked_item_url": "https://www.mako.co.il/mako-vod-keshet/eretz_nehederet-s5",
                            "referring_component": "9ced3b0e-page-navi-refc-eb3fe7b8e0de",
                            "clicked_channel_id": "7a03f64d35643210VgnVCM2000002a0c10acRCRD"
                        }
                    },
                    {
                        "current": false,
                        "seasonTitle": "עונה 6",
                        "pageUrl": "/mako-vod-keshet/eretz_nehederet-s6",
                        "domoClick": {
                            "content_type": "channel",
                            "click_type": "link",
                            "clicked_item_id": "1144f64d35643210VgnVCM2000002a0c10acRCRD",
                            "channel_depth": -1,
                            "clicked_item_url": "https://www.mako.co.il/mako-vod-keshet/eretz_nehederet-s6",
                            "referring_component": "9ced3b0e-page-navi-refc-eb3fe7b8e0de",
                            "clicked_channel_id": "1144f64d35643210VgnVCM2000002a0c10acRCRD"
                        }
                    },
                    {
                        "current": false,
                        "seasonTitle": "עונה 7",
                        "pageUrl": "/mako-vod-keshet/eretz_nehederet-s7",
                        "domoClick": {
                            "content_type": "channel",
                            "click_type": "link",
                            "clicked_item_id": "d0990484ddef5210VgnVCM2000002a0c10acRCRD",
                            "channel_depth": -1,
                            "clicked_item_url": "https://www.mako.co.il/mako-vod-keshet/eretz_nehederet-s7",
                            "referring_component": "9ced3b0e-page-navi-refc-eb3fe7b8e0de",
                            "clicked_channel_id": "d0990484ddef5210VgnVCM2000002a0c10acRCRD"
                        }
                    },
                    {
                        "current": false,
                        "seasonTitle": "עונה 8",
                        "pageUrl": "/mako-vod-keshet/eretz_nehederet-s8",
                        "domoClick": {
                            "content_type": "channel",
                            "click_type": "link",
                            "clicked_item_id": "d839b3585edfc210VgnVCM2000002a0c10acRCRD",
                            "channel_depth": -1,
                            "clicked_item_url": "https://www.mako.co.il/mako-vod-keshet/eretz_nehederet-s8",
                            "referring_component": "9ced3b0e-page-navi-refc-eb3fe7b8e0de",
                            "clicked_channel_id": "d839b3585edfc210VgnVCM2000002a0c10acRCRD"
                        }
                    },
                    {
                        "current": false,
                        "seasonTitle": "עונה 9",
                        "pageUrl": "/mako-vod-keshet/eretz_nehederet-s9",
                        "domoClick": {
                            "content_type": "channel",
                            "click_type": "link",
                            "clicked_item_id": "2c9f87e7250f4310VgnVCM2000002a0c10acRCRD",
                            "channel_depth": -1,
                            "clicked_item_url": "https://www.mako.co.il/mako-vod-keshet/eretz_nehederet-s9",
                            "referring_component": "9ced3b0e-page-navi-refc-eb3fe7b8e0de",
                            "clicked_channel_id": "2c9f87e7250f4310VgnVCM2000002a0c10acRCRD"
                        }
                    },
                    {
                        "current": false,
                        "seasonTitle": "עונה 10",
                        "pageUrl": "/mako-vod-keshet/eretz_nehederet-s10",
                        "domoClick": {
                            "content_type": "channel",
                            "click_type": "link",
                            "clicked_item_id": "fa4d7c38f47cb310VgnVCM2000002a0c10acRCRD",
                            "channel_depth": -1,
                            "clicked_item_url": "https://www.mako.co.il/mako-vod-keshet/eretz_nehederet-s10",
                            "referring_component": "9ced3b0e-page-navi-refc-eb3fe7b8e0de",
                            "clicked_channel_id": "fa4d7c38f47cb310VgnVCM2000002a0c10acRCRD"
                        }
                    },
                    {
                        "current": false,
                        "seasonTitle": "עונה 11",
                        "pageUrl": "/mako-vod-keshet/eretz_nehederet-s11",
                        "domoClick": {
                            "content_type": "channel",
                            "click_type": "link",
                            "clicked_item_id": "5adfa33919243410VgnVCM2000002a0c10acRCRD",
                            "channel_depth": -1,
                            "clicked_item_url": "https://www.mako.co.il/mako-vod-keshet/eretz_nehederet-s11",
                            "referring_component": "9ced3b0e-page-navi-refc-eb3fe7b8e0de",
                            "clicked_channel_id": "5adfa33919243410VgnVCM2000002a0c10acRCRD"
                        }
                    },
                    {
                        "current": false,
                        "seasonTitle": "עונה 12",
                        "pageUrl": "/mako-vod-keshet/eretz_nehederet-s12",
                        "domoClick": {
                            "content_type": "channel",
                            "click_type": "link",
                            "clicked_item_id": "de317051b0cfa410VgnVCM2000002a0c10acRCRD",
                            "channel_depth": -1,
                            "clicked_item_url": "https://www.mako.co.il/mako-vod-keshet/eretz_nehederet-s12",
                            "referring_component": "9ced3b0e-page-navi-refc-eb3fe7b8e0de",
                            "clicked_channel_id": "de317051b0cfa410VgnVCM2000002a0c10acRCRD"
                        }
                    },
                    {
                        "current": false,
                        "seasonTitle": "עונה 13",
                        "pageUrl": "/mako-vod-keshet/eretz_nehederet-s13",
                        "domoClick": {
                            "content_type": "channel",
                            "click_type": "link",
                            "clicked_item_id": "d1417e27b9382510VgnVCM2000002a0c10acRCRD",
                            "channel_depth": -1,
                            "clicked_item_url": "https://www.mako.co.il/mako-vod-keshet/eretz_nehederet-s13",
                            "referring_component": "9ced3b0e-page-navi-refc-eb3fe7b8e0de",
                            "clicked_channel_id": "d1417e27b9382510VgnVCM2000002a0c10acRCRD"
                        }
                    },
                    {
                        "current": true,
                        "seasonTitle": "עונה 14",
                        "pageUrl": "/mako-vod-keshet/eretz_nehederet-s14",
                        "domoClick": {
                            "content_type": "channel",
                            "click_type": "link",
                            "clicked_item_id": "00cb73568955a510VgnVCM2000002a0c10acRCRD",
                            "channel_depth": -1,
                            "clicked_item_url": "https://www.mako.co.il/mako-vod-keshet/eretz_nehederet-s14",
                            "referring_component": "9ced3b0e-page-navi-refc-eb3fe7b8e0de",
                            "clicked_channel_id": "00cb73568955a510VgnVCM2000002a0c10acRCRD"
                        }
                    },
                    {
                        "current": false,
                        "seasonTitle": "עונה 15",
                        "pageUrl": "/mako-vod-keshet/eretz_nehederet-s15",
                        "domoClick": {
                            "content_type": "channel",
                            "click_type": "link",
                            "clicked_item_id": "6ca45b54fd76f510VgnVCM2000002a0c10acRCRD",
                            "channel_depth": -1,
                            "clicked_item_url": "https://www.mako.co.il/mako-vod-keshet/eretz_nehederet-s15",
                            "referring_component": "9ced3b0e-page-navi-refc-eb3fe7b8e0de",
                            "clicked_channel_id": "6ca45b54fd76f510VgnVCM2000002a0c10acRCRD"
                        }
                    },
                    {
                        "current": false,
                        "seasonTitle": "עונה 16",
                        "pageUrl": "/mako-vod-keshet/eretz_nehederet-s-16",
                        "domoClick": {
                            "content_type": "channel",
                            "click_type": "link",
                            "clicked_item_id": "943afc01ace08610VgnVCM2000002a0c10acRCRD",
                            "channel_depth": -1,
                            "clicked_item_url": "https://www.mako.co.il/mako-vod-keshet/eretz_nehederet-s-16",
                            "referring_component": "9ced3b0e-page-navi-refc-eb3fe7b8e0de",
                            "clicked_channel_id": "943afc01ace08610VgnVCM2000002a0c10acRCRD"
                        }
                    },
                    {
                        "current": false,
                        "seasonTitle": "עונה 17",
                        "pageUrl": "/mako-vod-keshet/eretz_nehederet-s17",
                        "domoClick": {
                            "content_type": "channel",
                            "click_type": "link",
                            "clicked_item_id": "19cc03b59965f610VgnVCM200000650a10acRCRD",
                            "channel_depth": -1,
                            "clicked_item_url": "https://www.mako.co.il/mako-vod-keshet/eretz_nehederet-s17",
                            "referring_component": "9ced3b0e-page-navi-refc-eb3fe7b8e0de",
                            "clicked_channel_id": "19cc03b59965f610VgnVCM200000650a10acRCRD"
                        }
                    },
                    {
                        "current": false,
                        "seasonTitle": "עוד כותרות",
                        "pageUrl": "/mako-vod-keshet/eretz_nehederet-more_headlines",
                        "domoClick": {
                            "content_type": "channel",
                            "click_type": "link",
                            "clicked_item_id": "42d5b1b0749b3710VgnVCM100000700a10acRCRD",
                            "channel_depth": -1,
                            "clicked_item_url": "https://www.mako.co.il/mako-vod-keshet/eretz_nehederet-more_headlines",
                            "referring_component": "9ced3b0e-page-navi-refc-eb3fe7b8e0de",
                            "clicked_channel_id": "42d5b1b0749b3710VgnVCM100000700a10acRCRD"
                        }
                    },
                    {
                        "current": false,
                        "seasonTitle": "עונה 18",
                        "pageUrl": "/mako-vod-keshet/eretz_nehederet-s18",
                        "domoClick": {
                            "content_type": "channel",
                            "click_type": "link",
                            "clicked_item_id": "17d1ef997de86710VgnVCM100000700a10acRCRD",
                            "channel_depth": -1,
                            "clicked_item_url": "https://www.mako.co.il/mako-vod-keshet/eretz_nehederet-s18",
                            "referring_component": "9ced3b0e-page-navi-refc-eb3fe7b8e0de",
                            "clicked_channel_id": "17d1ef997de86710VgnVCM100000700a10acRCRD"
                        }
                    },
                    {
                        "current": false,
                        "seasonTitle": "עונה 19",
                        "pageUrl": "/mako-vod-keshet/eretz_nehederet-s19",
                        "domoClick": {
                            "content_type": "channel",
                            "click_type": "link",
                            "clicked_item_id": "d371563eb8bec710VgnVCM200000650a10acRCRD",
                            "channel_depth": -1,
                            "clicked_item_url": "https://www.mako.co.il/mako-vod-keshet/eretz_nehederet-s19",
                            "referring_component": "9ced3b0e-page-navi-refc-eb3fe7b8e0de",
                            "clicked_channel_id": "d371563eb8bec710VgnVCM200000650a10acRCRD"
                        }
                    },
                    {
                        "current": false,
                        "seasonTitle": "עונה 20",
                        "pageUrl": "/mako-vod-keshet/eretz_nehederet-s20",
                        "domoClick": {
                            "content_type": "channel",
                            "click_type": "link",
                            "clicked_item_id": "20bf32f4a0a53810VgnVCM100000700a10acRCRD",
                            "channel_depth": -1,
                            "clicked_item_url": "https://www.mako.co.il/mako-vod-keshet/eretz_nehederet-s20",
                            "referring_component": "9ced3b0e-page-navi-refc-eb3fe7b8e0de",
                            "clicked_channel_id": "20bf32f4a0a53810VgnVCM100000700a10acRCRD"
                        }
                    },
                    {
                        "current": false,
                        "seasonTitle": "עונה 21",
                        "pageUrl": "/mako-vod-keshet/eretz_nehederet-s21",
                        "domoClick": {
                            "content_type": "channel",
                            "click_type": "link",
                            "clicked_item_id": "b5ae2a8ecab7b810VgnVCM100000700a10acRCRD",
                            "channel_depth": -1,
                            "clicked_item_url": "https://www.mako.co.il/mako-vod-keshet/eretz_nehederet-s21",
                            "referring_component": "9ced3b0e-page-navi-refc-eb3fe7b8e0de",
                            "clicked_channel_id": "b5ae2a8ecab7b810VgnVCM100000700a10acRCRD"
                        }
                    },
                    {
                        "current": false,
                        "seasonTitle": "עונה 22",
                        "pageUrl": "/mako-vod-keshet/eretz_nehederet-s22",
                        "domoClick": {
                            "content_type": "channel",
                            "click_type": "link",
                            "clicked_item_id": "bc6a5d06d46f2910VgnVCM200000650a10acRCRD",
                            "channel_depth": -1,
                            "clicked_item_url": "https://www.mako.co.il/mako-vod-keshet/eretz_nehederet-s22",
                            "referring_component": "9ced3b0e-page-navi-refc-eb3fe7b8e0de",
                            "clicked_channel_id": "bc6a5d06d46f2910VgnVCM200000650a10acRCRD"
                        }
                    }
                ],
                "menu": [
                    {
                        "buttonText": "פרקים",
                        "id": "allEpisodes",
                        "vcmid": "00cb73568955a510VgnVCM2000002a0c10acRCRD",
                        "channelId": "00cb73568955a510VgnVCM2000002a0c10acRCRD",
                        "makoRefComp": "All_Episodes",
                        "pageUrl": "/mako-vod-keshet/eretz_nehederet-s14",
                        "domoClick": {
                            "content_type": "channel",
                            "click_type": "link",
                            "clicked_item_id": "00cb73568955a510VgnVCM2000002a0c10acRCRD",
                            "channel_depth": -1,
                            "clicked_item_url": "https://www.mako.co.il/mako-vod-keshet/eretz_nehederet-s14",
                            "referring_component": "9ced3b0e-page-navi-refc-eb3fe7b8e0de",
                            "clicked_channel_id": "00cb73568955a510VgnVCM2000002a0c10acRCRD"
                        },
                        "open": true,
                        "vods": [
                            {
                                "componentLayout": "vod",
                                "channelId": "00cb73568955a510VgnVCM2000002a0c10acRCRD",
                                "itemVcmId": "3923f8aa7bb5a510VgnVCM2000002a0c10acRCRD",
                                "galleryChannelId": "3923f8aa7bb5a510VgnVCM2000002a0c10acRCRD",
                                "title": "מוכנים לעוד סיבוב?",
                                "domoClick": {
                                    "content_type": "vod",
                                    "click_type": "link",
                                    "clicked_item_id": "3923f8aa7bb5a510VgnVCM2000002a0c10acRCRD",
                                    "channel_depth": -1,
                                    "clicked_item_url": "https://www.mako.co.il/mako-vod-keshet/eretz_nehederet-s14/VOD-3923f8aa7bb5a51006.htm",
                                    "referring_component": "16f079a6-page-prom-refc-4bfb03e240e9",
                                    "clicked_channel_id": "00cb73568955a510VgnVCM2000002a0c10acRCRD"
                                },
                                "pageUrl": "/mako-vod-keshet/eretz_nehederet-s14/VOD-3923f8aa7bb5a51006.htm",
                                "pics": [
                                    {
                                        "picUrl": "https://img.mako.co.il/2017/02/20/erezt14_01_VOD_i.jpg",
                                        "altText": "פרק 1"
                                    }
                                ],
                                "extraInfo": "פרק 1@20.02.17",
                                "aINT": true,
                                "aIL": true
                            },
                            {
                                "componentLayout": "vod",
                                "channelId": "00cb73568955a510VgnVCM2000002a0c10acRCRD",
                                "itemVcmId": "1a399fee5ef7a510VgnVCM2000002a0c10acRCRD",
                                "galleryChannelId": "1a399fee5ef7a510VgnVCM2000002a0c10acRCRD",
                                "title": "המורה ג'יהאן באולפן",
                                "domoClick": {
                                    "content_type": "vod",
                                    "click_type": "link",
                                    "clicked_item_id": "1a399fee5ef7a510VgnVCM2000002a0c10acRCRD",
                                    "channel_depth": -1,
                                    "clicked_item_url": "https://www.mako.co.il/mako-vod-keshet/eretz_nehederet-s14/VOD-1a399fee5ef7a51006.htm",
                                    "referring_component": "16f079a6-page-prom-refc-4bfb03e240e9",
                                    "clicked_channel_id": "00cb73568955a510VgnVCM2000002a0c10acRCRD"
                                },
                                "pageUrl": "/mako-vod-keshet/eretz_nehederet-s14/VOD-1a399fee5ef7a51006.htm",
                                "pics": [
                                    {
                                        "picUrl": "https://img.mako.co.il/2017/02/27/Eretz14_02_Vod_WIDE_i.jpg",
                                        "altText": "פרק 2"
                                    }
                                ],
                                "extraInfo": "פרק 2@28.02.17",
                                "aINT": false,
                                "aIL": true
                            },
                            {
                                "componentLayout": "vod",
                                "channelId": "00cb73568955a510VgnVCM2000002a0c10acRCRD",
                                "itemVcmId": "fe4a5e2b633aa510VgnVCM2000002a0c10acRCRD",
                                "galleryChannelId": "fe4a5e2b633aa510VgnVCM2000002a0c10acRCRD",
                                "title": "יום האישה הבינלאומי",
                                "domoClick": {
                                    "content_type": "vod",
                                    "click_type": "link",
                                    "clicked_item_id": "fe4a5e2b633aa510VgnVCM2000002a0c10acRCRD",
                                    "channel_depth": -1,
                                    "clicked_item_url": "https://www.mako.co.il/mako-vod-keshet/eretz_nehederet-s14/VOD-fe4a5e2b633aa51006.htm",
                                    "referring_component": "16f079a6-page-prom-refc-4bfb03e240e9",
                                    "clicked_channel_id": "00cb73568955a510VgnVCM2000002a0c10acRCRD"
                                },
                                "pageUrl": "/mako-vod-keshet/eretz_nehederet-s14/VOD-fe4a5e2b633aa51006.htm",
                                "pics": [
                                    {
                                        "picUrl": "https://img.mako.co.il/2017/03/06/Eretz14_03_VOD_h9s0a_WIDE_i.jpg",
                                        "altText": "פרק 3"
                                    }
                                ],
                                "extraInfo": "פרק 3@07.03.17",
                                "aINT": false,
                                "aIL": true
                            },
                            {
                                "componentLayout": "vod",
                                "channelId": "00cb73568955a510VgnVCM2000002a0c10acRCRD",
                                "itemVcmId": "c3234a1aab7ca510VgnVCM2000002a0c10acRCRD",
                                "galleryChannelId": "c3234a1aab7ca510VgnVCM2000002a0c10acRCRD",
                                "title": "ספיישל פורים",
                                "domoClick": {
                                    "content_type": "vod",
                                    "click_type": "link",
                                    "clicked_item_id": "c3234a1aab7ca510VgnVCM2000002a0c10acRCRD",
                                    "channel_depth": -1,
                                    "clicked_item_url": "https://www.mako.co.il/mako-vod-keshet/eretz_nehederet-s14/VOD-c3234a1aab7ca51006.htm",
                                    "referring_component": "16f079a6-page-prom-refc-4bfb03e240e9",
                                    "clicked_channel_id": "00cb73568955a510VgnVCM2000002a0c10acRCRD"
                                },
                                "pageUrl": "/mako-vod-keshet/eretz_nehederet-s14/VOD-c3234a1aab7ca51006.htm",
                                "pics": [
                                    {
                                        "picUrl": "https://img.mako.co.il/2017/03/13/Eretz14_04_VOD_vc54e6_WIDE_i.jpg",
                                        "altText": "פרק 4"
                                    }
                                ],
                                "extraInfo": "פרק 4@14.03.17",
                                "aINT": false,
                                "aIL": true
                            },
                            {
                                "componentLayout": "vod",
                                "channelId": "00cb73568955a510VgnVCM2000002a0c10acRCRD",
                                "itemVcmId": "d45a98e39abea510VgnVCM2000002a0c10acRCRD",
                                "galleryChannelId": "d45a98e39abea510VgnVCM2000002a0c10acRCRD",
                                "title": "חוגגים שנתיים לממשלה",
                                "domoClick": {
                                    "content_type": "vod",
                                    "click_type": "link",
                                    "clicked_item_id": "d45a98e39abea510VgnVCM2000002a0c10acRCRD",
                                    "channel_depth": -1,
                                    "clicked_item_url": "https://www.mako.co.il/mako-vod-keshet/eretz_nehederet-s14/VOD-d45a98e39abea51006.htm",
                                    "referring_component": "16f079a6-page-prom-refc-4bfb03e240e9",
                                    "clicked_channel_id": "00cb73568955a510VgnVCM2000002a0c10acRCRD"
                                },
                                "pageUrl": "/mako-vod-keshet/eretz_nehederet-s14/VOD-d45a98e39abea51006.htm",
                                "pics": [
                                    {
                                        "picUrl": "https://img.mako.co.il/2017/03/20/eretz_nehederet_14_05_vod_asd234_WIDE_i.jpg",
                                        "altText": "פרק 5"
                                    }
                                ],
                                "extraInfo": "פרק 5@20.03.17",
                                "aINT": false,
                                "aIL": true
                            },
                            {
                                "componentLayout": "vod",
                                "channelId": "00cb73568955a510VgnVCM2000002a0c10acRCRD",
                                "itemVcmId": "a58c24696df0b510VgnVCM2000002a0c10acRCRD",
                                "galleryChannelId": "a58c24696df0b510VgnVCM2000002a0c10acRCRD",
                                "title": "ביבי וגאולה בפגישה גורלית",
                                "domoClick": {
                                    "content_type": "vod",
                                    "click_type": "link",
                                    "clicked_item_id": "a58c24696df0b510VgnVCM2000002a0c10acRCRD",
                                    "channel_depth": -1,
                                    "clicked_item_url": "https://www.mako.co.il/mako-vod-keshet/eretz_nehederet-s14/VOD-a58c24696df0b51006.htm",
                                    "referring_component": "16f079a6-page-prom-refc-4bfb03e240e9",
                                    "clicked_channel_id": "00cb73568955a510VgnVCM2000002a0c10acRCRD"
                                },
                                "pageUrl": "/mako-vod-keshet/eretz_nehederet-s14/VOD-a58c24696df0b51006.htm",
                                "pics": [
                                    {
                                        "picUrl": "https://img.mako.co.il/2017/03/27/Eretz14_06_VOD_bv54e6_WIDE_i.jpg",
                                        "altText": "פרק 6"
                                    }
                                ],
                                "extraInfo": "פרק 6@26.03.17",
                                "aINT": false,
                                "aIL": true
                            },
                            {
                                "componentLayout": "vod",
                                "channelId": "00cb73568955a510VgnVCM2000002a0c10acRCRD",
                                "itemVcmId": "1254986a9333b510VgnVCM2000002a0c10acRCRD",
                                "galleryChannelId": "1254986a9333b510VgnVCM2000002a0c10acRCRD",
                                "title": "סדר פסח",
                                "domoClick": {
                                    "content_type": "vod",
                                    "click_type": "link",
                                    "clicked_item_id": "1254986a9333b510VgnVCM2000002a0c10acRCRD",
                                    "channel_depth": -1,
                                    "clicked_item_url": "https://www.mako.co.il/mako-vod-keshet/eretz_nehederet-s14/VOD-1254986a9333b51006.htm",
                                    "referring_component": "16f079a6-page-prom-refc-4bfb03e240e9",
                                    "clicked_channel_id": "00cb73568955a510VgnVCM2000002a0c10acRCRD"
                                },
                                "pageUrl": "/mako-vod-keshet/eretz_nehederet-s14/VOD-1254986a9333b51006.htm",
                                "pics": [
                                    {
                                        "picUrl": "https://img.mako.co.il/2017/04/03/eretz14_07_VOD_fdsgsgs_WIDE_i.jpg",
                                        "altText": "פרק 7"
                                    }
                                ],
                                "extraInfo": "פרק 7@04.04.17",
                                "aINT": false,
                                "aIL": true
                            },
                            {
                                "componentLayout": "vod",
                                "channelId": "00cb73568955a510VgnVCM2000002a0c10acRCRD",
                                "itemVcmId": "78726b6eee4ab510VgnVCM2000002a0c10acRCRD",
                                "galleryChannelId": "78726b6eee4ab510VgnVCM2000002a0c10acRCRD",
                                "title": "הפרידה שמסעירה את המדינה",
                                "domoClick": {
                                    "content_type": "vod",
                                    "click_type": "link",
                                    "clicked_item_id": "78726b6eee4ab510VgnVCM2000002a0c10acRCRD",
                                    "channel_depth": -1,
                                    "clicked_item_url": "https://www.mako.co.il/mako-vod-keshet/eretz_nehederet-s14/VOD-78726b6eee4ab51006.htm",
                                    "referring_component": "16f079a6-page-prom-refc-4bfb03e240e9",
                                    "clicked_channel_id": "00cb73568955a510VgnVCM2000002a0c10acRCRD"
                                },
                                "pageUrl": "/mako-vod-keshet/eretz_nehederet-s14/VOD-78726b6eee4ab51006.htm",
                                "pics": [
                                    {
                                        "picUrl": "https://img.mako.co.il/2017/04/25/A144702_WIDE_i.jpg",
                                        "altText": "פרק 8"
                                    }
                                ],
                                "extraInfo": "פרק 8@25.04.17",
                                "aINT": false,
                                "aIL": true
                            },
                            {
                                "componentLayout": "vod",
                                "channelId": "00cb73568955a510VgnVCM2000002a0c10acRCRD",
                                "itemVcmId": "0736edda983cb510VgnVCM2000002a0c10acRCRD",
                                "galleryChannelId": "0736edda983cb510VgnVCM2000002a0c10acRCRD",
                                "title": "אפטר - פארטי עצמאות",
                                "domoClick": {
                                    "content_type": "vod",
                                    "click_type": "link",
                                    "clicked_item_id": "0736edda983cb510VgnVCM2000002a0c10acRCRD",
                                    "channel_depth": -1,
                                    "clicked_item_url": "https://www.mako.co.il/mako-vod-keshet/eretz_nehederet-s14/VOD-0736edda983cb51006.htm",
                                    "referring_component": "16f079a6-page-prom-refc-4bfb03e240e9",
                                    "clicked_channel_id": "00cb73568955a510VgnVCM2000002a0c10acRCRD"
                                },
                                "pageUrl": "/mako-vod-keshet/eretz_nehederet-s14/VOD-0736edda983cb51006.htm",
                                "pics": [
                                    {
                                        "picUrl": "https://img.mako.co.il/2017/05/02/Eretz14_09_VOD_WIDE_i.jpg",
                                        "altText": "פרק 9"
                                    }
                                ],
                                "extraInfo": "פרק 9@02.05.17",
                                "aINT": false,
                                "aIL": true
                            },
                            {
                                "componentLayout": "vod",
                                "channelId": "00cb73568955a510VgnVCM2000002a0c10acRCRD",
                                "itemVcmId": "c0e9b3986d7eb510VgnVCM2000002a0c10acRCRD",
                                "galleryChannelId": "c0e9b3986d7eb510VgnVCM2000002a0c10acRCRD",
                                "title": "הקרב על השבת",
                                "domoClick": {
                                    "content_type": "vod",
                                    "click_type": "link",
                                    "clicked_item_id": "c0e9b3986d7eb510VgnVCM2000002a0c10acRCRD",
                                    "channel_depth": -1,
                                    "clicked_item_url": "https://www.mako.co.il/mako-vod-keshet/eretz_nehederet-s14/VOD-c0e9b3986d7eb51006.htm",
                                    "referring_component": "16f079a6-page-prom-refc-4bfb03e240e9",
                                    "clicked_channel_id": "00cb73568955a510VgnVCM2000002a0c10acRCRD"
                                },
                                "pageUrl": "/mako-vod-keshet/eretz_nehederet-s14/VOD-c0e9b3986d7eb51006.htm",
                                "pics": [
                                    {
                                        "picUrl": "https://img.mako.co.il/2017/05/09/vlcsnap-2017-05-08-23h58m42s238_i.jpg",
                                        "altText": "פרק 10"
                                    }
                                ],
                                "extraInfo": "פרק 10@09.05.17",
                                "aINT": false,
                                "aIL": true
                            },
                            {
                                "componentLayout": "ad",
                                "index": 1,
                                "mobileIu": "242748299/mako/vod/vod_keshet/MOBILE_MONSTER1_300x250",
                                "iu": "242748299/mako/vod/vod_keshet/JAMBO1_970",
                                "mobileSizes": "{['fluid', [300, 250]]}",
                                "sizes": "{[[970, 90]]}"
                            },
                            {
                                "componentLayout": "vod",
                                "channelId": "00cb73568955a510VgnVCM2000002a0c10acRCRD",
                                "itemVcmId": "908aec1e41c0c510VgnVCM2000002a0c10acRCRD",
                                "galleryChannelId": "908aec1e41c0c510VgnVCM2000002a0c10acRCRD",
                                "title": "ספיישל ל\"ג בעומר",
                                "domoClick": {
                                    "content_type": "vod",
                                    "click_type": "link",
                                    "clicked_item_id": "908aec1e41c0c510VgnVCM2000002a0c10acRCRD",
                                    "channel_depth": -1,
                                    "clicked_item_url": "https://www.mako.co.il/mako-vod-keshet/eretz_nehederet-s14/VOD-908aec1e41c0c51006.htm",
                                    "referring_component": "16f079a6-page-prom-refc-4bfb03e240e9",
                                    "clicked_channel_id": "00cb73568955a510VgnVCM2000002a0c10acRCRD"
                                },
                                "pageUrl": "/mako-vod-keshet/eretz_nehederet-s14/VOD-908aec1e41c0c51006.htm",
                                "pics": [
                                    {
                                        "picUrl": "https://img.mako.co.il/2017/05/15/vlcsnap-2017-05-15-23h48m23s96_i.jpg",
                                        "altText": "פרק 11"
                                    }
                                ],
                                "extraInfo": "פרק 11@15.05.17",
                                "aINT": false,
                                "aIL": true
                            },
                            {
                                "componentLayout": "vod",
                                "channelId": "00cb73568955a510VgnVCM2000002a0c10acRCRD",
                                "itemVcmId": "fc559060bff2c510VgnVCM2000002a0c10acRCRD",
                                "galleryChannelId": "fc559060bff2c510VgnVCM2000002a0c10acRCRD",
                                "title": "ביקור טראמפ",
                                "domoClick": {
                                    "content_type": "vod",
                                    "click_type": "link",
                                    "clicked_item_id": "fc559060bff2c510VgnVCM2000002a0c10acRCRD",
                                    "channel_depth": -1,
                                    "clicked_item_url": "https://www.mako.co.il/mako-vod-keshet/eretz_nehederet-s14/VOD-fc559060bff2c51006.htm",
                                    "referring_component": "16f079a6-page-prom-refc-4bfb03e240e9",
                                    "clicked_channel_id": "00cb73568955a510VgnVCM2000002a0c10acRCRD"
                                },
                                "pageUrl": "/mako-vod-keshet/eretz_nehederet-s14/VOD-fc559060bff2c51006.htm",
                                "pics": [
                                    {
                                        "picUrl": "https://img.mako.co.il/2017/05/24/vlcsnap-2017-05-24-10h47m24s94_i.jpg",
                                        "altText": "פרק 12"
                                    }
                                ],
                                "extraInfo": "פרק 12@22.05.17",
                                "aINT": false,
                                "aIL": true
                            },
                            {
                                "componentLayout": "vod",
                                "channelId": "00cb73568955a510VgnVCM2000002a0c10acRCRD",
                                "itemVcmId": "23a9bd9b3545c510VgnVCM2000002a0c10acRCRD",
                                "galleryChannelId": "23a9bd9b3545c510VgnVCM2000002a0c10acRCRD",
                                "title": "חגיגת פתיחת הקיץ",
                                "domoClick": {
                                    "content_type": "vod",
                                    "click_type": "link",
                                    "clicked_item_id": "23a9bd9b3545c510VgnVCM2000002a0c10acRCRD",
                                    "channel_depth": -1,
                                    "clicked_item_url": "https://www.mako.co.il/mako-vod-keshet/eretz_nehederet-s14/VOD-23a9bd9b3545c51006.htm",
                                    "referring_component": "16f079a6-page-prom-refc-4bfb03e240e9",
                                    "clicked_channel_id": "00cb73568955a510VgnVCM2000002a0c10acRCRD"
                                },
                                "pageUrl": "/mako-vod-keshet/eretz_nehederet-s14/VOD-23a9bd9b3545c51006.htm",
                                "pics": [
                                    {
                                        "picUrl": "https://img.mako.co.il/2017/05/29/eretz14_13_VOD_i.jpg",
                                        "altText": "פרק 13"
                                    }
                                ],
                                "extraInfo": "פרק 13@29.05.17",
                                "aINT": false,
                                "aIL": true
                            },
                            {
                                "componentLayout": "vod",
                                "channelId": "00cb73568955a510VgnVCM2000002a0c10acRCRD",
                                "itemVcmId": "68eb10bd93c9c510VgnVCM2000002a0c10acRCRD",
                                "galleryChannelId": "68eb10bd93c9c510VgnVCM2000002a0c10acRCRD",
                                "title": "ספיישל סיום העונה",
                                "domoClick": {
                                    "content_type": "vod",
                                    "click_type": "link",
                                    "clicked_item_id": "68eb10bd93c9c510VgnVCM2000002a0c10acRCRD",
                                    "channel_depth": -1,
                                    "clicked_item_url": "https://www.mako.co.il/mako-vod-keshet/eretz_nehederet-s14/VOD-68eb10bd93c9c51006.htm",
                                    "referring_component": "16f079a6-page-prom-refc-4bfb03e240e9",
                                    "clicked_channel_id": "00cb73568955a510VgnVCM2000002a0c10acRCRD"
                                },
                                "pageUrl": "/mako-vod-keshet/eretz_nehederet-s14/VOD-68eb10bd93c9c51006.htm",
                                "pics": [
                                    {
                                        "picUrl": "https://img.mako.co.il/2017/06/12/Eretz14_14_VOD_WIDE_i.jpg",
                                        "altText": "פרק 14"
                                    }
                                ],
                                "extraInfo": "פרק 14@12.06.17",
                                "aINT": false,
                                "aIL": true
                            }
                        ]
                    },
                    {
                        "buttonText": "קטעים קצרים",
                        "id": "shorts",
                        "vcmid": "b3c967394aef6810VgnVCM100000700a10acRCRD",
                        "channelId": "b3c967394aef6810VgnVCM100000700a10acRCRD",
                        "makoRefComp": "Shorts",
                        "pageUrl": "/mako-vod-keshet/eretz_nehederet-s14/shorts",
                        "domoClick": {
                            "content_type": "channel",
                            "click_type": "link",
                            "clicked_item_id": "b3c967394aef6810VgnVCM100000700a10acRCRD",
                            "channel_depth": -1,
                            "clicked_item_url": "https://www.mako.co.il/mako-vod-keshet/eretz_nehederet-s14/shorts",
                            "referring_component": "9ced3b0e-page-navi-refc-eb3fe7b8e0de",
                            "clicked_channel_id": "b3c967394aef6810VgnVCM100000700a10acRCRD"
                        },
                        "open": false
                    },
                    {
                        "buttonText": "קרדיטים",
                        "id": "credits",
                        "vcmid": "Credits",
                        "channelId": "00cb73568955a510VgnVCM2000002a0c10acRCRD",
                        "makoRefComp": "Credits",
                        "pageUrl": "/mako-vod-keshet/eretz_nehederet-s22?type=credits",
                        "domoClick": {
                            "content_type": "fabricated",
                            "click_type": "link",
                            "clicked_item_id": "a7a32f51-cred-its--id-e-0491fe30f859",
                            "clicked_item_url": "https://www.mako.co.il/mako-vod-keshet/eretz_nehederet-s22?type=credits",
                            "referring_component": "9ced3b0e-page-navi-refc-eb3fe7b8e0de",
                            "clicked_channel_id": "bc6a5d06d46f2910VgnVCM200000650a10acRCRD"
                        },
                        "credits": [
                            {
                                "value": "איל קיציס",
                                "key": "host",
                                "text": "מנחה:"
                            },
                            {
                                "value": "איל קיציס, אלי פיניש, עלמה זק, מריאנו אידלמן, ליאת הר לב, ערן זרחוביץ', יובל סמו, רועי בר נתן, ירון ברלד, שני כהן, תום יער, תמיר בר, אמיר שורוש, אורי לייזרוביץ', ליאור אשכנזי, גיה באר גורביץ', יניב ביטון, אסי כהן",
                                "key": "participance",
                                "text": "משתתפים:"
                            },
                            {
                                "value": "מולי שגב | כותבים: אסף שלמון, דוד ליפשיץ, אסף גפן, איתי רייכר, אילן שפלר, שרון טייכר, עומר ריבק, דור",
                                "key": "mainEditor",
                                "text": "עורך ראשי:"
                            },
                            {
                                "value": "שירי מיכאלי",
                                "key": "producer",
                                "text": "מפיק:"
                            },
                            {
                                "value": "קשת",
                                "key": "productionCompany",
                                "text": "חברת הפקה:"
                            }
                        ]
                    }
                ],
                "historyObject": {
                    "title": "מוכנים לעוד סיבוב?",
                    "programId": "5cf467a604643210VgnVCM2000002a0c10acRCRD",
                    "pageUrl": "/mako-vod-keshet/eretz_nehederet-s14/VOD-3923f8aa7bb5a51006.htm",
                    "domoClick": {
                        "content_type": "vod",
                        "click_type": "link",
                        "clicked_item_id": "3923f8aa7bb5a510VgnVCM2000002a0c10acRCRD",
                        "channel_depth": 3,
                        "clicked_item_url": "https://www.mako.co.il/mako-vod-keshet/eretz_nehederet-s14/VOD-3923f8aa7bb5a51006.htm",
                        "referring_component": "ERROR_NO_REFERRER",
                        "clicked_channel_id": "00cb73568955a510VgnVCM2000002a0c10acRCRD"
                    },
                    "picUrl": "https://img.mako.co.il/2017/02/20/erezt14_01_VOD_i.jpg",
                    "hero": {
                        "title": "ארץ נהדרת",
                        "extraInfo": "עונה 14@פרק 1@20.02.17",
                        "picUrl": "https://img.mako.co.il/2021/07/15/eretz_14_HD_re.jpg",
                        "logo": "https://img.mako.co.il/2022/06/21/logo_eretz.png",
                        "subtitle": "מוכנים לעוד סיבוב?",
                        "description": "ארץ נהדרת עם אגס קימל, שאולי, טראמפ ועוד"
                    },
                    "buttonText": "להמשך צפייה בעונה 14 פרק 1",
                    "sch": "00cb73568955a510",
                    "seasonUrl": "/mako-vod-keshet/eretz_nehederet-s14"
                }
            }
        },
        "__N_SSP": true
    },
    "page": "/[mako_vod_channel]/[program]",
    "query": {
        "mako_vod_channel": "mako-vod-keshet",
        "program": "eretz_nehederet-s14"
    },
    "buildId": "5.15.0",
    "assetPrefix": "/mako-vod",
    "isFallback": false,
    "gssp": true,
    "customServer": true,
    "scriptLoader": []
}