{
    "props": {
        "pageProps": {
            "menu": {
                "lastUpdate": "Mon, 11 Nov 2024 23:05:45 +0200",
                "timestamp": 1731359145735,
                "header": {
                    "guid": "00b23f399647c710VgnVCM200000650a10acRCRD",
                    "categories": [
                        {
                            "name": "ראשי",
                            "icon": "https://img.mako.co.il/2021/10/10/home.png",
                            "url": "/mako-vod",
                            "domoClick": {
                                "content_type": "channel",
                                "channel_depth": 1,
                                "teaser_id": "a27a2dcbacf4c710VgnVCM200000650a10acRCRD",
                                "clicked_item_id": "b5f4c13070733210VgnVCM2000002a0c10acRCRD",
                                "click_type": "link",
                                "clicked_channel_id": "b5f4c13070733210VgnVCM2000002a0c10acRCRD",
                                "referring_component": "8eb76bc8-glob-navi-refc-2ad659ccef22",
                                "clicked_item_url": "https://www.mako.co.il/mako-vod"
                            }
                        },
                        {
                            "name": "LIVE",
                            "icon": "https://img.mako.co.il/2021/10/10/live.png",
                            "url": "/mako-vod-live-tv/VOD-6540b8dcb64fd31006.htm",
                            "domoClick": {
                                "content_type": "vod",
                                "channel_depth": 1,
                                "teaser_id": "a66819cdc7a6c710VgnVCM100000700a10acRCRD",
                                "clicked_item_id": "6540b8dcb64fd310VgnVCM2000002a0c10acRCRD",
                                "click_type": "link",
                                "clicked_channel_id": "5d28d21b4580e310VgnVCM2000002a0c10acRCRD",
                                "referring_component": "8eb76bc8-glob-navi-refc-2ad659ccef22",
                                "clicked_item_url": "https://www.mako.co.il/mako-vod-live-tv/VOD-6540b8dcb64fd31006.htm"
                            }
                        },
                        {
                            "name": "תוכניות",
                            "icon": "https://img.mako.co.il/2021/10/10/index.png",
                            "url": "/mako-vod-index",
                            "domoClick": {
                                "content_type": "channel",
                                "channel_depth": 2,
                                "teaser_id": "3e8819cdc7a6c710VgnVCM100000700a10acRCRD",
                                "clicked_item_id": "05c2e4caebbe3210VgnVCM100000290c10acRCRD",
                                "click_type": "link",
                                "clicked_channel_id": "05c2e4caebbe3210VgnVCM100000290c10acRCRD",
                                "referring_component": "8eb76bc8-glob-navi-refc-2ad659ccef22",
                                "clicked_item_url": "https://www.mako.co.il/mako-vod-index"
                            }
                        }
                    ]
                },
                "footer": {
                    "guid": "bc533f399647c710VgnVCM200000650a10acRCRD",
                    "categories": [
                        {
                            "name": "אודות +12",
                            "url": "https://makospecial.co.il/about-12plus?makoOpenChromeTabs=1?partner=12plusFooterLinks",
                            "domoClick": {
                                "content_type": "unknown",
                                "channel_depth": -1,
                                "teaser_id": "6b2a6503efec9810VgnVCM200000650a10acRCRD",
                                "clicked_item_id": "unknown",
                                "click_type": "link",
                                "clicked_channel_id": "unknown",
                                "referring_component": "2d2c13d6-glob-foot-refc-de190b394505",
                                "clicked_item_url": "https://makospecial.co.il/about-12plus?makoOpenChromeTabs=1?partner=12plusFooterLinks"
                            }
                        },
                        {
                            "name": "עזרה",
                            "url": "https://www.mako.co.il/mako-vod-help",
                            "domoClick": {
                                "content_type": "channel",
                                "channel_depth": 2,
                                "teaser_id": "1a0e40b549a6c710VgnVCM100000700a10acRCRD",
                                "clicked_item_id": "f13ad9f49196e710VgnVCM200000650a10acRCRD",
                                "click_type": "link",
                                "clicked_channel_id": "f13ad9f49196e710VgnVCM200000650a10acRCRD",
                                "referring_component": "2d2c13d6-glob-foot-refc-de190b394505",
                                "clicked_item_url": "https://www.mako.co.il/mako-vod-help"
                            }
                        },
                        {
                            "name": "לפנייה במייל",
                            "url": "mail",
                            "domoClick": {
                                "content_type": "channel",
                                "channel_depth": 0,
                                "teaser_id": "f4ca40b549a6c710VgnVCM100000700a10acRCRD",
                                "clicked_item_id": "3d385dd2dd5d4110VgnVCM100000290c10acRCRD",
                                "click_type": "link",
                                "clicked_channel_id": "3d385dd2dd5d4110VgnVCM100000290c10acRCRD",
                                "referring_component": "2d2c13d6-glob-foot-refc-de190b394505",
                                "clicked_item_url": "https://www.mako.co.ilmail"
                            }
                        },
                        {
                            "name": "לפנייה ב whatsapp",
                            "url": "https://wa.me/972502010818",
                            "domoClick": {
                                "content_type": "unknown",
                                "channel_depth": -1,
                                "teaser_id": "27c4464ed643c810VgnVCM100000700a10acRCRD",
                                "clicked_item_id": "unknown",
                                "click_type": "link",
                                "clicked_channel_id": "unknown",
                                "referring_component": "2d2c13d6-glob-foot-refc-de190b394505",
                                "clicked_item_url": "https://wa.me/972502010818"
                            }
                        },
                        {
                            "name": "תקנון",
                            "url": "https://www.mako.co.il/mako-vod-help/Article-dd0b75e6b096e71026.htm?partner=12plusFooterLinks",
                            "domoClick": {
                                "content_type": "Article",
                                "channel_depth": 2,
                                "teaser_id": "757f40b549a6c710VgnVCM100000700a10acRCRD",
                                "clicked_item_id": "dd0b75e6b096e710VgnVCM200000650a10acRCRD",
                                "click_type": "link",
                                "clicked_channel_id": "f13ad9f49196e710VgnVCM200000650a10acRCRD",
                                "referring_component": "2d2c13d6-glob-foot-refc-de190b394505",
                                "clicked_item_url": "https://www.mako.co.il/mako-vod-help/Article-dd0b75e6b096e71026.htm?partner=12plusFooterLinks"
                            }
                        },
                        {
                            "name": "הסדרי נגישות",
                            "url": "https://www.mako.co.il/help-5bb6bf4ccf39c110/Article-b7ff18a9de86471026.htm?partner=12plusFooterLinks",
                            "domoClick": {
                                "content_type": "Article",
                                "channel_depth": 2,
                                "teaser_id": "23f4495772220810VgnVCM200000650a10acRCRD",
                                "clicked_item_id": "b7ff18a9de864710VgnVCM200000650a10acRCRD",
                                "click_type": "link",
                                "clicked_channel_id": "5bb6bf4ccf39c110VgnVCM100000290c10acRCRD",
                                "referring_component": "2d2c13d6-glob-foot-refc-de190b394505",
                                "clicked_item_url": "https://www.mako.co.il/help-5bb6bf4ccf39c110/Article-b7ff18a9de86471026.htm?partner=12plusFooterLinks"
                            }
                        },
                        {
                            "name": "מדיניות פרטיות ותנאי שימוש",
                            "url": "https://www.mako.co.il/help-terms-of-use/Article-d37908dd1674c11006.htm?partner=12plusFooterLinks",
                            "domoClick": {
                                "content_type": "Article",
                                "channel_depth": 2,
                                "teaser_id": "e5c040b549a6c710VgnVCM100000700a10acRCRD",
                                "clicked_item_id": "d37908dd1674c110VgnVCM2000002a0c10acRCRD",
                                "click_type": "link",
                                "clicked_channel_id": "345705dfcebcb110VgnVCM2000002a0c10acRCRD",
                                "referring_component": "2d2c13d6-glob-foot-refc-de190b394505",
                                "clicked_item_url": "https://www.mako.co.il/help-terms-of-use/Article-d37908dd1674c11006.htm?partner=12plusFooterLinks"
                            }
                        }
                    ]
                }
            },
            "logos": {
                "lastUpdate": "Mon, 11 Nov 2024 23:05:45 +0200",
                "timestamp": 1731359145724,
                "headerLogo": {
                    "guid": "9dabeac4fa6cc710VgnVCM200000650a10acRCRD",
                    "desktopLogo": "https://img.mako.co.il/2024/10/10/logo-12-desktop.png",
                    "mobileWebLogo": "https://img.mako.co.il/2024/10/10/LOGO_12_mobile.png",
                    "mobileAppLogo": "https://img.mako.co.il/2024/10/09/LOGO_12__mobileApp.png",
                    "smartTVLogo": "https://img.mako.co.il/2021/10/28/Logo_12+_smartTV.png"
                }
            },
            "data": {
                "lastUpdate": "Mon, 11 Nov 2024 08:33:48 +0200",
                "timestamp": 1731306828675,
                "pageType": "Subvertical",
                "channelId": "6ca45b54fd76f510VgnVCM2000002a0c10acRCRD",
                "sch": "6ca45b54fd76f510",
                "channelName": "עונה 15",
                "pageUrl": "/mako-vod-keshet/eretz_nehederet-s15",
                "domoPageView": {
                    "content_type": "channel",
                    "item_id": "6ca45b54fd76f510VgnVCM2000002a0c10acRCRD",
                    "channel_id": "6ca45b54fd76f510VgnVCM2000002a0c10acRCRD",
                    "channel_depth": 3,
                    "page_url": "https://www.mako.co.il/mako-vod-keshet/eretz_nehederet-s15",
                    "is_blocked_content": {
                        "israel": 0,
                        "international": 0
                    }
                },
                "preload": true,
                "makoCatDFP": {
                    "cust_params": {
                        "location_sub_campaign": "%LOCATION_SUB_CAMPAIGN%",
                        "payinguser": "%IS_PAYING_USER%",
                        "video_from_time": "%VIDEO_FROM_TIME%",
                        "bundleId": "%PRODUCT_BUNDLE_ID%",
                        "pushTags": "%PUSH_TAGS%",
                        "language": "%LANGUAGE%",
                        "locale": "%LOCALE%",
                        "deviceid": "%DEVICE_ID%",
                        "version": "%VERSION%",
                        "devicetype": "%DEVICE_TYPE%",
                        "MAKOPAGE": "%GUID%",
                        "advertiserId": "%ADVERTISER_ID%",
                        "carrier": "%CARRIER%",
                        "LEVEL4": "vod_eretz",
                        "osVersion": "%OS_VERSION%",
                        "LEVEL5": "s15",
                        "paidContent": "%IS_PAID_CONTENT%",
                        "appid": "%APP_ID%",
                        "makoHN": "%HOUSE_NUMBERS%",
                        "random_number": "%RANDOM_NUMBER%",
                        "osType": "%OS_TYPE%",
                        "deviceModel": "%DEVICE_MODEL%",
                        "pushTrigger": "%PUSH_TRIGGER%"
                    },
                    "iu": "/242748299/mako/vod/vod_keshet/"
                },
                "seo": {
                    "title": "ארץ נהדרת, עונה 15 - לצפייה ישירה",
                    "description": "ארץ נהדרת עונה 15 לצפייה ישירה. חקירות נתניהו עולות שלב, ישראל חוגגת 70, פינת הייעוץ של סופר נני  והטורטלים משוויצים בארץ ובחו\"ל",
                    "type": "tv_show",
                    "image": "https://img.mako.co.il/2021/03/25/eretz_yaniv_HD_Size2_autoOrient_i.jpg",
                    "canonical": "https://www.mako.co.il/mako-vod-keshet/eretz_nehederet-s15",
                    "schema": {
                        "@context": "https://schema.org",
                        "@type": "TVSeason",
                        "name": "עונה 15",
                        "description": "חקירות נתניהו עולות שלב, ישראל חוגגת 70, פינת הייעוץ של סופר נני  והטורטלים משוויצים בארץ ובחו\"ל",
                        "image": "https://img.mako.co.il/2021/03/25/eretz_yaniv_HD_Size2_autoOrient_i.jpg",
                        "numberOfEpisodes": 27,
                        "url": "https://www.mako.co.il/mako-vod-keshet/eretz_nehederet-s15",
                        "partOfTVSeries": {
                            "@type": "TVSeries",
                            "name": "ארץ נהדרת",
                            "url": "https://www.mako.co.il/mako-vod-keshet/eretz_nehederet"
                        },
                        "genre": [
                            "בידור",
                            "קומדיה"
                        ],
                        "provider": {
                            "@type": "Organization",
                            "name": "תכניות קשת"
                        },
                        "publisher": {
                            "@type": "NewsMediaOrganization",
                            "name": "שידורי קשת"
                        },
                        "sameAs": [
                            "https://www.mako.co.il/tv-erez-nehederet/cc0e3d99ade16110"
                        ]
                    }
                },
                "vod": {
                    "channelId": "6ca45b54fd76f510VgnVCM2000002a0c10acRCRD",
                    "itemVcmId": "e8facf8b1f77f510VgnVCM2000002a0c10acRCRD",
                    "galleryChannelId": "e8facf8b1f77f510VgnVCM2000002a0c10acRCRD",
                    "programId": "5cf467a604643210VgnVCM2000002a0c10acRCRD",
                    "mostCurrent": false,
                    "pageUrl": "/mako-vod-keshet/eretz_nehederet-s15/VOD-e8facf8b1f77f51006.htm",
                    "domoClick": {
                        "content_type": "vod",
                        "channel_depth": -1,
                        "clicked_item_id": "e8facf8b1f77f510VgnVCM2000002a0c10acRCRD",
                        "click_type": "link",
                        "clicked_channel_id": "6ca45b54fd76f510VgnVCM2000002a0c10acRCRD",
                        "referring_component": "080b8750-hero-41d9-refc-e6bfe67f099c",
                        "clicked_item_url": "https://www.mako.co.il/mako-vod-keshet/eretz_nehederet-s15/VOD-e8facf8b1f77f51006.htm"
                    },
                    "domoPlay": {
                        "content_type": "vod",
                        "item_id": "e8facf8b1f77f510VgnVCM2000002a0c10acRCRD",
                        "channel_id": "6ca45b54fd76f510VgnVCM2000002a0c10acRCRD",
                        "channel_depth": 3
                    },
                    "aIL": true,
                    "aINT": true,
                    "iPromoType": "Program"
                },
                "hero": {
                    "extraInfo": "23 עונות",
                    "itemVcmId": "a0f29787b4e99710VgnVCM100000700a10acRCRD",
                    "channelId": "6ca45b54fd76f510VgnVCM2000002a0c10acRCRD",
                    "logo": "https://img.mako.co.il/2022/06/21/logo_eretz.png",
                    "logoAltText": "לוגו ארץ נהדרת 2016",
                    "description": "חקירות נתניהו עולות שלב, ישראל חוגגת 70, פינת הייעוץ של סופר נני  והטורטלים משוויצים בארץ ובחו\"ל",
                    "pics": [
                        {
                            "picUrl": "https://img.mako.co.il/2021/07/15/eretz_15_HD_re.jpg",
                            "altText": "ארץ נהדרת עונה 15 - HD, ז'אנר, מובייל, כרטיס אשראי"
                        }
                    ],
                    "mobilePics": [
                        {
                            "picUrl": "https://img.mako.co.il/2021/08/22/eretz_15_e.jpg",
                            "altText": "ארץ נהדרת עונה 15 - HD, ז'אנר, מובייל, כרטיס אשראי"
                        }
                    ],
                    "buttonText": "עונה 15 פרק 1",
                    "makoRefComp": "Specific_Episode"
                },
                "seasons": [
                    {
                        "current": false,
                        "seasonTitle": "עונה 1",
                        "pageUrl": "/mako-vod-keshet/eretz_nehederet-s1",
                        "domoClick": {
                            "content_type": "channel",
                            "channel_depth": -1,
                            "clicked_item_id": "bae667a604643210VgnVCM2000002a0c10acRCRD",
                            "click_type": "link",
                            "clicked_channel_id": "bae667a604643210VgnVCM2000002a0c10acRCRD",
                            "referring_component": "9ced3b0e-page-navi-refc-eb3fe7b8e0de",
                            "clicked_item_url": "https://www.mako.co.il/mako-vod-keshet/eretz_nehederet-s1"
                        }
                    },
                    {
                        "current": false,
                        "seasonTitle": "עונה 2",
                        "pageUrl": "/mako-vod-keshet/eretz_nehederet-s2",
                        "domoClick": {
                            "content_type": "channel",
                            "channel_depth": -1,
                            "clicked_item_id": "3d9af64d35643210VgnVCM2000002a0c10acRCRD",
                            "click_type": "link",
                            "clicked_channel_id": "3d9af64d35643210VgnVCM2000002a0c10acRCRD",
                            "referring_component": "9ced3b0e-page-navi-refc-eb3fe7b8e0de",
                            "clicked_item_url": "https://www.mako.co.il/mako-vod-keshet/eretz_nehederet-s2"
                        }
                    },
                    {
                        "current": false,
                        "seasonTitle": "עונה 3",
                        "pageUrl": "/mako-vod-keshet/eretz_nehederet-s3",
                        "domoClick": {
                            "content_type": "channel",
                            "channel_depth": -1,
                            "clicked_item_id": "43cef64d35643210VgnVCM2000002a0c10acRCRD",
                            "click_type": "link",
                            "clicked_channel_id": "43cef64d35643210VgnVCM2000002a0c10acRCRD",
                            "referring_component": "9ced3b0e-page-navi-refc-eb3fe7b8e0de",
                            "clicked_item_url": "https://www.mako.co.il/mako-vod-keshet/eretz_nehederet-s3"
                        }
                    },
                    {
                        "current": false,
                        "seasonTitle": "עונה 4",
                        "pageUrl": "/mako-vod-keshet/eretz_nehederet-s4",
                        "domoClick": {
                            "content_type": "channel",
                            "channel_depth": -1,
                            "clicked_item_id": "d251f64d35643210VgnVCM2000002a0c10acRCRD",
                            "click_type": "link",
                            "clicked_channel_id": "d251f64d35643210VgnVCM2000002a0c10acRCRD",
                            "referring_component": "9ced3b0e-page-navi-refc-eb3fe7b8e0de",
                            "clicked_item_url": "https://www.mako.co.il/mako-vod-keshet/eretz_nehederet-s4"
                        }
                    },
                    {
                        "current": false,
                        "seasonTitle": "עונה 5",
                        "pageUrl": "/mako-vod-keshet/eretz_nehederet-s5",
                        "domoClick": {
                            "content_type": "channel",
                            "channel_depth": -1,
                            "clicked_item_id": "7a03f64d35643210VgnVCM2000002a0c10acRCRD",
                            "click_type": "link",
                            "clicked_channel_id": "7a03f64d35643210VgnVCM2000002a0c10acRCRD",
                            "referring_component": "9ced3b0e-page-navi-refc-eb3fe7b8e0de",
                            "clicked_item_url": "https://www.mako.co.il/mako-vod-keshet/eretz_nehederet-s5"
                        }
                    },
                    {
                        "current": false,
                        "seasonTitle": "עונה 6",
                        "pageUrl": "/mako-vod-keshet/eretz_nehederet-s6",
                        "domoClick": {
                            "content_type": "channel",
                            "channel_depth": -1,
                            "clicked_item_id": "1144f64d35643210VgnVCM2000002a0c10acRCRD",
                            "click_type": "link",
                            "clicked_channel_id": "1144f64d35643210VgnVCM2000002a0c10acRCRD",
                            "referring_component": "9ced3b0e-page-navi-refc-eb3fe7b8e0de",
                            "clicked_item_url": "https://www.mako.co.il/mako-vod-keshet/eretz_nehederet-s6"
                        }
                    },
                    {
                        "current": false,
                        "seasonTitle": "עונה 7",
                        "pageUrl": "/mako-vod-keshet/eretz_nehederet-s7",
                        "domoClick": {
                            "content_type": "channel",
                            "channel_depth": -1,
                            "clicked_item_id": "d0990484ddef5210VgnVCM2000002a0c10acRCRD",
                            "click_type": "link",
                            "clicked_channel_id": "d0990484ddef5210VgnVCM2000002a0c10acRCRD",
                            "referring_component": "9ced3b0e-page-navi-refc-eb3fe7b8e0de",
                            "clicked_item_url": "https://www.mako.co.il/mako-vod-keshet/eretz_nehederet-s7"
                        }
                    },
                    {
                        "current": false,
                        "seasonTitle": "עונה 8",
                        "pageUrl": "/mako-vod-keshet/eretz_nehederet-s8",
                        "domoClick": {
                            "content_type": "channel",
                            "channel_depth": -1,
                            "clicked_item_id": "d839b3585edfc210VgnVCM2000002a0c10acRCRD",
                            "click_type": "link",
                            "clicked_channel_id": "d839b3585edfc210VgnVCM2000002a0c10acRCRD",
                            "referring_component": "9ced3b0e-page-navi-refc-eb3fe7b8e0de",
                            "clicked_item_url": "https://www.mako.co.il/mako-vod-keshet/eretz_nehederet-s8"
                        }
                    },
                    {
                        "current": false,
                        "seasonTitle": "עונה 9",
                        "pageUrl": "/mako-vod-keshet/eretz_nehederet-s9",
                        "domoClick": {
                            "content_type": "channel",
                            "channel_depth": -1,
                            "clicked_item_id": "2c9f87e7250f4310VgnVCM2000002a0c10acRCRD",
                            "click_type": "link",
                            "clicked_channel_id": "2c9f87e7250f4310VgnVCM2000002a0c10acRCRD",
                            "referring_component": "9ced3b0e-page-navi-refc-eb3fe7b8e0de",
                            "clicked_item_url": "https://www.mako.co.il/mako-vod-keshet/eretz_nehederet-s9"
                        }
                    },
                    {
                        "current": false,
                        "seasonTitle": "עונה 10",
                        "pageUrl": "/mako-vod-keshet/eretz_nehederet-s10",
                        "domoClick": {
                            "content_type": "channel",
                            "channel_depth": -1,
                            "clicked_item_id": "fa4d7c38f47cb310VgnVCM2000002a0c10acRCRD",
                            "click_type": "link",
                            "clicked_channel_id": "fa4d7c38f47cb310VgnVCM2000002a0c10acRCRD",
                            "referring_component": "9ced3b0e-page-navi-refc-eb3fe7b8e0de",
                            "clicked_item_url": "https://www.mako.co.il/mako-vod-keshet/eretz_nehederet-s10"
                        }
                    },
                    {
                        "current": false,
                        "seasonTitle": "עונה 11",
                        "pageUrl": "/mako-vod-keshet/eretz_nehederet-s11",
                        "domoClick": {
                            "content_type": "channel",
                            "channel_depth": -1,
                            "clicked_item_id": "5adfa33919243410VgnVCM2000002a0c10acRCRD",
                            "click_type": "link",
                            "clicked_channel_id": "5adfa33919243410VgnVCM2000002a0c10acRCRD",
                            "referring_component": "9ced3b0e-page-navi-refc-eb3fe7b8e0de",
                            "clicked_item_url": "https://www.mako.co.il/mako-vod-keshet/eretz_nehederet-s11"
                        }
                    },
                    {
                        "current": false,
                        "seasonTitle": "עונה 12",
                        "pageUrl": "/mako-vod-keshet/eretz_nehederet-s12",
                        "domoClick": {
                            "content_type": "channel",
                            "channel_depth": -1,
                            "clicked_item_id": "de317051b0cfa410VgnVCM2000002a0c10acRCRD",
                            "click_type": "link",
                            "clicked_channel_id": "de317051b0cfa410VgnVCM2000002a0c10acRCRD",
                            "referring_component": "9ced3b0e-page-navi-refc-eb3fe7b8e0de",
                            "clicked_item_url": "https://www.mako.co.il/mako-vod-keshet/eretz_nehederet-s12"
                        }
                    },
                    {
                        "current": false,
                        "seasonTitle": "עונה 13",
                        "pageUrl": "/mako-vod-keshet/eretz_nehederet-s13",
                        "domoClick": {
                            "content_type": "channel",
                            "channel_depth": -1,
                            "clicked_item_id": "d1417e27b9382510VgnVCM2000002a0c10acRCRD",
                            "click_type": "link",
                            "clicked_channel_id": "d1417e27b9382510VgnVCM2000002a0c10acRCRD",
                            "referring_component": "9ced3b0e-page-navi-refc-eb3fe7b8e0de",
                            "clicked_item_url": "https://www.mako.co.il/mako-vod-keshet/eretz_nehederet-s13"
                        }
                    },
                    {
                        "current": false,
                        "seasonTitle": "עונה 14",
                        "pageUrl": "/mako-vod-keshet/eretz_nehederet-s14",
                        "domoClick": {
                            "content_type": "channel",
                            "channel_depth": -1,
                            "clicked_item_id": "00cb73568955a510VgnVCM2000002a0c10acRCRD",
                            "click_type": "link",
                            "clicked_channel_id": "00cb73568955a510VgnVCM2000002a0c10acRCRD",
                            "referring_component": "9ced3b0e-page-navi-refc-eb3fe7b8e0de",
                            "clicked_item_url": "https://www.mako.co.il/mako-vod-keshet/eretz_nehederet-s14"
                        }
                    },
                    {
                        "current": true,
                        "seasonTitle": "עונה 15",
                        "pageUrl": "/mako-vod-keshet/eretz_nehederet-s15",
                        "domoClick": {
                            "content_type": "channel",
                            "channel_depth": -1,
                            "clicked_item_id": "6ca45b54fd76f510VgnVCM2000002a0c10acRCRD",
                            "click_type": "link",
                            "clicked_channel_id": "6ca45b54fd76f510VgnVCM2000002a0c10acRCRD",
                            "referring_component": "9ced3b0e-page-navi-refc-eb3fe7b8e0de",
                            "clicked_item_url": "https://www.mako.co.il/mako-vod-keshet/eretz_nehederet-s15"
                        }
                    },
                    {
                        "current": false,
                        "seasonTitle": "עונה 16",
                        "pageUrl": "/mako-vod-keshet/eretz_nehederet-s-16",
                        "domoClick": {
                            "content_type": "channel",
                            "channel_depth": -1,
                            "clicked_item_id": "943afc01ace08610VgnVCM2000002a0c10acRCRD",
                            "click_type": "link",
                            "clicked_channel_id": "943afc01ace08610VgnVCM2000002a0c10acRCRD",
                            "referring_component": "9ced3b0e-page-navi-refc-eb3fe7b8e0de",
                            "clicked_item_url": "https://www.mako.co.il/mako-vod-keshet/eretz_nehederet-s-16"
                        }
                    },
                    {
                        "current": false,
                        "seasonTitle": "עונה 17",
                        "pageUrl": "/mako-vod-keshet/eretz_nehederet-s17",
                        "domoClick": {
                            "content_type": "channel",
                            "channel_depth": -1,
                            "clicked_item_id": "19cc03b59965f610VgnVCM200000650a10acRCRD",
                            "click_type": "link",
                            "clicked_channel_id": "19cc03b59965f610VgnVCM200000650a10acRCRD",
                            "referring_component": "9ced3b0e-page-navi-refc-eb3fe7b8e0de",
                            "clicked_item_url": "https://www.mako.co.il/mako-vod-keshet/eretz_nehederet-s17"
                        }
                    },
                    {
                        "current": false,
                        "seasonTitle": "עוד כותרות",
                        "pageUrl": "/mako-vod-keshet/eretz_nehederet-more_headlines",
                        "domoClick": {
                            "content_type": "channel",
                            "channel_depth": -1,
                            "clicked_item_id": "42d5b1b0749b3710VgnVCM100000700a10acRCRD",
                            "click_type": "link",
                            "clicked_channel_id": "42d5b1b0749b3710VgnVCM100000700a10acRCRD",
                            "referring_component": "9ced3b0e-page-navi-refc-eb3fe7b8e0de",
                            "clicked_item_url": "https://www.mako.co.il/mako-vod-keshet/eretz_nehederet-more_headlines"
                        }
                    },
                    {
                        "current": false,
                        "seasonTitle": "עונה 18",
                        "pageUrl": "/mako-vod-keshet/eretz_nehederet-s18",
                        "domoClick": {
                            "content_type": "channel",
                            "channel_depth": -1,
                            "clicked_item_id": "17d1ef997de86710VgnVCM100000700a10acRCRD",
                            "click_type": "link",
                            "clicked_channel_id": "17d1ef997de86710VgnVCM100000700a10acRCRD",
                            "referring_component": "9ced3b0e-page-navi-refc-eb3fe7b8e0de",
                            "clicked_item_url": "https://www.mako.co.il/mako-vod-keshet/eretz_nehederet-s18"
                        }
                    },
                    {
                        "current": false,
                        "seasonTitle": "עונה 19",
                        "pageUrl": "/mako-vod-keshet/eretz_nehederet-s19",
                        "domoClick": {
                            "content_type": "channel",
                            "channel_depth": -1,
                            "clicked_item_id": "d371563eb8bec710VgnVCM200000650a10acRCRD",
                            "click_type": "link",
                            "clicked_channel_id": "d371563eb8bec710VgnVCM200000650a10acRCRD",
                            "referring_component": "9ced3b0e-page-navi-refc-eb3fe7b8e0de",
                            "clicked_item_url": "https://www.mako.co.il/mako-vod-keshet/eretz_nehederet-s19"
                        }
                    },
                    {
                        "current": false,
                        "seasonTitle": "עונה 20",
                        "pageUrl": "/mako-vod-keshet/eretz_nehederet-s20",
                        "domoClick": {
                            "content_type": "channel",
                            "channel_depth": -1,
                            "clicked_item_id": "20bf32f4a0a53810VgnVCM100000700a10acRCRD",
                            "click_type": "link",
                            "clicked_channel_id": "20bf32f4a0a53810VgnVCM100000700a10acRCRD",
                            "referring_component": "9ced3b0e-page-navi-refc-eb3fe7b8e0de",
                            "clicked_item_url": "https://www.mako.co.il/mako-vod-keshet/eretz_nehederet-s20"
                        }
                    },
                    {
                        "current": false,
                        "seasonTitle": "עונה 21",
                        "pageUrl": "/mako-vod-keshet/eretz_nehederet-s21",
                        "domoClick": {
                            "content_type": "channel",
                            "channel_depth": -1,
                            "clicked_item_id": "b5ae2a8ecab7b810VgnVCM100000700a10acRCRD",
                            "click_type": "link",
                            "clicked_channel_id": "b5ae2a8ecab7b810VgnVCM100000700a10acRCRD",
                            "referring_component": "9ced3b0e-page-navi-refc-eb3fe7b8e0de",
                            "clicked_item_url": "https://www.mako.co.il/mako-vod-keshet/eretz_nehederet-s21"
                        }
                    },
                    {
                        "current": false,
                        "seasonTitle": "עונה 22",
                        "pageUrl": "/mako-vod-keshet/eretz_nehederet-s22",
                        "domoClick": {
                            "content_type": "channel",
                            "channel_depth": -1,
                            "clicked_item_id": "bc6a5d06d46f2910VgnVCM200000650a10acRCRD",
                            "click_type": "link",
                            "clicked_channel_id": "bc6a5d06d46f2910VgnVCM200000650a10acRCRD",
                            "referring_component": "9ced3b0e-page-navi-refc-eb3fe7b8e0de",
                            "clicked_item_url": "https://www.mako.co.il/mako-vod-keshet/eretz_nehederet-s22"
                        }
                    }
                ],
                "menu": [
                    {
                        "buttonText": "פרקים",
                        "id": "allEpisodes",
                        "vcmid": "6ca45b54fd76f510VgnVCM2000002a0c10acRCRD",
                        "channelId": "6ca45b54fd76f510VgnVCM2000002a0c10acRCRD",
                        "makoRefComp": "All_Episodes",
                        "pageUrl": "/mako-vod-keshet/eretz_nehederet-s15",
                        "domoClick": {
                            "content_type": "channel",
                            "channel_depth": -1,
                            "clicked_item_id": "6ca45b54fd76f510VgnVCM2000002a0c10acRCRD",
                            "click_type": "link",
                            "clicked_channel_id": "6ca45b54fd76f510VgnVCM2000002a0c10acRCRD",
                            "referring_component": "9ced3b0e-page-navi-refc-eb3fe7b8e0de",
                            "clicked_item_url": "https://www.mako.co.il/mako-vod-keshet/eretz_nehederet-s15"
                        },
                        "open": true,
                        "vods": [
                            {
                                "componentLayout": "vod",
                                "channelId": "6ca45b54fd76f510VgnVCM2000002a0c10acRCRD",
                                "itemVcmId": "e8facf8b1f77f510VgnVCM2000002a0c10acRCRD",
                                "galleryChannelId": "e8facf8b1f77f510VgnVCM2000002a0c10acRCRD",
                                "title": "משפחת נתניהו המורחבת מגיעה",
                                "extraInfo": "פרק 1@01.11.17",
                                "pageUrl": "/mako-vod-keshet/eretz_nehederet-s15/VOD-e8facf8b1f77f51006.htm",
                                "domoClick": {
                                    "content_type": "vod",
                                    "channel_depth": -1,
                                    "clicked_item_id": "e8facf8b1f77f510VgnVCM2000002a0c10acRCRD",
                                    "click_type": "link",
                                    "clicked_channel_id": "6ca45b54fd76f510VgnVCM2000002a0c10acRCRD",
                                    "referring_component": "16f079a6-page-prom-refc-4bfb03e240e9",
                                    "clicked_item_url": "https://www.mako.co.il/mako-vod-keshet/eretz_nehederet-s15/VOD-e8facf8b1f77f51006.htm"
                                },
                                "pics": [
                                    {
                                        "picUrl": "https://img.mako.co.il/2017/11/01/eretz15_01_VOD_i.jpg",
                                        "altText": "פרק 1"
                                    }
                                ],
                                "aIL": true,
                                "aINT": true
                            },
                            {
                                "componentLayout": "vod",
                                "channelId": "6ca45b54fd76f510VgnVCM2000002a0c10acRCRD",
                                "itemVcmId": "b9d87af6e82af510VgnVCM2000002a0c10acRCRD",
                                "galleryChannelId": "b9d87af6e82af510VgnVCM2000002a0c10acRCRD",
                                "title": "הכלבה קאיה מתגייסת ללשכה",
                                "extraInfo": "פרק 2@09.11.17",
                                "pageUrl": "/mako-vod-keshet/eretz_nehederet-s15/VOD-b9d87af6e82af51006.htm",
                                "domoClick": {
                                    "content_type": "vod",
                                    "channel_depth": -1,
                                    "clicked_item_id": "b9d87af6e82af510VgnVCM2000002a0c10acRCRD",
                                    "click_type": "link",
                                    "clicked_channel_id": "6ca45b54fd76f510VgnVCM2000002a0c10acRCRD",
                                    "referring_component": "16f079a6-page-prom-refc-4bfb03e240e9",
                                    "clicked_item_url": "https://www.mako.co.il/mako-vod-keshet/eretz_nehederet-s15/VOD-b9d87af6e82af51006.htm"
                                },
                                "pics": [
                                    {
                                        "picUrl": "https://img.mako.co.il/2017/11/11/eretz15_02_VOD_i.jpg",
                                        "altText": "פרק 2"
                                    }
                                ],
                                "aIL": true,
                                "aINT": false
                            },
                            {
                                "componentLayout": "vod",
                                "channelId": "6ca45b54fd76f510VgnVCM2000002a0c10acRCRD",
                                "itemVcmId": "be2b0669de8df510VgnVCM2000002a0c10acRCRD",
                                "galleryChannelId": "be2b0669de8df510VgnVCM2000002a0c10acRCRD",
                                "title": "וונדר וומן חדשה",
                                "extraInfo": "פרק 3@20.11.17",
                                "pageUrl": "/mako-vod-keshet/eretz_nehederet-s15/VOD-be2b0669de8df51006.htm",
                                "domoClick": {
                                    "content_type": "vod",
                                    "channel_depth": -1,
                                    "clicked_item_id": "be2b0669de8df510VgnVCM2000002a0c10acRCRD",
                                    "click_type": "link",
                                    "clicked_channel_id": "6ca45b54fd76f510VgnVCM2000002a0c10acRCRD",
                                    "referring_component": "16f079a6-page-prom-refc-4bfb03e240e9",
                                    "clicked_item_url": "https://www.mako.co.il/mako-vod-keshet/eretz_nehederet-s15/VOD-be2b0669de8df51006.htm"
                                },
                                "pics": [
                                    {
                                        "picUrl": "https://img.mako.co.il/2017/11/21/eretz_nehederet15_03_VOD_i.jpg",
                                        "altText": "פרק 3"
                                    }
                                ],
                                "aIL": true,
                                "aINT": false
                            },
                            {
                                "componentLayout": "vod",
                                "channelId": "6ca45b54fd76f510VgnVCM2000002a0c10acRCRD",
                                "itemVcmId": "ca41d77080dff510VgnVCM2000002a0c10acRCRD",
                                "galleryChannelId": "ca41d77080dff510VgnVCM2000002a0c10acRCRD",
                                "title": "בלאק מאנדיי",
                                "extraInfo": "פרק 4@27.11.17",
                                "pageUrl": "/mako-vod-keshet/eretz_nehederet-s15/VOD-ca41d77080dff51006.htm",
                                "domoClick": {
                                    "content_type": "vod",
                                    "channel_depth": -1,
                                    "clicked_item_id": "ca41d77080dff510VgnVCM2000002a0c10acRCRD",
                                    "click_type": "link",
                                    "clicked_channel_id": "6ca45b54fd76f510VgnVCM2000002a0c10acRCRD",
                                    "referring_component": "16f079a6-page-prom-refc-4bfb03e240e9",
                                    "clicked_item_url": "https://www.mako.co.il/mako-vod-keshet/eretz_nehederet-s15/VOD-ca41d77080dff51006.htm"
                                },
                                "pics": [
                                    {
                                        "picUrl": "https://img.mako.co.il/2017/11/27/eretz15_04_VOD_i.jpg",
                                        "altText": "פרק 4"
                                    }
                                ],
                                "aIL": true,
                                "aINT": false
                            },
                            {
                                "componentLayout": "vod",
                                "channelId": "6ca45b54fd76f510VgnVCM2000002a0c10acRCRD",
                                "itemVcmId": "0ae994936c020610VgnVCM2000002a0c10acRCRD",
                                "galleryChannelId": "0ae994936c020610VgnVCM2000002a0c10acRCRD",
                                "title": "משפחת המלוכה החדשה",
                                "extraInfo": "פרק 5@04.12.17",
                                "pageUrl": "/mako-vod-keshet/eretz_nehederet-s15/VOD-0ae994936c02061006.htm",
                                "domoClick": {
                                    "content_type": "vod",
                                    "channel_depth": -1,
                                    "clicked_item_id": "0ae994936c020610VgnVCM2000002a0c10acRCRD",
                                    "click_type": "link",
                                    "clicked_channel_id": "6ca45b54fd76f510VgnVCM2000002a0c10acRCRD",
                                    "referring_component": "16f079a6-page-prom-refc-4bfb03e240e9",
                                    "clicked_item_url": "https://www.mako.co.il/mako-vod-keshet/eretz_nehederet-s15/VOD-0ae994936c02061006.htm"
                                },
                                "pics": [
                                    {
                                        "picUrl": "https://img.mako.co.il/2017/12/05/eretz15_5_VOD_i.jpg",
                                        "altText": "פרק 5"
                                    }
                                ],
                                "aIL": true,
                                "aINT": false
                            },
                            {
                                "componentLayout": "vod",
                                "channelId": "6ca45b54fd76f510VgnVCM2000002a0c10acRCRD",
                                "itemVcmId": "5d783289e2540610VgnVCM2000002a0c10acRCRD",
                                "galleryChannelId": "5d783289e2540610VgnVCM2000002a0c10acRCRD",
                                "title": "פסטיבל חנוכה באולפן",
                                "extraInfo": "פרק 6@12.12.17",
                                "pageUrl": "/mako-vod-keshet/eretz_nehederet-s15/VOD-5d783289e254061006.htm",
                                "domoClick": {
                                    "content_type": "vod",
                                    "channel_depth": -1,
                                    "clicked_item_id": "5d783289e2540610VgnVCM2000002a0c10acRCRD",
                                    "click_type": "link",
                                    "clicked_channel_id": "6ca45b54fd76f510VgnVCM2000002a0c10acRCRD",
                                    "referring_component": "16f079a6-page-prom-refc-4bfb03e240e9",
                                    "clicked_item_url": "https://www.mako.co.il/mako-vod-keshet/eretz_nehederet-s15/VOD-5d783289e254061006.htm"
                                },
                                "pics": [
                                    {
                                        "picUrl": "https://img.mako.co.il/2017/12/11/eretz15_06_VOD_fejvnefjkvnef_i.jpg",
                                        "altText": "פרק 6"
                                    }
                                ],
                                "aIL": true,
                                "aINT": false
                            },
                            {
                                "componentLayout": "vod",
                                "channelId": "6ca45b54fd76f510VgnVCM2000002a0c10acRCRD",
                                "itemVcmId": "42c1693be3d80610VgnVCM2000002a0c10acRCRD",
                                "galleryChannelId": "42c1693be3d80610VgnVCM2000002a0c10acRCRD",
                                "title": "המופע של ביבי",
                                "extraInfo": "פרק 7@25.12.17",
                                "pageUrl": "/mako-vod-keshet/eretz_nehederet-s15/VOD-42c1693be3d8061006.htm",
                                "domoClick": {
                                    "content_type": "vod",
                                    "channel_depth": -1,
                                    "clicked_item_id": "42c1693be3d80610VgnVCM2000002a0c10acRCRD",
                                    "click_type": "link",
                                    "clicked_channel_id": "6ca45b54fd76f510VgnVCM2000002a0c10acRCRD",
                                    "referring_component": "16f079a6-page-prom-refc-4bfb03e240e9",
                                    "clicked_item_url": "https://www.mako.co.il/mako-vod-keshet/eretz_nehederet-s15/VOD-42c1693be3d8061006.htm"
                                },
                                "pics": [
                                    {
                                        "picUrl": "https://img.mako.co.il/2017/12/25/eretz15_07_VOD_jfdk843_i.jpg",
                                        "altText": "פרק 7"
                                    }
                                ],
                                "aIL": true,
                                "aINT": false
                            },
                            {
                                "componentLayout": "vod",
                                "channelId": "6ca45b54fd76f510VgnVCM2000002a0c10acRCRD",
                                "itemVcmId": "b181fa27ff0b0610VgnVCM2000002a0c10acRCRD",
                                "galleryChannelId": "b181fa27ff0b0610VgnVCM2000002a0c10acRCRD",
                                "title": "חוגגים את 2018",
                                "extraInfo": "פרק 8@01.01.18",
                                "pageUrl": "/mako-vod-keshet/eretz_nehederet-s15/VOD-b181fa27ff0b061006.htm",
                                "domoClick": {
                                    "content_type": "vod",
                                    "channel_depth": -1,
                                    "clicked_item_id": "b181fa27ff0b0610VgnVCM2000002a0c10acRCRD",
                                    "click_type": "link",
                                    "clicked_channel_id": "6ca45b54fd76f510VgnVCM2000002a0c10acRCRD",
                                    "referring_component": "16f079a6-page-prom-refc-4bfb03e240e9",
                                    "clicked_item_url": "https://www.mako.co.il/mako-vod-keshet/eretz_nehederet-s15/VOD-b181fa27ff0b061006.htm"
                                },
                                "pics": [
                                    {
                                        "picUrl": "https://img.mako.co.il/2018/01/01/eretz_nehederet15_08_vod_i.jpg",
                                        "altText": "פרק 8"
                                    }
                                ],
                                "aIL": true,
                                "aINT": false
                            },
                            {
                                "componentLayout": "vod",
                                "channelId": "6ca45b54fd76f510VgnVCM2000002a0c10acRCRD",
                                "itemVcmId": "c4d8a578d05d0610VgnVCM2000002a0c10acRCRD",
                                "galleryChannelId": "c4d8a578d05d0610VgnVCM2000002a0c10acRCRD",
                                "title": "מהדורת חורף",
                                "extraInfo": "פרק 9@08.01.18",
                                "pageUrl": "/mako-vod-keshet/eretz_nehederet-s15/VOD-c4d8a578d05d061006.htm",
                                "domoClick": {
                                    "content_type": "vod",
                                    "channel_depth": -1,
                                    "clicked_item_id": "c4d8a578d05d0610VgnVCM2000002a0c10acRCRD",
                                    "click_type": "link",
                                    "clicked_channel_id": "6ca45b54fd76f510VgnVCM2000002a0c10acRCRD",
                                    "referring_component": "16f079a6-page-prom-refc-4bfb03e240e9",
                                    "clicked_item_url": "https://www.mako.co.il/mako-vod-keshet/eretz_nehederet-s15/VOD-c4d8a578d05d061006.htm"
                                },
                                "pics": [
                                    {
                                        "picUrl": "https://img.mako.co.il/2018/01/12/eretz_nehederet15_09_vod_i.jpg",
                                        "altText": "פרק 9"
                                    }
                                ],
                                "aIL": true,
                                "aINT": false
                            },
                            {
                                "componentLayout": "vod",
                                "channelId": "6ca45b54fd76f510VgnVCM2000002a0c10acRCRD",
                                "itemVcmId": "99ee0759c09f0610VgnVCM2000002a0c10acRCRD",
                                "galleryChannelId": "99ee0759c09f0610VgnVCM2000002a0c10acRCRD",
                                "title": "נוסעים להודו",
                                "extraInfo": "פרק 10@15.01.18",
                                "pageUrl": "/mako-vod-keshet/eretz_nehederet-s15/VOD-99ee0759c09f061006.htm",
                                "domoClick": {
                                    "content_type": "vod",
                                    "channel_depth": -1,
                                    "clicked_item_id": "99ee0759c09f0610VgnVCM2000002a0c10acRCRD",
                                    "click_type": "link",
                                    "clicked_channel_id": "6ca45b54fd76f510VgnVCM2000002a0c10acRCRD",
                                    "referring_component": "16f079a6-page-prom-refc-4bfb03e240e9",
                                    "clicked_item_url": "https://www.mako.co.il/mako-vod-keshet/eretz_nehederet-s15/VOD-99ee0759c09f061006.htm"
                                },
                                "pics": [
                                    {
                                        "picUrl": "https://img.mako.co.il/2018/01/15/eretz15_10_VOD_kfjld_i.jpg",
                                        "altText": "פרק 10"
                                    }
                                ],
                                "aIL": true,
                                "aINT": false
                            },
                            {
                                "componentLayout": "ad",
                                "index": 1,
                                "iu": "242748299/mako/vod/vod_keshet/JAMBO1_970",
                                "sizes": "{[[970, 90]]}",
                                "mobileSizes": "{['fluid', [300, 250]]}",
                                "mobileIu": "242748299/mako/vod/vod_keshet/MOBILE_MONSTER1_300x250"
                            },
                            {
                                "componentLayout": "vod",
                                "channelId": "6ca45b54fd76f510VgnVCM2000002a0c10acRCRD",
                                "itemVcmId": "1a71ef92fc141610VgnVCM2000002a0c10acRCRD",
                                "galleryChannelId": "1a71ef92fc141610VgnVCM2000002a0c10acRCRD",
                                "title": "ההקלטה של משפחת נתניהו",
                                "extraInfo": "פרק 11@29.01.18",
                                "pageUrl": "/mako-vod-keshet/eretz_nehederet-s15/VOD-1a71ef92fc14161006.htm",
                                "domoClick": {
                                    "content_type": "vod",
                                    "channel_depth": -1,
                                    "clicked_item_id": "1a71ef92fc141610VgnVCM2000002a0c10acRCRD",
                                    "click_type": "link",
                                    "clicked_channel_id": "6ca45b54fd76f510VgnVCM2000002a0c10acRCRD",
                                    "referring_component": "16f079a6-page-prom-refc-4bfb03e240e9",
                                    "clicked_item_url": "https://www.mako.co.il/mako-vod-keshet/eretz_nehederet-s15/VOD-1a71ef92fc14161006.htm"
                                },
                                "pics": [
                                    {
                                        "picUrl": "https://img.mako.co.il/2018/01/29/eretz15_11_VOD_i.jpg",
                                        "altText": "פרק 11"
                                    }
                                ],
                                "aIL": true,
                                "aINT": false
                            },
                            {
                                "componentLayout": "vod",
                                "channelId": "6ca45b54fd76f510VgnVCM2000002a0c10acRCRD",
                                "itemVcmId": "3839b7b8f2661610VgnVCM2000002a0c10acRCRD",
                                "galleryChannelId": "3839b7b8f2661610VgnVCM2000002a0c10acRCRD",
                                "title": "מסיבת הפרידה של אורן חזן",
                                "extraInfo": "פרק 12@05.02.18",
                                "pageUrl": "/mako-vod-keshet/eretz_nehederet-s15/VOD-3839b7b8f266161006.htm",
                                "domoClick": {
                                    "content_type": "vod",
                                    "channel_depth": -1,
                                    "clicked_item_id": "3839b7b8f2661610VgnVCM2000002a0c10acRCRD",
                                    "click_type": "link",
                                    "clicked_channel_id": "6ca45b54fd76f510VgnVCM2000002a0c10acRCRD",
                                    "referring_component": "16f079a6-page-prom-refc-4bfb03e240e9",
                                    "clicked_item_url": "https://www.mako.co.il/mako-vod-keshet/eretz_nehederet-s15/VOD-3839b7b8f266161006.htm"
                                },
                                "pics": [
                                    {
                                        "picUrl": "https://img.mako.co.il/2018/02/06/eretz15_12_VOD_fhjkd7845_i.jpg",
                                        "altText": "פרק 12"
                                    }
                                ],
                                "aIL": true,
                                "aINT": false
                            },
                            {
                                "componentLayout": "vod",
                                "channelId": "6ca45b54fd76f510VgnVCM2000002a0c10acRCRD",
                                "itemVcmId": "f077198d81a81610VgnVCM2000002a0c10acRCRD",
                                "galleryChannelId": "f077198d81a81610VgnVCM2000002a0c10acRCRD",
                                "title": "חגיגת יום המשפחה",
                                "extraInfo": "פרק 13@12.02.18",
                                "pageUrl": "/mako-vod-keshet/eretz_nehederet-s15/VOD-f077198d81a8161006.htm",
                                "domoClick": {
                                    "content_type": "vod",
                                    "channel_depth": -1,
                                    "clicked_item_id": "f077198d81a81610VgnVCM2000002a0c10acRCRD",
                                    "click_type": "link",
                                    "clicked_channel_id": "6ca45b54fd76f510VgnVCM2000002a0c10acRCRD",
                                    "referring_component": "16f079a6-page-prom-refc-4bfb03e240e9",
                                    "clicked_item_url": "https://www.mako.co.il/mako-vod-keshet/eretz_nehederet-s15/VOD-f077198d81a8161006.htm"
                                },
                                "pics": [
                                    {
                                        "picUrl": "https://img.mako.co.il/2018/02/12/Eretz_Nehederet_13_VOD_i.jpg",
                                        "altText": "פרק 13"
                                    }
                                ],
                                "aIL": true,
                                "aINT": false
                            },
                            {
                                "componentLayout": "vod",
                                "channelId": "6ca45b54fd76f510VgnVCM2000002a0c10acRCRD",
                                "itemVcmId": "96de8d7e36da1610VgnVCM2000002a0c10acRCRD",
                                "galleryChannelId": "96de8d7e36da1610VgnVCM2000002a0c10acRCRD",
                                "title": "קרב האגרוף של השנה",
                                "extraInfo": "פרק 14@19.02.18",
                                "pageUrl": "/mako-vod-keshet/eretz_nehederet-s15/VOD-96de8d7e36da161006.htm",
                                "domoClick": {
                                    "content_type": "vod",
                                    "channel_depth": -1,
                                    "clicked_item_id": "96de8d7e36da1610VgnVCM2000002a0c10acRCRD",
                                    "click_type": "link",
                                    "clicked_channel_id": "6ca45b54fd76f510VgnVCM2000002a0c10acRCRD",
                                    "referring_component": "16f079a6-page-prom-refc-4bfb03e240e9",
                                    "clicked_item_url": "https://www.mako.co.il/mako-vod-keshet/eretz_nehederet-s15/VOD-96de8d7e36da161006.htm"
                                },
                                "pics": [
                                    {
                                        "picUrl": "https://img.mako.co.il/2018/02/20/eretznehederet15_14_01_panel_bibi_i.jpg",
                                        "altText": "פרק 14"
                                    }
                                ],
                                "aIL": true,
                                "aINT": false
                            },
                            {
                                "componentLayout": "vod",
                                "channelId": "6ca45b54fd76f510VgnVCM2000002a0c10acRCRD",
                                "itemVcmId": "d868aee35d1d1610VgnVCM2000002a0c10acRCRD",
                                "galleryChannelId": "d868aee35d1d1610VgnVCM2000002a0c10acRCRD",
                                "title": "מסיבת פורים",
                                "extraInfo": "פרק 15@26.02.18",
                                "pageUrl": "/mako-vod-keshet/eretz_nehederet-s15/VOD-d868aee35d1d161006.htm",
                                "domoClick": {
                                    "content_type": "vod",
                                    "channel_depth": -1,
                                    "clicked_item_id": "d868aee35d1d1610VgnVCM2000002a0c10acRCRD",
                                    "click_type": "link",
                                    "clicked_channel_id": "6ca45b54fd76f510VgnVCM2000002a0c10acRCRD",
                                    "referring_component": "16f079a6-page-prom-refc-4bfb03e240e9",
                                    "clicked_item_url": "https://www.mako.co.il/mako-vod-keshet/eretz_nehederet-s15/VOD-d868aee35d1d161006.htm"
                                },
                                "pics": [
                                    {
                                        "picUrl": "https://img.mako.co.il/2018/02/27/eretz_15_VOD_PIC_i.jpg",
                                        "altText": "פרק 15"
                                    }
                                ],
                                "aIL": true,
                                "aINT": false
                            },
                            {
                                "componentLayout": "vod",
                                "channelId": "6ca45b54fd76f510VgnVCM2000002a0c10acRCRD",
                                "itemVcmId": "ae302929f2a12610VgnVCM2000002a0c10acRCRD",
                                "galleryChannelId": "ae302929f2a12610VgnVCM2000002a0c10acRCRD",
                                "title": "הסרט הישראלי האהוב",
                                "extraInfo": "פרק 16@12.03.18",
                                "pageUrl": "/mako-vod-keshet/eretz_nehederet-s15/VOD-ae302929f2a1261006.htm",
                                "domoClick": {
                                    "content_type": "vod",
                                    "channel_depth": -1,
                                    "clicked_item_id": "ae302929f2a12610VgnVCM2000002a0c10acRCRD",
                                    "click_type": "link",
                                    "clicked_channel_id": "6ca45b54fd76f510VgnVCM2000002a0c10acRCRD",
                                    "referring_component": "16f079a6-page-prom-refc-4bfb03e240e9",
                                    "clicked_item_url": "https://www.mako.co.il/mako-vod-keshet/eretz_nehederet-s15/VOD-ae302929f2a1261006.htm"
                                },
                                "pics": [
                                    {
                                        "picUrl": "https://img.mako.co.il/2018/03/12/eretz15_16_VOD_i.jpg",
                                        "altText": "פרק 16"
                                    }
                                ],
                                "aIL": true,
                                "aINT": false
                            },
                            {
                                "componentLayout": "vod",
                                "channelId": "6ca45b54fd76f510VgnVCM2000002a0c10acRCRD",
                                "itemVcmId": "2c56eb7e76e32610VgnVCM2000002a0c10acRCRD",
                                "galleryChannelId": "2c56eb7e76e32610VgnVCM2000002a0c10acRCRD",
                                "title": "אולמרט - הראיון המלא",
                                "extraInfo": "פרק 17@19.03.18",
                                "pageUrl": "/mako-vod-keshet/eretz_nehederet-s15/VOD-2c56eb7e76e3261006.htm",
                                "domoClick": {
                                    "content_type": "vod",
                                    "channel_depth": -1,
                                    "clicked_item_id": "2c56eb7e76e32610VgnVCM2000002a0c10acRCRD",
                                    "click_type": "link",
                                    "clicked_channel_id": "6ca45b54fd76f510VgnVCM2000002a0c10acRCRD",
                                    "referring_component": "16f079a6-page-prom-refc-4bfb03e240e9",
                                    "clicked_item_url": "https://www.mako.co.il/mako-vod-keshet/eretz_nehederet-s15/VOD-2c56eb7e76e3261006.htm"
                                },
                                "pics": [
                                    {
                                        "picUrl": "https://img.mako.co.il/2018/03/20/eretz15_17_VOD_pic_i.jpg",
                                        "altText": "פרק 17"
                                    }
                                ],
                                "aIL": true,
                                "aINT": false
                            },
                            {
                                "componentLayout": "vod",
                                "channelId": "6ca45b54fd76f510VgnVCM2000002a0c10acRCRD",
                                "itemVcmId": "b85bd1d871262610VgnVCM2000002a0c10acRCRD",
                                "galleryChannelId": "b85bd1d871262610VgnVCM2000002a0c10acRCRD",
                                "title": "ספיישל פסח",
                                "extraInfo": "פרק 18@26.03.18",
                                "pageUrl": "/mako-vod-keshet/eretz_nehederet-s15/VOD-b85bd1d87126261006.htm",
                                "domoClick": {
                                    "content_type": "vod",
                                    "channel_depth": -1,
                                    "clicked_item_id": "b85bd1d871262610VgnVCM2000002a0c10acRCRD",
                                    "click_type": "link",
                                    "clicked_channel_id": "6ca45b54fd76f510VgnVCM2000002a0c10acRCRD",
                                    "referring_component": "16f079a6-page-prom-refc-4bfb03e240e9",
                                    "clicked_item_url": "https://www.mako.co.il/mako-vod-keshet/eretz_nehederet-s15/VOD-b85bd1d87126261006.htm"
                                },
                                "pics": [
                                    {
                                        "picUrl": "https://img.mako.co.il/2018/03/26/eretz15_18_VOD_i.jpg",
                                        "altText": "פרק 18"
                                    }
                                ],
                                "aIL": true,
                                "aINT": false
                            },
                            {
                                "componentLayout": "vod",
                                "channelId": "6ca45b54fd76f510VgnVCM2000002a0c10acRCRD",
                                "itemVcmId": "069842661d7d2610VgnVCM2000002a0c10acRCRD",
                                "galleryChannelId": "069842661d7d2610VgnVCM2000002a0c10acRCRD",
                                "title": "המשפחה הכי ישראלית",
                                "extraInfo": "פרק 19@18.04.18",
                                "pageUrl": "/mako-vod-keshet/eretz_nehederet-s15/VOD-069842661d7d261006.htm",
                                "domoClick": {
                                    "content_type": "vod",
                                    "channel_depth": -1,
                                    "clicked_item_id": "069842661d7d2610VgnVCM2000002a0c10acRCRD",
                                    "click_type": "link",
                                    "clicked_channel_id": "6ca45b54fd76f510VgnVCM2000002a0c10acRCRD",
                                    "referring_component": "16f079a6-page-prom-refc-4bfb03e240e9",
                                    "clicked_item_url": "https://www.mako.co.il/mako-vod-keshet/eretz_nehederet-s15/VOD-069842661d7d261006.htm"
                                },
                                "pics": [
                                    {
                                        "picUrl": "https://img.mako.co.il/2018/04/18/eretz_nederet15_hamishpacha_achi_israelit_i.jpg",
                                        "altText": "ארץ נהדרת – המשפחה הכי ישראלית"
                                    }
                                ],
                                "aIL": true,
                                "aINT": false
                            },
                            {
                                "componentLayout": "vod",
                                "channelId": "6ca45b54fd76f510VgnVCM2000002a0c10acRCRD",
                                "itemVcmId": "775a05c24acd2610VgnVCM2000002a0c10acRCRD",
                                "galleryChannelId": "775a05c24acd2610VgnVCM2000002a0c10acRCRD",
                                "title": "ספיישל עצמאות",
                                "extraInfo": "פרק 20@19.04.18",
                                "pageUrl": "/mako-vod-keshet/eretz_nehederet-s15/VOD-775a05c24acd261006.htm",
                                "domoClick": {
                                    "content_type": "vod",
                                    "channel_depth": -1,
                                    "clicked_item_id": "775a05c24acd2610VgnVCM2000002a0c10acRCRD",
                                    "click_type": "link",
                                    "clicked_channel_id": "6ca45b54fd76f510VgnVCM2000002a0c10acRCRD",
                                    "referring_component": "16f079a6-page-prom-refc-4bfb03e240e9",
                                    "clicked_item_url": "https://www.mako.co.il/mako-vod-keshet/eretz_nehederet-s15/VOD-775a05c24acd261006.htm"
                                },
                                "pics": [
                                    {
                                        "picUrl": "https://img.mako.co.il/2018/04/19/eretz_nehederet15_Special_Atzmaut_VOD_i.jpg",
                                        "altText": "ארץ נהדרץ - ספיישל עצמאות 70"
                                    }
                                ],
                                "aIL": true,
                                "aINT": false
                            },
                            {
                                "componentLayout": "vod",
                                "channelId": "6ca45b54fd76f510VgnVCM2000002a0c10acRCRD",
                                "itemVcmId": "16e96f08c8443610VgnVCM2000002a0c10acRCRD",
                                "galleryChannelId": "16e96f08c8443610VgnVCM2000002a0c10acRCRD",
                                "title": "פתיחת עונת הקיץ",
                                "extraInfo": "פרק 21@09.05.18",
                                "pageUrl": "/mako-vod-keshet/eretz_nehederet-s15/VOD-16e96f08c844361006.htm",
                                "domoClick": {
                                    "content_type": "vod",
                                    "channel_depth": -1,
                                    "clicked_item_id": "16e96f08c8443610VgnVCM2000002a0c10acRCRD",
                                    "click_type": "link",
                                    "clicked_channel_id": "6ca45b54fd76f510VgnVCM2000002a0c10acRCRD",
                                    "referring_component": "16f079a6-page-prom-refc-4bfb03e240e9",
                                    "clicked_item_url": "https://www.mako.co.il/mako-vod-keshet/eretz_nehederet-s15/VOD-16e96f08c844361006.htm"
                                },
                                "pics": [
                                    {
                                        "picUrl": "https://img.mako.co.il/2018/05/09/Eretz_Nehederet15_20_VOD_i.jpg",
                                        "altText": "פרק 20"
                                    }
                                ],
                                "aIL": true,
                                "aINT": false
                            },
                            {
                                "componentLayout": "vod",
                                "channelId": "6ca45b54fd76f510VgnVCM2000002a0c10acRCRD",
                                "itemVcmId": "faf1e37e8a863610VgnVCM2000002a0c10acRCRD",
                                "galleryChannelId": "faf1e37e8a863610VgnVCM2000002a0c10acRCRD",
                                "title": "כפרה עלינו",
                                "extraInfo": "פרק 22@16.05.18",
                                "pageUrl": "/mako-vod-keshet/eretz_nehederet-s15/VOD-faf1e37e8a86361006.htm",
                                "domoClick": {
                                    "content_type": "vod",
                                    "channel_depth": -1,
                                    "clicked_item_id": "faf1e37e8a863610VgnVCM2000002a0c10acRCRD",
                                    "click_type": "link",
                                    "clicked_channel_id": "6ca45b54fd76f510VgnVCM2000002a0c10acRCRD",
                                    "referring_component": "16f079a6-page-prom-refc-4bfb03e240e9",
                                    "clicked_item_url": "https://www.mako.co.il/mako-vod-keshet/eretz_nehederet-s15/VOD-faf1e37e8a86361006.htm"
                                },
                                "pics": [
                                    {
                                        "picUrl": "https://img.mako.co.il/2018/05/16/eretz15_21_VOD_i.jpg",
                                        "altText": "פרק 21"
                                    }
                                ],
                                "aIL": true,
                                "aINT": false
                            },
                            {
                                "componentLayout": "vod",
                                "channelId": "6ca45b54fd76f510VgnVCM2000002a0c10acRCRD",
                                "itemVcmId": "14c29dbe12883610VgnVCM2000002a0c10acRCRD",
                                "galleryChannelId": "14c29dbe12883610VgnVCM2000002a0c10acRCRD",
                                "title": "החתונה המלכותית",
                                "extraInfo": "פרק 23@23.05.18",
                                "pageUrl": "/mako-vod-keshet/eretz_nehederet-s15/VOD-14c29dbe1288361006.htm",
                                "domoClick": {
                                    "content_type": "vod",
                                    "channel_depth": -1,
                                    "clicked_item_id": "14c29dbe12883610VgnVCM2000002a0c10acRCRD",
                                    "click_type": "link",
                                    "clicked_channel_id": "6ca45b54fd76f510VgnVCM2000002a0c10acRCRD",
                                    "referring_component": "16f079a6-page-prom-refc-4bfb03e240e9",
                                    "clicked_item_url": "https://www.mako.co.il/mako-vod-keshet/eretz_nehederet-s15/VOD-14c29dbe1288361006.htm"
                                },
                                "pics": [
                                    {
                                        "picUrl": "https://img.mako.co.il/2018/05/23/eretz_nederet15_22_VOD_i.jpg",
                                        "altText": "פרק 22"
                                    }
                                ],
                                "aIL": true,
                                "aINT": false
                            },
                            {
                                "componentLayout": "vod",
                                "channelId": "6ca45b54fd76f510VgnVCM2000002a0c10acRCRD",
                                "itemVcmId": "7aec528a860b3610VgnVCM2000002a0c10acRCRD",
                                "galleryChannelId": "7aec528a860b3610VgnVCM2000002a0c10acRCRD",
                                "title": "ישראל מתייבשת",
                                "extraInfo": "פרק 24@30.05.18",
                                "pageUrl": "/mako-vod-keshet/eretz_nehederet-s15/VOD-7aec528a860b361006.htm",
                                "domoClick": {
                                    "content_type": "vod",
                                    "channel_depth": -1,
                                    "clicked_item_id": "7aec528a860b3610VgnVCM2000002a0c10acRCRD",
                                    "click_type": "link",
                                    "clicked_channel_id": "6ca45b54fd76f510VgnVCM2000002a0c10acRCRD",
                                    "referring_component": "16f079a6-page-prom-refc-4bfb03e240e9",
                                    "clicked_item_url": "https://www.mako.co.il/mako-vod-keshet/eretz_nehederet-s15/VOD-7aec528a860b361006.htm"
                                },
                                "pics": [
                                    {
                                        "picUrl": "https://img.mako.co.il/2018/05/30/eretz15_23_VOD_i.jpg",
                                        "altText": "פרק 23"
                                    }
                                ],
                                "aIL": true,
                                "aINT": false
                            },
                            {
                                "componentLayout": "vod",
                                "channelId": "6ca45b54fd76f510VgnVCM2000002a0c10acRCRD",
                                "itemVcmId": "9ca296539c8f3610VgnVCM2000002a0c10acRCRD",
                                "galleryChannelId": "9ca296539c8f3610VgnVCM2000002a0c10acRCRD",
                                "title": "תכנית סיום העונה",
                                "extraInfo": "פרק 25@13.06.18",
                                "pageUrl": "/mako-vod-keshet/eretz_nehederet-s15/VOD-9ca296539c8f361006.htm",
                                "domoClick": {
                                    "content_type": "vod",
                                    "channel_depth": -1,
                                    "clicked_item_id": "9ca296539c8f3610VgnVCM2000002a0c10acRCRD",
                                    "click_type": "link",
                                    "clicked_channel_id": "6ca45b54fd76f510VgnVCM2000002a0c10acRCRD",
                                    "referring_component": "16f079a6-page-prom-refc-4bfb03e240e9",
                                    "clicked_item_url": "https://www.mako.co.il/mako-vod-keshet/eretz_nehederet-s15/VOD-9ca296539c8f361006.htm"
                                },
                                "pics": [
                                    {
                                        "picUrl": "https://img.mako.co.il/2018/06/13/eretz_nederet15_24_syom_VOD_i.jpg",
                                        "altText": "פרק 24"
                                    }
                                ],
                                "aIL": true,
                                "aINT": false
                            },
                            {
                                "componentLayout": "vod",
                                "channelId": "6ca45b54fd76f510VgnVCM2000002a0c10acRCRD",
                                "itemVcmId": "844a308d08af4610VgnVCM2000002a0c10acRCRD",
                                "galleryChannelId": "844a308d08af4610VgnVCM2000002a0c10acRCRD",
                                "title": "פגוש את הטורטלים - חלק א'",
                                "extraInfo": "פרק 26@02.08.18",
                                "pageUrl": "/mako-vod-keshet/eretz_nehederet-s15/VOD-844a308d08af461006.htm",
                                "domoClick": {
                                    "content_type": "vod",
                                    "channel_depth": -1,
                                    "clicked_item_id": "844a308d08af4610VgnVCM2000002a0c10acRCRD",
                                    "click_type": "link",
                                    "clicked_channel_id": "6ca45b54fd76f510VgnVCM2000002a0c10acRCRD",
                                    "referring_component": "16f079a6-page-prom-refc-4bfb03e240e9",
                                    "clicked_item_url": "https://www.mako.co.il/mako-vod-keshet/eretz_nehederet-s15/VOD-844a308d08af461006.htm"
                                },
                                "pics": [
                                    {
                                        "picUrl": "https://img.mako.co.il/2018/08/02/tortelim_i.jpg",
                                        "altText": "פגוש את הטורטלים"
                                    }
                                ],
                                "aIL": true,
                                "aINT": false
                            },
                            {
                                "componentLayout": "vod",
                                "channelId": "6ca45b54fd76f510VgnVCM2000002a0c10acRCRD",
                                "itemVcmId": "0861b0c770e15610VgnVCM2000002a0c10acRCRD",
                                "galleryChannelId": "0861b0c770e15610VgnVCM2000002a0c10acRCRD",
                                "title": "פגוש את הטורטלים - חלק ב'",
                                "extraInfo": "פרק 27@09.08.18",
                                "pageUrl": "/mako-vod-keshet/eretz_nehederet-s15/VOD-0861b0c770e1561006.htm",
                                "domoClick": {
                                    "content_type": "vod",
                                    "channel_depth": -1,
                                    "clicked_item_id": "0861b0c770e15610VgnVCM2000002a0c10acRCRD",
                                    "click_type": "link",
                                    "clicked_channel_id": "6ca45b54fd76f510VgnVCM2000002a0c10acRCRD",
                                    "referring_component": "16f079a6-page-prom-refc-4bfb03e240e9",
                                    "clicked_item_url": "https://www.mako.co.il/mako-vod-keshet/eretz_nehederet-s15/VOD-0861b0c770e1561006.htm"
                                },
                                "pics": [
                                    {
                                        "picUrl": "https://img.mako.co.il/2018/08/09/part-2_i.jpg",
                                        "altText": "פגוש את הטורטלים חק ב"
                                    }
                                ],
                                "aIL": true,
                                "aINT": false
                            }
                        ]
                    },
                    {
                        "buttonText": "קטעים קצרים",
                        "id": "shorts",
                        "vcmid": "b35f67394aef6810VgnVCM100000700a10acRCRD",
                        "channelId": "b35f67394aef6810VgnVCM100000700a10acRCRD",
                        "makoRefComp": "Shorts",
                        "pageUrl": "/mako-vod-keshet/eretz_nehederet-s15/shorts",
                        "domoClick": {
                            "content_type": "channel",
                            "channel_depth": -1,
                            "clicked_item_id": "b35f67394aef6810VgnVCM100000700a10acRCRD",
                            "click_type": "link",
                            "clicked_channel_id": "b35f67394aef6810VgnVCM100000700a10acRCRD",
                            "referring_component": "9ced3b0e-page-navi-refc-eb3fe7b8e0de",
                            "clicked_item_url": "https://www.mako.co.il/mako-vod-keshet/eretz_nehederet-s15/shorts"
                        },
                        "open": false
                    },
                    {
                        "buttonText": "קרדיטים",
                        "id": "credits",
                        "vcmid": "Credits",
                        "channelId": "6ca45b54fd76f510VgnVCM2000002a0c10acRCRD",
                        "makoRefComp": "Credits",
                        "pageUrl": "/mako-vod-keshet/eretz_nehederet-s22?type=credits",
                        "domoClick": {
                            "content_type": "fabricated",
                            "clicked_item_id": "a7a32f51-cred-its--id-e-0491fe30f859",
                            "click_type": "link",
                            "clicked_channel_id": "bc6a5d06d46f2910VgnVCM200000650a10acRCRD",
                            "referring_component": "9ced3b0e-page-navi-refc-eb3fe7b8e0de",
                            "clicked_item_url": "https://www.mako.co.il/mako-vod-keshet/eretz_nehederet-s22?type=credits"
                        },
                        "credits": [
                            {
                                "value": "איל קיציס",
                                "key": "host",
                                "text": "מנחה:"
                            },
                            {
                                "value": "איל קיציס, אלי פיניש, עלמה זק, מריאנו אידלמן, ליאת הר לב, ערן זרחוביץ', יובל סמו, רועי בר נתן, ירון ברלד, שני כהן, תום יער, תמיר בר, אמיר שורוש, אורי לייזרוביץ', ליאור אשכנזי, גיה באר גורביץ', יניב ביטון, אסי כהן",
                                "key": "participance",
                                "text": "משתתפים:"
                            },
                            {
                                "value": "מולי שגב | כותבים: אסף שלמון, דוד ליפשיץ, אסף גפן, איתי רייכר, אילן שפלר, שרון טייכר, עומר ריבק, דור",
                                "key": "mainEditor",
                                "text": "עורך ראשי:"
                            },
                            {
                                "value": "שירי מיכאלי",
                                "key": "producer",
                                "text": "מפיק:"
                            },
                            {
                                "value": "קשת",
                                "key": "productionCompany",
                                "text": "חברת הפקה:"
                            }
                        ]
                    }
                ],
                "historyObject": {
                    "title": "משפחת נתניהו המורחבת מגיעה",
                    "programId": "5cf467a604643210VgnVCM2000002a0c10acRCRD",
                    "pageUrl": "/mako-vod-keshet/eretz_nehederet-s15/VOD-e8facf8b1f77f51006.htm",
                    "domoClick": {
                        "content_type": "vod",
                        "channel_depth": 3,
                        "clicked_item_id": "e8facf8b1f77f510VgnVCM2000002a0c10acRCRD",
                        "click_type": "link",
                        "clicked_channel_id": "6ca45b54fd76f510VgnVCM2000002a0c10acRCRD",
                        "referring_component": "ERROR_NO_REFERRER",
                        "clicked_item_url": "https://www.mako.co.il/mako-vod-keshet/eretz_nehederet-s15/VOD-e8facf8b1f77f51006.htm"
                    },
                    "picUrl": "https://img.mako.co.il/2017/11/01/eretz15_01_VOD_i.jpg",
                    "hero": {
                        "title": "ארץ נהדרת",
                        "extraInfo": "עונה 15@פרק 1@01.11.17",
                        "picUrl": "https://img.mako.co.il/2021/07/15/eretz_15_HD_re.jpg",
                        "logo": "https://img.mako.co.il/2022/06/21/logo_eretz.png",
                        "subtitle": "משפחת נתניהו המורחבת מגיעה",
                        "description": "אירוע פתיחת העונה"
                    },
                    "buttonText": "להמשך צפייה בעונה 15 פרק 1",
                    "sch": "6ca45b54fd76f510",
                    "seasonUrl": "/mako-vod-keshet/eretz_nehederet-s15"
                }
            }
        },
        "__N_SSP": true
    },
    "page": "/[mako_vod_channel]/[program]",
    "query": {
        "mako_vod_channel": "mako-vod-keshet",
        "program": "eretz_nehederet-s15"
    },
    "buildId": "5.15.0",
    "assetPrefix": "/mako-vod",
    "isFallback": false,
    "gssp": true,
    "customServer": true,
    "scriptLoader": []
}