{
    "props": {
        "pageProps": {
            "menu": {
                "lastUpdate": "Mon, 11 Nov 2024 23:08:58 +0200",
                "timestamp": 1731359338369,
                "header": {
                    "guid": "00b23f399647c710VgnVCM200000650a10acRCRD",
                    "categories": [
                        {
                            "name": "ראשי",
                            "icon": "https://img.mako.co.il/2021/10/10/home.png",
                            "url": "/mako-vod",
                            "domoClick": {
                                "content_type": "channel",
                                "channel_depth": 1,
                                "teaser_id": "a27a2dcbacf4c710VgnVCM200000650a10acRCRD",
                                "clicked_item_id": "b5f4c13070733210VgnVCM2000002a0c10acRCRD",
                                "click_type": "link",
                                "clicked_item_url": "https://www.mako.co.il/mako-vod",
                                "clicked_channel_id": "b5f4c13070733210VgnVCM2000002a0c10acRCRD",
                                "referring_component": "8eb76bc8-glob-navi-refc-2ad659ccef22"
                            }
                        },
                        {
                            "name": "LIVE",
                            "icon": "https://img.mako.co.il/2021/10/10/live.png",
                            "url": "/mako-vod-live-tv/VOD-6540b8dcb64fd31006.htm",
                            "domoClick": {
                                "content_type": "vod",
                                "channel_depth": 1,
                                "teaser_id": "a66819cdc7a6c710VgnVCM100000700a10acRCRD",
                                "clicked_item_id": "6540b8dcb64fd310VgnVCM2000002a0c10acRCRD",
                                "click_type": "link",
                                "clicked_item_url": "https://www.mako.co.il/mako-vod-live-tv/VOD-6540b8dcb64fd31006.htm",
                                "clicked_channel_id": "5d28d21b4580e310VgnVCM2000002a0c10acRCRD",
                                "referring_component": "8eb76bc8-glob-navi-refc-2ad659ccef22"
                            }
                        },
                        {
                            "name": "תוכניות",
                            "icon": "https://img.mako.co.il/2021/10/10/index.png",
                            "url": "/mako-vod-index",
                            "domoClick": {
                                "content_type": "channel",
                                "channel_depth": 2,
                                "teaser_id": "3e8819cdc7a6c710VgnVCM100000700a10acRCRD",
                                "clicked_item_id": "05c2e4caebbe3210VgnVCM100000290c10acRCRD",
                                "click_type": "link",
                                "clicked_item_url": "https://www.mako.co.il/mako-vod-index",
                                "clicked_channel_id": "05c2e4caebbe3210VgnVCM100000290c10acRCRD",
                                "referring_component": "8eb76bc8-glob-navi-refc-2ad659ccef22"
                            }
                        }
                    ]
                },
                "footer": {
                    "guid": "bc533f399647c710VgnVCM200000650a10acRCRD",
                    "categories": [
                        {
                            "name": "אודות +12",
                            "url": "https://makospecial.co.il/about-12plus?makoOpenChromeTabs=1?partner=12plusFooterLinks",
                            "domoClick": {
                                "content_type": "unknown",
                                "channel_depth": -1,
                                "teaser_id": "6b2a6503efec9810VgnVCM200000650a10acRCRD",
                                "clicked_item_id": "unknown",
                                "click_type": "link",
                                "clicked_item_url": "https://makospecial.co.il/about-12plus?makoOpenChromeTabs=1?partner=12plusFooterLinks",
                                "clicked_channel_id": "unknown",
                                "referring_component": "2d2c13d6-glob-foot-refc-de190b394505"
                            }
                        },
                        {
                            "name": "עזרה",
                            "url": "https://www.mako.co.il/mako-vod-help",
                            "domoClick": {
                                "content_type": "channel",
                                "channel_depth": 2,
                                "teaser_id": "1a0e40b549a6c710VgnVCM100000700a10acRCRD",
                                "clicked_item_id": "f13ad9f49196e710VgnVCM200000650a10acRCRD",
                                "click_type": "link",
                                "clicked_item_url": "https://www.mako.co.il/mako-vod-help",
                                "clicked_channel_id": "f13ad9f49196e710VgnVCM200000650a10acRCRD",
                                "referring_component": "2d2c13d6-glob-foot-refc-de190b394505"
                            }
                        },
                        {
                            "name": "לפנייה במייל",
                            "url": "mail",
                            "domoClick": {
                                "content_type": "channel",
                                "channel_depth": 0,
                                "teaser_id": "f4ca40b549a6c710VgnVCM100000700a10acRCRD",
                                "clicked_item_id": "3d385dd2dd5d4110VgnVCM100000290c10acRCRD",
                                "click_type": "link",
                                "clicked_item_url": "https://www.mako.co.ilmail",
                                "clicked_channel_id": "3d385dd2dd5d4110VgnVCM100000290c10acRCRD",
                                "referring_component": "2d2c13d6-glob-foot-refc-de190b394505"
                            }
                        },
                        {
                            "name": "לפנייה ב whatsapp",
                            "url": "https://wa.me/972502010818",
                            "domoClick": {
                                "content_type": "unknown",
                                "channel_depth": -1,
                                "teaser_id": "27c4464ed643c810VgnVCM100000700a10acRCRD",
                                "clicked_item_id": "unknown",
                                "click_type": "link",
                                "clicked_item_url": "https://wa.me/972502010818",
                                "clicked_channel_id": "unknown",
                                "referring_component": "2d2c13d6-glob-foot-refc-de190b394505"
                            }
                        },
                        {
                            "name": "תקנון",
                            "url": "https://www.mako.co.il/mako-vod-help/Article-dd0b75e6b096e71026.htm?partner=12plusFooterLinks",
                            "domoClick": {
                                "content_type": "Article",
                                "channel_depth": 2,
                                "teaser_id": "757f40b549a6c710VgnVCM100000700a10acRCRD",
                                "clicked_item_id": "dd0b75e6b096e710VgnVCM200000650a10acRCRD",
                                "click_type": "link",
                                "clicked_item_url": "https://www.mako.co.il/mako-vod-help/Article-dd0b75e6b096e71026.htm?partner=12plusFooterLinks",
                                "clicked_channel_id": "f13ad9f49196e710VgnVCM200000650a10acRCRD",
                                "referring_component": "2d2c13d6-glob-foot-refc-de190b394505"
                            }
                        },
                        {
                            "name": "הסדרי נגישות",
                            "url": "https://www.mako.co.il/help-5bb6bf4ccf39c110/Article-b7ff18a9de86471026.htm?partner=12plusFooterLinks",
                            "domoClick": {
                                "content_type": "Article",
                                "channel_depth": 2,
                                "teaser_id": "23f4495772220810VgnVCM200000650a10acRCRD",
                                "clicked_item_id": "b7ff18a9de864710VgnVCM200000650a10acRCRD",
                                "click_type": "link",
                                "clicked_item_url": "https://www.mako.co.il/help-5bb6bf4ccf39c110/Article-b7ff18a9de86471026.htm?partner=12plusFooterLinks",
                                "clicked_channel_id": "5bb6bf4ccf39c110VgnVCM100000290c10acRCRD",
                                "referring_component": "2d2c13d6-glob-foot-refc-de190b394505"
                            }
                        },
                        {
                            "name": "מדיניות פרטיות ותנאי שימוש",
                            "url": "https://www.mako.co.il/help-terms-of-use/Article-d37908dd1674c11006.htm?partner=12plusFooterLinks",
                            "domoClick": {
                                "content_type": "Article",
                                "channel_depth": 2,
                                "teaser_id": "e5c040b549a6c710VgnVCM100000700a10acRCRD",
                                "clicked_item_id": "d37908dd1674c110VgnVCM2000002a0c10acRCRD",
                                "click_type": "link",
                                "clicked_item_url": "https://www.mako.co.il/help-terms-of-use/Article-d37908dd1674c11006.htm?partner=12plusFooterLinks",
                                "clicked_channel_id": "345705dfcebcb110VgnVCM2000002a0c10acRCRD",
                                "referring_component": "2d2c13d6-glob-foot-refc-de190b394505"
                            }
                        }
                    ]
                }
            },
            "logos": {
                "lastUpdate": "Mon, 11 Nov 2024 23:08:58 +0200",
                "timestamp": 1731359338354,
                "headerLogo": {
                    "guid": "9dabeac4fa6cc710VgnVCM200000650a10acRCRD",
                    "desktopLogo": "https://img.mako.co.il/2024/10/10/logo-12-desktop.png",
                    "mobileWebLogo": "https://img.mako.co.il/2024/10/10/LOGO_12_mobile.png",
                    "mobileAppLogo": "https://img.mako.co.il/2024/10/09/LOGO_12__mobileApp.png",
                    "smartTVLogo": "https://img.mako.co.il/2021/10/28/Logo_12+_smartTV.png"
                }
            },
            "data": {
                "lastUpdate": "Sun, 10 Nov 2024 07:32:10 +0200",
                "timestamp": 1731216730397,
                "pageType": "Subvertical",
                "channelId": "943afc01ace08610VgnVCM2000002a0c10acRCRD",
                "sch": "943afc01ace08610",
                "channelName": "עונה 16",
                "pageUrl": "/mako-vod-keshet/eretz_nehederet-s-16",
                "domoPageView": {
                    "content_type": "channel",
                    "page_url": "https://www.mako.co.il/mako-vod-keshet/eretz_nehederet-s-16",
                    "channel_depth": 3,
                    "item_id": "943afc01ace08610VgnVCM2000002a0c10acRCRD",
                    "channel_id": "943afc01ace08610VgnVCM2000002a0c10acRCRD",
                    "is_blocked_content": {
                        "israel": 0,
                        "international": 0
                    }
                },
                "preload": true,
                "makoCatDFP": {
                    "cust_params": {
                        "location_sub_campaign": "%LOCATION_SUB_CAMPAIGN%",
                        "payinguser": "%IS_PAYING_USER%",
                        "video_from_time": "%VIDEO_FROM_TIME%",
                        "bundleId": "%PRODUCT_BUNDLE_ID%",
                        "pushTags": "%PUSH_TAGS%",
                        "language": "%LANGUAGE%",
                        "locale": "%LOCALE%",
                        "deviceid": "%DEVICE_ID%",
                        "version": "%VERSION%",
                        "devicetype": "%DEVICE_TYPE%",
                        "MAKOPAGE": "%GUID%",
                        "advertiserId": "%ADVERTISER_ID%",
                        "carrier": "%CARRIER%",
                        "LEVEL4": "vod_eretz",
                        "osVersion": "%OS_VERSION%",
                        "LEVEL5": "s16",
                        "paidContent": "%IS_PAID_CONTENT%",
                        "appid": "%APP_ID%",
                        "makoHN": "%HOUSE_NUMBERS%",
                        "random_number": "%RANDOM_NUMBER%",
                        "osType": "%OS_TYPE%",
                        "deviceModel": "%DEVICE_MODEL%",
                        "pushTrigger": "%PUSH_TRIGGER%"
                    },
                    "iu": "/242748299/mako/vod/vod_keshet/"
                },
                "seo": {
                    "title": "ארץ נהדרת, עונה 16 - לצפייה ישירה",
                    "description": "ארץ נהדרת עונה 16 לצפייה ישירה. בחירות סבב א' ו-ב' – ביבי נגד גנץ. סתיו ראול אושיית רשת, הפינה של סמיון, ולירד ולארד מכינים את ת\"א לאירוויזיון ",
                    "type": "tv_show",
                    "image": "https://img.mako.co.il/2021/03/25/eretz_yaniv_HD_Size2_autoOrient_i.jpg",
                    "canonical": "https://www.mako.co.il/mako-vod-keshet/eretz_nehederet-s-16",
                    "schema": {
                        "@context": "https://schema.org",
                        "@type": "TVSeason",
                        "name": "עונה 16",
                        "description": "בחירות סבב א' ו-ב' – ביבי נגד גנץ. סתיו ראול אושיית רשת, הפינה של סמיון, ולירד ולארד מכינים את ת\"א לאירוויזיון ",
                        "image": "https://img.mako.co.il/2021/03/25/eretz_yaniv_HD_Size2_autoOrient_i.jpg",
                        "numberOfEpisodes": 21,
                        "url": "https://www.mako.co.il/mako-vod-keshet/eretz_nehederet-s-16",
                        "partOfTVSeries": {
                            "@type": "TVSeries",
                            "name": "ארץ נהדרת",
                            "url": "https://www.mako.co.il/mako-vod-keshet/eretz_nehederet"
                        },
                        "genre": [
                            "בידור",
                            "קומדיה"
                        ],
                        "director": [
                            {
                                "@type": "Person",
                                "name": "רועי פלורנטין"
                            },
                            {
                                "@type": "Person",
                                "name": "ירון שילון"
                            },
                            {
                                "@type": "Person",
                                "name": "אמיר אוקרייניץ"
                            }
                        ],
                        "provider": {
                            "@type": "Organization",
                            "name": "תכניות קשת"
                        },
                        "publisher": {
                            "@type": "NewsMediaOrganization",
                            "name": "שידורי קשת"
                        },
                        "sameAs": [
                            "https://www.mako.co.il/tv-erez-nehederet/cc0e3d99ade16110"
                        ]
                    }
                },
                "vod": {
                    "channelId": "943afc01ace08610VgnVCM2000002a0c10acRCRD",
                    "itemVcmId": "c27277a6b0658610VgnVCM2000002a0c10acRCRD",
                    "galleryChannelId": "c27277a6b0658610VgnVCM2000002a0c10acRCRD",
                    "programId": "5cf467a604643210VgnVCM2000002a0c10acRCRD",
                    "mostCurrent": false,
                    "domoPlay": {
                        "content_type": "vod",
                        "channel_depth": 3,
                        "item_id": "c27277a6b0658610VgnVCM2000002a0c10acRCRD",
                        "channel_id": "943afc01ace08610VgnVCM2000002a0c10acRCRD"
                    },
                    "pageUrl": "/mako-vod-keshet/eretz_nehederet-s-16/VOD-c27277a6b065861006.htm",
                    "domoClick": {
                        "content_type": "vod",
                        "channel_depth": -1,
                        "clicked_item_id": "c27277a6b0658610VgnVCM2000002a0c10acRCRD",
                        "click_type": "link",
                        "clicked_item_url": "https://www.mako.co.il/mako-vod-keshet/eretz_nehederet-s-16/VOD-c27277a6b065861006.htm",
                        "clicked_channel_id": "943afc01ace08610VgnVCM2000002a0c10acRCRD",
                        "referring_component": "080b8750-hero-41d9-refc-e6bfe67f099c"
                    },
                    "aIL": true,
                    "aINT": true,
                    "iPromoType": "Program"
                },
                "hero": {
                    "extraInfo": "23 עונות",
                    "itemVcmId": "a4c39787b4e99710VgnVCM100000700a10acRCRD",
                    "channelId": "943afc01ace08610VgnVCM2000002a0c10acRCRD",
                    "logo": "https://img.mako.co.il/2022/06/21/logo_eretz.png",
                    "logoAltText": "לוגו ארץ נהדרת 2016",
                    "description": "בחירות סבב א' ו-ב' – ביבי נגד גנץ. סתיו ראול אושיית רשת, הפינה של סמיון, ולירד ולארד מכינים את ת\"א לאירוויזיון ",
                    "pics": [
                        {
                            "picUrl": "https://img.mako.co.il/2021/07/15/eretz_16_2_HD_re.jpg",
                            "altText": "ארץ נהדרת עונה 16 - ז'אנר, HD, WOW, מובייל, כרטיס אשראי"
                        },
                        {
                            "picUrl": "https://img.mako.co.il/2021/07/15/eretz_16_HD_re.jpg",
                            "altText": "ארץ נהדרת עונה 16 - קיציס לבד - HD"
                        }
                    ],
                    "mobilePics": [
                        {
                            "picUrl": "https://img.mako.co.il/2021/08/22/eretz_16_miri_e.jpg",
                            "altText": "ארץ נהדרת עונה 16 - ז'אנר, HD, WOW, מובייל, כרטיס אשראי"
                        },
                        {
                            "picUrl": "https://img.mako.co.il/2021/08/22/eretz_hazan_13_e.jpg",
                            "altText": "ארץ נהדרת - אורן חזן - ז'אנר, כרטיס אשראי, מובייל"
                        }
                    ],
                    "buttonText": "עונה 16 פרק 1",
                    "makoRefComp": "Specific_Episode"
                },
                "seasons": [
                    {
                        "current": false,
                        "seasonTitle": "עונה 1",
                        "pageUrl": "/mako-vod-keshet/eretz_nehederet-s1",
                        "domoClick": {
                            "content_type": "channel",
                            "channel_depth": -1,
                            "clicked_item_id": "bae667a604643210VgnVCM2000002a0c10acRCRD",
                            "click_type": "link",
                            "clicked_item_url": "https://www.mako.co.il/mako-vod-keshet/eretz_nehederet-s1",
                            "clicked_channel_id": "bae667a604643210VgnVCM2000002a0c10acRCRD",
                            "referring_component": "9ced3b0e-page-navi-refc-eb3fe7b8e0de"
                        }
                    },
                    {
                        "current": false,
                        "seasonTitle": "עונה 2",
                        "pageUrl": "/mako-vod-keshet/eretz_nehederet-s2",
                        "domoClick": {
                            "content_type": "channel",
                            "channel_depth": -1,
                            "clicked_item_id": "3d9af64d35643210VgnVCM2000002a0c10acRCRD",
                            "click_type": "link",
                            "clicked_item_url": "https://www.mako.co.il/mako-vod-keshet/eretz_nehederet-s2",
                            "clicked_channel_id": "3d9af64d35643210VgnVCM2000002a0c10acRCRD",
                            "referring_component": "9ced3b0e-page-navi-refc-eb3fe7b8e0de"
                        }
                    },
                    {
                        "current": false,
                        "seasonTitle": "עונה 3",
                        "pageUrl": "/mako-vod-keshet/eretz_nehederet-s3",
                        "domoClick": {
                            "content_type": "channel",
                            "channel_depth": -1,
                            "clicked_item_id": "43cef64d35643210VgnVCM2000002a0c10acRCRD",
                            "click_type": "link",
                            "clicked_item_url": "https://www.mako.co.il/mako-vod-keshet/eretz_nehederet-s3",
                            "clicked_channel_id": "43cef64d35643210VgnVCM2000002a0c10acRCRD",
                            "referring_component": "9ced3b0e-page-navi-refc-eb3fe7b8e0de"
                        }
                    },
                    {
                        "current": false,
                        "seasonTitle": "עונה 4",
                        "pageUrl": "/mako-vod-keshet/eretz_nehederet-s4",
                        "domoClick": {
                            "content_type": "channel",
                            "channel_depth": -1,
                            "clicked_item_id": "d251f64d35643210VgnVCM2000002a0c10acRCRD",
                            "click_type": "link",
                            "clicked_item_url": "https://www.mako.co.il/mako-vod-keshet/eretz_nehederet-s4",
                            "clicked_channel_id": "d251f64d35643210VgnVCM2000002a0c10acRCRD",
                            "referring_component": "9ced3b0e-page-navi-refc-eb3fe7b8e0de"
                        }
                    },
                    {
                        "current": false,
                        "seasonTitle": "עונה 5",
                        "pageUrl": "/mako-vod-keshet/eretz_nehederet-s5",
                        "domoClick": {
                            "content_type": "channel",
                            "channel_depth": -1,
                            "clicked_item_id": "7a03f64d35643210VgnVCM2000002a0c10acRCRD",
                            "click_type": "link",
                            "clicked_item_url": "https://www.mako.co.il/mako-vod-keshet/eretz_nehederet-s5",
                            "clicked_channel_id": "7a03f64d35643210VgnVCM2000002a0c10acRCRD",
                            "referring_component": "9ced3b0e-page-navi-refc-eb3fe7b8e0de"
                        }
                    },
                    {
                        "current": false,
                        "seasonTitle": "עונה 6",
                        "pageUrl": "/mako-vod-keshet/eretz_nehederet-s6",
                        "domoClick": {
                            "content_type": "channel",
                            "channel_depth": -1,
                            "clicked_item_id": "1144f64d35643210VgnVCM2000002a0c10acRCRD",
                            "click_type": "link",
                            "clicked_item_url": "https://www.mako.co.il/mako-vod-keshet/eretz_nehederet-s6",
                            "clicked_channel_id": "1144f64d35643210VgnVCM2000002a0c10acRCRD",
                            "referring_component": "9ced3b0e-page-navi-refc-eb3fe7b8e0de"
                        }
                    },
                    {
                        "current": false,
                        "seasonTitle": "עונה 7",
                        "pageUrl": "/mako-vod-keshet/eretz_nehederet-s7",
                        "domoClick": {
                            "content_type": "channel",
                            "channel_depth": -1,
                            "clicked_item_id": "d0990484ddef5210VgnVCM2000002a0c10acRCRD",
                            "click_type": "link",
                            "clicked_item_url": "https://www.mako.co.il/mako-vod-keshet/eretz_nehederet-s7",
                            "clicked_channel_id": "d0990484ddef5210VgnVCM2000002a0c10acRCRD",
                            "referring_component": "9ced3b0e-page-navi-refc-eb3fe7b8e0de"
                        }
                    },
                    {
                        "current": false,
                        "seasonTitle": "עונה 8",
                        "pageUrl": "/mako-vod-keshet/eretz_nehederet-s8",
                        "domoClick": {
                            "content_type": "channel",
                            "channel_depth": -1,
                            "clicked_item_id": "d839b3585edfc210VgnVCM2000002a0c10acRCRD",
                            "click_type": "link",
                            "clicked_item_url": "https://www.mako.co.il/mako-vod-keshet/eretz_nehederet-s8",
                            "clicked_channel_id": "d839b3585edfc210VgnVCM2000002a0c10acRCRD",
                            "referring_component": "9ced3b0e-page-navi-refc-eb3fe7b8e0de"
                        }
                    },
                    {
                        "current": false,
                        "seasonTitle": "עונה 9",
                        "pageUrl": "/mako-vod-keshet/eretz_nehederet-s9",
                        "domoClick": {
                            "content_type": "channel",
                            "channel_depth": -1,
                            "clicked_item_id": "2c9f87e7250f4310VgnVCM2000002a0c10acRCRD",
                            "click_type": "link",
                            "clicked_item_url": "https://www.mako.co.il/mako-vod-keshet/eretz_nehederet-s9",
                            "clicked_channel_id": "2c9f87e7250f4310VgnVCM2000002a0c10acRCRD",
                            "referring_component": "9ced3b0e-page-navi-refc-eb3fe7b8e0de"
                        }
                    },
                    {
                        "current": false,
                        "seasonTitle": "עונה 10",
                        "pageUrl": "/mako-vod-keshet/eretz_nehederet-s10",
                        "domoClick": {
                            "content_type": "channel",
                            "channel_depth": -1,
                            "clicked_item_id": "fa4d7c38f47cb310VgnVCM2000002a0c10acRCRD",
                            "click_type": "link",
                            "clicked_item_url": "https://www.mako.co.il/mako-vod-keshet/eretz_nehederet-s10",
                            "clicked_channel_id": "fa4d7c38f47cb310VgnVCM2000002a0c10acRCRD",
                            "referring_component": "9ced3b0e-page-navi-refc-eb3fe7b8e0de"
                        }
                    },
                    {
                        "current": false,
                        "seasonTitle": "עונה 11",
                        "pageUrl": "/mako-vod-keshet/eretz_nehederet-s11",
                        "domoClick": {
                            "content_type": "channel",
                            "channel_depth": -1,
                            "clicked_item_id": "5adfa33919243410VgnVCM2000002a0c10acRCRD",
                            "click_type": "link",
                            "clicked_item_url": "https://www.mako.co.il/mako-vod-keshet/eretz_nehederet-s11",
                            "clicked_channel_id": "5adfa33919243410VgnVCM2000002a0c10acRCRD",
                            "referring_component": "9ced3b0e-page-navi-refc-eb3fe7b8e0de"
                        }
                    },
                    {
                        "current": false,
                        "seasonTitle": "עונה 12",
                        "pageUrl": "/mako-vod-keshet/eretz_nehederet-s12",
                        "domoClick": {
                            "content_type": "channel",
                            "channel_depth": -1,
                            "clicked_item_id": "de317051b0cfa410VgnVCM2000002a0c10acRCRD",
                            "click_type": "link",
                            "clicked_item_url": "https://www.mako.co.il/mako-vod-keshet/eretz_nehederet-s12",
                            "clicked_channel_id": "de317051b0cfa410VgnVCM2000002a0c10acRCRD",
                            "referring_component": "9ced3b0e-page-navi-refc-eb3fe7b8e0de"
                        }
                    },
                    {
                        "current": false,
                        "seasonTitle": "עונה 13",
                        "pageUrl": "/mako-vod-keshet/eretz_nehederet-s13",
                        "domoClick": {
                            "content_type": "channel",
                            "channel_depth": -1,
                            "clicked_item_id": "d1417e27b9382510VgnVCM2000002a0c10acRCRD",
                            "click_type": "link",
                            "clicked_item_url": "https://www.mako.co.il/mako-vod-keshet/eretz_nehederet-s13",
                            "clicked_channel_id": "d1417e27b9382510VgnVCM2000002a0c10acRCRD",
                            "referring_component": "9ced3b0e-page-navi-refc-eb3fe7b8e0de"
                        }
                    },
                    {
                        "current": false,
                        "seasonTitle": "עונה 14",
                        "pageUrl": "/mako-vod-keshet/eretz_nehederet-s14",
                        "domoClick": {
                            "content_type": "channel",
                            "channel_depth": -1,
                            "clicked_item_id": "00cb73568955a510VgnVCM2000002a0c10acRCRD",
                            "click_type": "link",
                            "clicked_item_url": "https://www.mako.co.il/mako-vod-keshet/eretz_nehederet-s14",
                            "clicked_channel_id": "00cb73568955a510VgnVCM2000002a0c10acRCRD",
                            "referring_component": "9ced3b0e-page-navi-refc-eb3fe7b8e0de"
                        }
                    },
                    {
                        "current": false,
                        "seasonTitle": "עונה 15",
                        "pageUrl": "/mako-vod-keshet/eretz_nehederet-s15",
                        "domoClick": {
                            "content_type": "channel",
                            "channel_depth": -1,
                            "clicked_item_id": "6ca45b54fd76f510VgnVCM2000002a0c10acRCRD",
                            "click_type": "link",
                            "clicked_item_url": "https://www.mako.co.il/mako-vod-keshet/eretz_nehederet-s15",
                            "clicked_channel_id": "6ca45b54fd76f510VgnVCM2000002a0c10acRCRD",
                            "referring_component": "9ced3b0e-page-navi-refc-eb3fe7b8e0de"
                        }
                    },
                    {
                        "current": true,
                        "seasonTitle": "עונה 16",
                        "pageUrl": "/mako-vod-keshet/eretz_nehederet-s-16",
                        "domoClick": {
                            "content_type": "channel",
                            "channel_depth": -1,
                            "clicked_item_id": "943afc01ace08610VgnVCM2000002a0c10acRCRD",
                            "click_type": "link",
                            "clicked_item_url": "https://www.mako.co.il/mako-vod-keshet/eretz_nehederet-s-16",
                            "clicked_channel_id": "943afc01ace08610VgnVCM2000002a0c10acRCRD",
                            "referring_component": "9ced3b0e-page-navi-refc-eb3fe7b8e0de"
                        }
                    },
                    {
                        "current": false,
                        "seasonTitle": "עונה 17",
                        "pageUrl": "/mako-vod-keshet/eretz_nehederet-s17",
                        "domoClick": {
                            "content_type": "channel",
                            "channel_depth": -1,
                            "clicked_item_id": "19cc03b59965f610VgnVCM200000650a10acRCRD",
                            "click_type": "link",
                            "clicked_item_url": "https://www.mako.co.il/mako-vod-keshet/eretz_nehederet-s17",
                            "clicked_channel_id": "19cc03b59965f610VgnVCM200000650a10acRCRD",
                            "referring_component": "9ced3b0e-page-navi-refc-eb3fe7b8e0de"
                        }
                    },
                    {
                        "current": false,
                        "seasonTitle": "עוד כותרות",
                        "pageUrl": "/mako-vod-keshet/eretz_nehederet-more_headlines",
                        "domoClick": {
                            "content_type": "channel",
                            "channel_depth": -1,
                            "clicked_item_id": "42d5b1b0749b3710VgnVCM100000700a10acRCRD",
                            "click_type": "link",
                            "clicked_item_url": "https://www.mako.co.il/mako-vod-keshet/eretz_nehederet-more_headlines",
                            "clicked_channel_id": "42d5b1b0749b3710VgnVCM100000700a10acRCRD",
                            "referring_component": "9ced3b0e-page-navi-refc-eb3fe7b8e0de"
                        }
                    },
                    {
                        "current": false,
                        "seasonTitle": "עונה 18",
                        "pageUrl": "/mako-vod-keshet/eretz_nehederet-s18",
                        "domoClick": {
                            "content_type": "channel",
                            "channel_depth": -1,
                            "clicked_item_id": "17d1ef997de86710VgnVCM100000700a10acRCRD",
                            "click_type": "link",
                            "clicked_item_url": "https://www.mako.co.il/mako-vod-keshet/eretz_nehederet-s18",
                            "clicked_channel_id": "17d1ef997de86710VgnVCM100000700a10acRCRD",
                            "referring_component": "9ced3b0e-page-navi-refc-eb3fe7b8e0de"
                        }
                    },
                    {
                        "current": false,
                        "seasonTitle": "עונה 19",
                        "pageUrl": "/mako-vod-keshet/eretz_nehederet-s19",
                        "domoClick": {
                            "content_type": "channel",
                            "channel_depth": -1,
                            "clicked_item_id": "d371563eb8bec710VgnVCM200000650a10acRCRD",
                            "click_type": "link",
                            "clicked_item_url": "https://www.mako.co.il/mako-vod-keshet/eretz_nehederet-s19",
                            "clicked_channel_id": "d371563eb8bec710VgnVCM200000650a10acRCRD",
                            "referring_component": "9ced3b0e-page-navi-refc-eb3fe7b8e0de"
                        }
                    },
                    {
                        "current": false,
                        "seasonTitle": "עונה 20",
                        "pageUrl": "/mako-vod-keshet/eretz_nehederet-s20",
                        "domoClick": {
                            "content_type": "channel",
                            "channel_depth": -1,
                            "clicked_item_id": "20bf32f4a0a53810VgnVCM100000700a10acRCRD",
                            "click_type": "link",
                            "clicked_item_url": "https://www.mako.co.il/mako-vod-keshet/eretz_nehederet-s20",
                            "clicked_channel_id": "20bf32f4a0a53810VgnVCM100000700a10acRCRD",
                            "referring_component": "9ced3b0e-page-navi-refc-eb3fe7b8e0de"
                        }
                    },
                    {
                        "current": false,
                        "seasonTitle": "עונה 21",
                        "pageUrl": "/mako-vod-keshet/eretz_nehederet-s21",
                        "domoClick": {
                            "content_type": "channel",
                            "channel_depth": -1,
                            "clicked_item_id": "b5ae2a8ecab7b810VgnVCM100000700a10acRCRD",
                            "click_type": "link",
                            "clicked_item_url": "https://www.mako.co.il/mako-vod-keshet/eretz_nehederet-s21",
                            "clicked_channel_id": "b5ae2a8ecab7b810VgnVCM100000700a10acRCRD",
                            "referring_component": "9ced3b0e-page-navi-refc-eb3fe7b8e0de"
                        }
                    },
                    {
                        "current": false,
                        "seasonTitle": "עונה 22",
                        "pageUrl": "/mako-vod-keshet/eretz_nehederet-s22",
                        "domoClick": {
                            "content_type": "channel",
                            "channel_depth": -1,
                            "clicked_item_id": "bc6a5d06d46f2910VgnVCM200000650a10acRCRD",
                            "click_type": "link",
                            "clicked_item_url": "https://www.mako.co.il/mako-vod-keshet/eretz_nehederet-s22",
                            "clicked_channel_id": "bc6a5d06d46f2910VgnVCM200000650a10acRCRD",
                            "referring_component": "9ced3b0e-page-navi-refc-eb3fe7b8e0de"
                        }
                    }
                ],
                "menu": [
                    {
                        "buttonText": "פרקים",
                        "id": "allEpisodes",
                        "vcmid": "943afc01ace08610VgnVCM2000002a0c10acRCRD",
                        "channelId": "943afc01ace08610VgnVCM2000002a0c10acRCRD",
                        "makoRefComp": "All_Episodes",
                        "pageUrl": "/mako-vod-keshet/eretz_nehederet-s-16",
                        "domoClick": {
                            "content_type": "channel",
                            "channel_depth": -1,
                            "clicked_item_id": "943afc01ace08610VgnVCM2000002a0c10acRCRD",
                            "click_type": "link",
                            "clicked_item_url": "https://www.mako.co.il/mako-vod-keshet/eretz_nehederet-s-16",
                            "clicked_channel_id": "943afc01ace08610VgnVCM2000002a0c10acRCRD",
                            "referring_component": "9ced3b0e-page-navi-refc-eb3fe7b8e0de"
                        },
                        "open": true,
                        "vods": [
                            {
                                "componentLayout": "vod",
                                "channelId": "943afc01ace08610VgnVCM2000002a0c10acRCRD",
                                "itemVcmId": "c27277a6b0658610VgnVCM2000002a0c10acRCRD",
                                "galleryChannelId": "c27277a6b0658610VgnVCM2000002a0c10acRCRD",
                                "title": "מזניקים את בחירות 2019",
                                "pageUrl": "/mako-vod-keshet/eretz_nehederet-s-16/VOD-c27277a6b065861006.htm",
                                "domoClick": {
                                    "content_type": "vod",
                                    "channel_depth": -1,
                                    "clicked_item_id": "c27277a6b0658610VgnVCM2000002a0c10acRCRD",
                                    "click_type": "link",
                                    "clicked_item_url": "https://www.mako.co.il/mako-vod-keshet/eretz_nehederet-s-16/VOD-c27277a6b065861006.htm",
                                    "clicked_channel_id": "943afc01ace08610VgnVCM2000002a0c10acRCRD",
                                    "referring_component": "16f079a6-page-prom-refc-4bfb03e240e9"
                                },
                                "pics": [
                                    {
                                        "picUrl": "https://img.mako.co.il/2020/01/08/erez01_i.jpg",
                                        "altText": "וילון ארץ נהדרת עונה 17"
                                    }
                                ],
                                "extraInfo": "פרק 1@16.01.19",
                                "aIL": true,
                                "aINT": true
                            },
                            {
                                "componentLayout": "vod",
                                "channelId": "943afc01ace08610VgnVCM2000002a0c10acRCRD",
                                "itemVcmId": "ed01fe1d5da78610VgnVCM2000002a0c10acRCRD",
                                "galleryChannelId": "ed01fe1d5da78610VgnVCM2000002a0c10acRCRD",
                                "title": "תחקיר המלונות הגדול",
                                "pageUrl": "/mako-vod-keshet/eretz_nehederet-s-16/VOD-ed01fe1d5da7861006.htm",
                                "domoClick": {
                                    "content_type": "vod",
                                    "channel_depth": -1,
                                    "clicked_item_id": "ed01fe1d5da78610VgnVCM2000002a0c10acRCRD",
                                    "click_type": "link",
                                    "clicked_item_url": "https://www.mako.co.il/mako-vod-keshet/eretz_nehederet-s-16/VOD-ed01fe1d5da7861006.htm",
                                    "clicked_channel_id": "943afc01ace08610VgnVCM2000002a0c10acRCRD",
                                    "referring_component": "16f079a6-page-prom-refc-4bfb03e240e9"
                                },
                                "pics": [
                                    {
                                        "picUrl": "https://img.mako.co.il/2019/01/23/eretz_nehederet16_02_VOD_ghnbv0000_i.jpg",
                                        "altText": "פרק- 2"
                                    }
                                ],
                                "extraInfo": "פרק 2@23.01.19",
                                "aIL": true,
                                "aINT": false
                            },
                            {
                                "componentLayout": "vod",
                                "channelId": "943afc01ace08610VgnVCM2000002a0c10acRCRD",
                                "itemVcmId": "070e653b59e98610VgnVCM2000002a0c10acRCRD",
                                "galleryChannelId": "070e653b59e98610VgnVCM2000002a0c10acRCRD",
                                "title": "הרכבת מגיעה, אולי",
                                "pageUrl": "/mako-vod-keshet/eretz_nehederet-s-16/VOD-070e653b59e9861006.htm",
                                "domoClick": {
                                    "content_type": "vod",
                                    "channel_depth": -1,
                                    "clicked_item_id": "070e653b59e98610VgnVCM2000002a0c10acRCRD",
                                    "click_type": "link",
                                    "clicked_item_url": "https://www.mako.co.il/mako-vod-keshet/eretz_nehederet-s-16/VOD-070e653b59e9861006.htm",
                                    "clicked_channel_id": "943afc01ace08610VgnVCM2000002a0c10acRCRD",
                                    "referring_component": "16f079a6-page-prom-refc-4bfb03e240e9"
                                },
                                "pics": [
                                    {
                                        "picUrl": "https://img.mako.co.il/2019/01/30/eretz_nehederet_300119_VOD_fix_i.jpg",
                                        "altText": "פרק - 3"
                                    }
                                ],
                                "extraInfo": "פרק 3@30.01.19",
                                "aIL": true,
                                "aINT": false
                            },
                            {
                                "componentLayout": "vod",
                                "channelId": "943afc01ace08610VgnVCM2000002a0c10acRCRD",
                                "itemVcmId": "f086765f981c8610VgnVCM2000002a0c10acRCRD",
                                "galleryChannelId": "f086765f981c8610VgnVCM2000002a0c10acRCRD",
                                "title": "בחירות בליכוד",
                                "pageUrl": "/mako-vod-keshet/eretz_nehederet-s-16/VOD-f086765f981c861006.htm",
                                "domoClick": {
                                    "content_type": "vod",
                                    "channel_depth": -1,
                                    "clicked_item_id": "f086765f981c8610VgnVCM2000002a0c10acRCRD",
                                    "click_type": "link",
                                    "clicked_item_url": "https://www.mako.co.il/mako-vod-keshet/eretz_nehederet-s-16/VOD-f086765f981c861006.htm",
                                    "clicked_channel_id": "943afc01ace08610VgnVCM2000002a0c10acRCRD",
                                    "referring_component": "16f079a6-page-prom-refc-4bfb03e240e9"
                                },
                                "pics": [
                                    {
                                        "picUrl": "https://img.mako.co.il/2019/02/06/eretz16_04_VOD_i.jpg",
                                        "altText": "פרק 4"
                                    }
                                ],
                                "extraInfo": "פרק 4@06.02.19",
                                "aIL": true,
                                "aINT": false
                            },
                            {
                                "componentLayout": "vod",
                                "channelId": "943afc01ace08610VgnVCM2000002a0c10acRCRD",
                                "itemVcmId": "73441781e2a09610VgnVCM2000002a0c10acRCRD",
                                "galleryChannelId": "73441781e2a09610VgnVCM2000002a0c10acRCRD",
                                "title": "רגע האמת מגיע",
                                "pageUrl": "/mako-vod-keshet/eretz_nehederet-s-16/VOD-73441781e2a0961006.htm",
                                "domoClick": {
                                    "content_type": "vod",
                                    "channel_depth": -1,
                                    "clicked_item_id": "73441781e2a09610VgnVCM2000002a0c10acRCRD",
                                    "click_type": "link",
                                    "clicked_item_url": "https://www.mako.co.il/mako-vod-keshet/eretz_nehederet-s-16/VOD-73441781e2a0961006.htm",
                                    "clicked_channel_id": "943afc01ace08610VgnVCM2000002a0c10acRCRD",
                                    "referring_component": "16f079a6-page-prom-refc-4bfb03e240e9"
                                },
                                "pics": [
                                    {
                                        "picUrl": "https://img.mako.co.il/2019/02/21/eretz16_05_VOD_pic_i.jpg",
                                        "altText": "פרק 5"
                                    }
                                ],
                                "extraInfo": "פרק 5@20.02.19",
                                "aIL": true,
                                "aINT": false
                            },
                            {
                                "componentLayout": "vod",
                                "channelId": "943afc01ace08610VgnVCM2000002a0c10acRCRD",
                                "itemVcmId": "c55a395943e29610VgnVCM2000002a0c10acRCRD",
                                "galleryChannelId": "c55a395943e29610VgnVCM2000002a0c10acRCRD",
                                "title": "מהדורה מהירח",
                                "pageUrl": "/mako-vod-keshet/eretz_nehederet-s-16/VOD-c55a395943e2961006.htm",
                                "domoClick": {
                                    "content_type": "vod",
                                    "channel_depth": -1,
                                    "clicked_item_id": "c55a395943e29610VgnVCM2000002a0c10acRCRD",
                                    "click_type": "link",
                                    "clicked_item_url": "https://www.mako.co.il/mako-vod-keshet/eretz_nehederet-s-16/VOD-c55a395943e2961006.htm",
                                    "clicked_channel_id": "943afc01ace08610VgnVCM2000002a0c10acRCRD",
                                    "referring_component": "16f079a6-page-prom-refc-4bfb03e240e9"
                                },
                                "pics": [
                                    {
                                        "picUrl": "https://img.mako.co.il/2019/02/27/Eretz_Nehederet16_06_VOD_i.jpg",
                                        "altText": "פרק 6"
                                    }
                                ],
                                "extraInfo": "פרק 6@27.02.19",
                                "aIL": true,
                                "aINT": false
                            },
                            {
                                "componentLayout": "vod",
                                "channelId": "943afc01ace08610VgnVCM2000002a0c10acRCRD",
                                "itemVcmId": "a633339d46259610VgnVCM2000002a0c10acRCRD",
                                "galleryChannelId": "a633339d46259610VgnVCM2000002a0c10acRCRD",
                                "title": "חגיגות יום האישה",
                                "pageUrl": "/mako-vod-keshet/eretz_nehederet-s-16/VOD-a633339d4625961006.htm",
                                "domoClick": {
                                    "content_type": "vod",
                                    "channel_depth": -1,
                                    "clicked_item_id": "a633339d46259610VgnVCM2000002a0c10acRCRD",
                                    "click_type": "link",
                                    "clicked_item_url": "https://www.mako.co.il/mako-vod-keshet/eretz_nehederet-s-16/VOD-a633339d4625961006.htm",
                                    "clicked_channel_id": "943afc01ace08610VgnVCM2000002a0c10acRCRD",
                                    "referring_component": "16f079a6-page-prom-refc-4bfb03e240e9"
                                },
                                "pics": [
                                    {
                                        "picUrl": "https://img.mako.co.il/2019/03/06/eretz16_07_VOD_i.jpg",
                                        "altText": "פרק 7"
                                    }
                                ],
                                "extraInfo": "פרק 7@06.03.19",
                                "aIL": true,
                                "aINT": false
                            },
                            {
                                "componentLayout": "vod",
                                "channelId": "943afc01ace08610VgnVCM2000002a0c10acRCRD",
                                "itemVcmId": "73070246b0779610VgnVCM2000002a0c10acRCRD",
                                "galleryChannelId": "73070246b0779610VgnVCM2000002a0c10acRCRD",
                                "title": "ספיישל ריאליטי",
                                "pageUrl": "/mako-vod-keshet/eretz_nehederet-s-16/VOD-73070246b077961006.htm",
                                "domoClick": {
                                    "content_type": "vod",
                                    "channel_depth": -1,
                                    "clicked_item_id": "73070246b0779610VgnVCM2000002a0c10acRCRD",
                                    "click_type": "link",
                                    "clicked_item_url": "https://www.mako.co.il/mako-vod-keshet/eretz_nehederet-s-16/VOD-73070246b077961006.htm",
                                    "clicked_channel_id": "943afc01ace08610VgnVCM2000002a0c10acRCRD",
                                    "referring_component": "16f079a6-page-prom-refc-4bfb03e240e9"
                                },
                                "pics": [
                                    {
                                        "picUrl": "https://img.mako.co.il/2019/03/13/eretz16_8_VOD_i.jpg",
                                        "altText": "פרק 8"
                                    }
                                ],
                                "extraInfo": "פרק 8@13.03.19",
                                "aIL": true,
                                "aINT": false
                            },
                            {
                                "componentLayout": "vod",
                                "channelId": "943afc01ace08610VgnVCM2000002a0c10acRCRD",
                                "itemVcmId": "eb9c0da52ba99610VgnVCM2000002a0c10acRCRD",
                                "galleryChannelId": "eb9c0da52ba99610VgnVCM2000002a0c10acRCRD",
                                "title": "ספיישל פורים",
                                "pageUrl": "/mako-vod-keshet/eretz_nehederet-s-16/VOD-eb9c0da52ba9961006.htm",
                                "domoClick": {
                                    "content_type": "vod",
                                    "channel_depth": -1,
                                    "clicked_item_id": "eb9c0da52ba99610VgnVCM2000002a0c10acRCRD",
                                    "click_type": "link",
                                    "clicked_item_url": "https://www.mako.co.il/mako-vod-keshet/eretz_nehederet-s-16/VOD-eb9c0da52ba9961006.htm",
                                    "clicked_channel_id": "943afc01ace08610VgnVCM2000002a0c10acRCRD",
                                    "referring_component": "16f079a6-page-prom-refc-4bfb03e240e9"
                                },
                                "pics": [
                                    {
                                        "picUrl": "https://img.mako.co.il/2019/03/20/eretz16_09_VOD_i.jpg",
                                        "altText": "פרק 9"
                                    }
                                ],
                                "extraInfo": "פרק 9@20.03.19",
                                "aIL": true,
                                "aINT": false
                            },
                            {
                                "componentLayout": "vod",
                                "channelId": "943afc01ace08610VgnVCM2000002a0c10acRCRD",
                                "itemVcmId": "3cf0c479f8eb9610VgnVCM2000002a0c10acRCRD",
                                "galleryChannelId": "3cf0c479f8eb9610VgnVCM2000002a0c10acRCRD",
                                "title": "מהדורה טיל",
                                "pageUrl": "/mako-vod-keshet/eretz_nehederet-s-16/VOD-3cf0c479f8eb961006.htm",
                                "domoClick": {
                                    "content_type": "vod",
                                    "channel_depth": -1,
                                    "clicked_item_id": "3cf0c479f8eb9610VgnVCM2000002a0c10acRCRD",
                                    "click_type": "link",
                                    "clicked_item_url": "https://www.mako.co.il/mako-vod-keshet/eretz_nehederet-s-16/VOD-3cf0c479f8eb961006.htm",
                                    "clicked_channel_id": "943afc01ace08610VgnVCM2000002a0c10acRCRD",
                                    "referring_component": "16f079a6-page-prom-refc-4bfb03e240e9"
                                },
                                "pics": [
                                    {
                                        "picUrl": "https://img.mako.co.il/2019/03/28/eretz16_10_VOD_fix_i.jpg",
                                        "altText": "פרק 10"
                                    }
                                ],
                                "extraInfo": "פרק 10@27.03.19",
                                "aIL": true,
                                "aINT": false
                            },
                            {
                                "componentLayout": "ad",
                                "index": 1,
                                "iu": "242748299/mako/vod/vod_keshet/JAMBO1_970",
                                "sizes": "{[[970, 90]]}",
                                "mobileIu": "242748299/mako/vod/vod_keshet/MOBILE_MONSTER1_300x250",
                                "mobileSizes": "{['fluid', [300, 250]]}"
                            },
                            {
                                "componentLayout": "vod",
                                "channelId": "943afc01ace08610VgnVCM2000002a0c10acRCRD",
                                "itemVcmId": "9af99860212e9610VgnVCM2000002a0c10acRCRD",
                                "galleryChannelId": "9af99860212e9610VgnVCM2000002a0c10acRCRD",
                                "title": "העימות",
                                "pageUrl": "/mako-vod-keshet/eretz_nehederet-s-16/VOD-9af99860212e961006.htm",
                                "domoClick": {
                                    "content_type": "vod",
                                    "channel_depth": -1,
                                    "clicked_item_id": "9af99860212e9610VgnVCM2000002a0c10acRCRD",
                                    "click_type": "link",
                                    "clicked_item_url": "https://www.mako.co.il/mako-vod-keshet/eretz_nehederet-s-16/VOD-9af99860212e961006.htm",
                                    "clicked_channel_id": "943afc01ace08610VgnVCM2000002a0c10acRCRD",
                                    "referring_component": "16f079a6-page-prom-refc-4bfb03e240e9"
                                },
                                "pics": [
                                    {
                                        "picUrl": "https://img.mako.co.il/2019/04/08/eretz16_11_VOD_fix_i.jpg",
                                        "altText": "פרק 11"
                                    }
                                ],
                                "extraInfo": "פרק 11@03.04.19",
                                "aIL": true,
                                "aINT": false
                            },
                            {
                                "componentLayout": "vod",
                                "channelId": "943afc01ace08610VgnVCM2000002a0c10acRCRD",
                                "itemVcmId": "a63f32e1ff40a610VgnVCM2000002a0c10acRCRD",
                                "galleryChannelId": "a63f32e1ff40a610VgnVCM2000002a0c10acRCRD",
                                "title": "ספיישל בחירות",
                                "pageUrl": "/mako-vod-keshet/eretz_nehederet-s-16/VOD-a63f32e1ff40a61006.htm",
                                "domoClick": {
                                    "content_type": "vod",
                                    "channel_depth": -1,
                                    "clicked_item_id": "a63f32e1ff40a610VgnVCM2000002a0c10acRCRD",
                                    "click_type": "link",
                                    "clicked_item_url": "https://www.mako.co.il/mako-vod-keshet/eretz_nehederet-s-16/VOD-a63f32e1ff40a61006.htm",
                                    "clicked_channel_id": "943afc01ace08610VgnVCM2000002a0c10acRCRD",
                                    "referring_component": "16f079a6-page-prom-refc-4bfb03e240e9"
                                },
                                "pics": [
                                    {
                                        "picUrl": "https://img.mako.co.il/2019/04/10/eretz16_12_VOD_fix_i.jpg",
                                        "altText": "פרק 12"
                                    }
                                ],
                                "extraInfo": "פרק 12@10.04.19",
                                "aIL": true,
                                "aINT": false
                            },
                            {
                                "componentLayout": "vod",
                                "channelId": "943afc01ace08610VgnVCM2000002a0c10acRCRD",
                                "itemVcmId": "34bb8b3c8852a610VgnVCM2000002a0c10acRCRD",
                                "galleryChannelId": "34bb8b3c8852a610VgnVCM2000002a0c10acRCRD",
                                "title": "ספיישל פסח",
                                "pageUrl": "/mako-vod-keshet/eretz_nehederet-s-16/VOD-34bb8b3c8852a61006.htm",
                                "domoClick": {
                                    "content_type": "vod",
                                    "channel_depth": -1,
                                    "clicked_item_id": "34bb8b3c8852a610VgnVCM2000002a0c10acRCRD",
                                    "click_type": "link",
                                    "clicked_item_url": "https://www.mako.co.il/mako-vod-keshet/eretz_nehederet-s-16/VOD-34bb8b3c8852a61006.htm",
                                    "clicked_channel_id": "943afc01ace08610VgnVCM2000002a0c10acRCRD",
                                    "referring_component": "16f079a6-page-prom-refc-4bfb03e240e9"
                                },
                                "pics": [
                                    {
                                        "picUrl": "https://img.mako.co.il/2019/04/16/eretz16_13_VOD_i.jpg",
                                        "altText": "פרק 13"
                                    }
                                ],
                                "extraInfo": "פרק 13@16.04.19",
                                "aIL": true,
                                "aINT": false
                            },
                            {
                                "componentLayout": "vod",
                                "channelId": "943afc01ace08610VgnVCM2000002a0c10acRCRD",
                                "itemVcmId": "9cf8d2bbd439a610VgnVCM100000700a10acRCRD",
                                "galleryChannelId": "9cf8d2bbd439a610VgnVCM100000700a10acRCRD",
                                "title": "ספיישל יום העצמאות",
                                "pageUrl": "/mako-vod-keshet/eretz_nehederet-s-16/VOD-9cf8d2bbd439a61027.htm",
                                "domoClick": {
                                    "content_type": "vod",
                                    "channel_depth": -1,
                                    "clicked_item_id": "9cf8d2bbd439a610VgnVCM100000700a10acRCRD",
                                    "click_type": "link",
                                    "clicked_item_url": "https://www.mako.co.il/mako-vod-keshet/eretz_nehederet-s-16/VOD-9cf8d2bbd439a61027.htm",
                                    "clicked_channel_id": "943afc01ace08610VgnVCM2000002a0c10acRCRD",
                                    "referring_component": "16f079a6-page-prom-refc-4bfb03e240e9"
                                },
                                "pics": [
                                    {
                                        "picUrl": "https://img.mako.co.il/2019/05/17/eretz16_14_VOD_FIX_i.jpg",
                                        "altText": "פרק 14"
                                    }
                                ],
                                "extraInfo": "פרק 14@09.05.19",
                                "aIL": true,
                                "aINT": false
                            },
                            {
                                "componentLayout": "vod",
                                "channelId": "943afc01ace08610VgnVCM2000002a0c10acRCRD",
                                "itemVcmId": "aa5e72516d9da610VgnVCM100000700a10acRCRD",
                                "galleryChannelId": "aa5e72516d9da610VgnVCM100000700a10acRCRD",
                                "title": "ספיישל ישראוויזיון",
                                "pageUrl": "/mako-vod-keshet/eretz_nehederet-s-16/VOD-aa5e72516d9da61027.htm",
                                "domoClick": {
                                    "content_type": "vod",
                                    "channel_depth": -1,
                                    "clicked_item_id": "aa5e72516d9da610VgnVCM100000700a10acRCRD",
                                    "click_type": "link",
                                    "clicked_item_url": "https://www.mako.co.il/mako-vod-keshet/eretz_nehederet-s-16/VOD-aa5e72516d9da61027.htm",
                                    "clicked_channel_id": "943afc01ace08610VgnVCM2000002a0c10acRCRD",
                                    "referring_component": "16f079a6-page-prom-refc-4bfb03e240e9"
                                },
                                "pics": [
                                    {
                                        "picUrl": "https://img.mako.co.il/2019/05/21/eretz16_15_VOD_i.jpg",
                                        "altText": "פרק 15"
                                    }
                                ],
                                "extraInfo": "פרק 15@21.05.19",
                                "aIL": true,
                                "aINT": false
                            },
                            {
                                "componentLayout": "vod",
                                "channelId": "943afc01ace08610VgnVCM2000002a0c10acRCRD",
                                "itemVcmId": "6ad598be2c20b610VgnVCM100000700a10acRCRD",
                                "galleryChannelId": "6ad598be2c20b610VgnVCM100000700a10acRCRD",
                                "title": "קואליציה ממבט ראשון",
                                "pageUrl": "/mako-vod-keshet/eretz_nehederet-s-16/VOD-6ad598be2c20b61027.htm",
                                "domoClick": {
                                    "content_type": "vod",
                                    "channel_depth": -1,
                                    "clicked_item_id": "6ad598be2c20b610VgnVCM100000700a10acRCRD",
                                    "click_type": "link",
                                    "clicked_item_url": "https://www.mako.co.il/mako-vod-keshet/eretz_nehederet-s-16/VOD-6ad598be2c20b61027.htm",
                                    "clicked_channel_id": "943afc01ace08610VgnVCM2000002a0c10acRCRD",
                                    "referring_component": "16f079a6-page-prom-refc-4bfb03e240e9"
                                },
                                "pics": [
                                    {
                                        "picUrl": "https://img.mako.co.il/2019/05/30/eretz16_16_VOD_i.jpg",
                                        "altText": "פרק 16"
                                    }
                                ],
                                "extraInfo": "פרק 16@29.05.19",
                                "aIL": true,
                                "aINT": false
                            },
                            {
                                "componentLayout": "vod",
                                "channelId": "943afc01ace08610VgnVCM2000002a0c10acRCRD",
                                "itemVcmId": "3f0e0e0f3372b610VgnVCM200000650a10acRCRD",
                                "galleryChannelId": "3f0e0e0f3372b610VgnVCM200000650a10acRCRD",
                                "title": "בחירות: מועד ב' ",
                                "pageUrl": "/mako-vod-keshet/eretz_nehederet-s-16/VOD-3f0e0e0f3372b61026.htm",
                                "domoClick": {
                                    "content_type": "vod",
                                    "channel_depth": -1,
                                    "clicked_item_id": "3f0e0e0f3372b610VgnVCM200000650a10acRCRD",
                                    "click_type": "link",
                                    "clicked_item_url": "https://www.mako.co.il/mako-vod-keshet/eretz_nehederet-s-16/VOD-3f0e0e0f3372b61026.htm",
                                    "clicked_channel_id": "943afc01ace08610VgnVCM2000002a0c10acRCRD",
                                    "referring_component": "16f079a6-page-prom-refc-4bfb03e240e9"
                                },
                                "pics": [
                                    {
                                        "picUrl": "https://img.mako.co.il/2019/06/05/eretz16_17_VOD_pic_i.jpg",
                                        "altText": "פרק 17"
                                    }
                                ],
                                "extraInfo": "פרק 17@05.06.19",
                                "aIL": true,
                                "aINT": false
                            },
                            {
                                "componentLayout": "vod",
                                "channelId": "943afc01ace08610VgnVCM2000002a0c10acRCRD",
                                "itemVcmId": "1caa15ef166fc610VgnVCM100000700a10acRCRD",
                                "galleryChannelId": "1caa15ef166fc610VgnVCM100000700a10acRCRD",
                                "title": "ארץ נהדרת פותחת עונה",
                                "pageUrl": "/mako-vod-keshet/eretz_nehederet-s-16/VOD-1caa15ef166fc61027.htm",
                                "domoClick": {
                                    "content_type": "vod",
                                    "channel_depth": -1,
                                    "clicked_item_id": "1caa15ef166fc610VgnVCM100000700a10acRCRD",
                                    "click_type": "link",
                                    "clicked_item_url": "https://www.mako.co.il/mako-vod-keshet/eretz_nehederet-s-16/VOD-1caa15ef166fc61027.htm",
                                    "clicked_channel_id": "943afc01ace08610VgnVCM2000002a0c10acRCRD",
                                    "referring_component": "16f079a6-page-prom-refc-4bfb03e240e9"
                                },
                                "pics": [
                                    {
                                        "picUrl": "https://img.mako.co.il/2019/09/03/erezt_nehederet16_18_VOd_i.jpg",
                                        "altText": "פרק 18"
                                    }
                                ],
                                "extraInfo": "פרק 18@03.09.19",
                                "aIL": true,
                                "aINT": false
                            },
                            {
                                "componentLayout": "vod",
                                "channelId": "943afc01ace08610VgnVCM2000002a0c10acRCRD",
                                "itemVcmId": "5c8b9bf265a1d610VgnVCM100000700a10acRCRD",
                                "galleryChannelId": "5c8b9bf265a1d610VgnVCM100000700a10acRCRD",
                                "title": "משתה הבחירות הגדול",
                                "pageUrl": "/mako-vod-keshet/eretz_nehederet-s-16/VOD-5c8b9bf265a1d61027.htm",
                                "domoClick": {
                                    "content_type": "vod",
                                    "channel_depth": -1,
                                    "clicked_item_id": "5c8b9bf265a1d610VgnVCM100000700a10acRCRD",
                                    "click_type": "link",
                                    "clicked_item_url": "https://www.mako.co.il/mako-vod-keshet/eretz_nehederet-s-16/VOD-5c8b9bf265a1d61027.htm",
                                    "clicked_channel_id": "943afc01ace08610VgnVCM2000002a0c10acRCRD",
                                    "referring_component": "16f079a6-page-prom-refc-4bfb03e240e9"
                                },
                                "pics": [
                                    {
                                        "picUrl": "https://img.mako.co.il/2019/09/10/eretz_nehederet16_19_VOD_i.jpg",
                                        "altText": "פרק 19"
                                    }
                                ],
                                "extraInfo": "פרק 19@10.09.19",
                                "aIL": true,
                                "aINT": false
                            },
                            {
                                "componentLayout": "vod",
                                "channelId": "943afc01ace08610VgnVCM2000002a0c10acRCRD",
                                "itemVcmId": "7a4d68dcb004d610VgnVCM200000650a10acRCRD",
                                "galleryChannelId": "7a4d68dcb004d610VgnVCM200000650a10acRCRD",
                                "title": "ישראל שוב בוחרת ",
                                "pageUrl": "/mako-vod-keshet/eretz_nehederet-s-16/VOD-7a4d68dcb004d61026.htm",
                                "domoClick": {
                                    "content_type": "vod",
                                    "channel_depth": -1,
                                    "clicked_item_id": "7a4d68dcb004d610VgnVCM200000650a10acRCRD",
                                    "click_type": "link",
                                    "clicked_item_url": "https://www.mako.co.il/mako-vod-keshet/eretz_nehederet-s-16/VOD-7a4d68dcb004d61026.htm",
                                    "clicked_channel_id": "943afc01ace08610VgnVCM2000002a0c10acRCRD",
                                    "referring_component": "16f079a6-page-prom-refc-4bfb03e240e9"
                                },
                                "pics": [
                                    {
                                        "picUrl": "https://img.mako.co.il/2019/09/17/eretz16_20_VOD_i.jpg",
                                        "altText": "פרק 20"
                                    }
                                ],
                                "extraInfo": "פרק 20@17.09.19",
                                "aIL": true,
                                "aINT": false
                            },
                            {
                                "componentLayout": "vod",
                                "channelId": "943afc01ace08610VgnVCM2000002a0c10acRCRD",
                                "itemVcmId": "17ede2fc58d5d610VgnVCM100000700a10acRCRD",
                                "galleryChannelId": "17ede2fc58d5d610VgnVCM100000700a10acRCRD",
                                "title": "ספיישל ראש השנה",
                                "pageUrl": "/mako-vod-keshet/eretz_nehederet-s-16/VOD-17ede2fc58d5d61027.htm",
                                "domoClick": {
                                    "content_type": "vod",
                                    "channel_depth": -1,
                                    "clicked_item_id": "17ede2fc58d5d610VgnVCM100000700a10acRCRD",
                                    "click_type": "link",
                                    "clicked_item_url": "https://www.mako.co.il/mako-vod-keshet/eretz_nehederet-s-16/VOD-17ede2fc58d5d61027.htm",
                                    "clicked_channel_id": "943afc01ace08610VgnVCM2000002a0c10acRCRD",
                                    "referring_component": "16f079a6-page-prom-refc-4bfb03e240e9"
                                },
                                "pics": [
                                    {
                                        "picUrl": "https://img.mako.co.il/2019/09/24/eretz_nehederet16_21_VOD_i.jpg",
                                        "altText": "פרק 21"
                                    }
                                ],
                                "extraInfo": "פרק 21@24.09.19",
                                "aIL": true,
                                "aINT": false
                            }
                        ]
                    },
                    {
                        "buttonText": "קטעים קצרים",
                        "id": "shorts",
                        "vcmid": "3eeb2cacfaef6810VgnVCM100000700a10acRCRD",
                        "channelId": "3eeb2cacfaef6810VgnVCM100000700a10acRCRD",
                        "makoRefComp": "Shorts",
                        "pageUrl": "/mako-vod-keshet/eretz_nehederet-s-16/shorts",
                        "domoClick": {
                            "content_type": "channel",
                            "channel_depth": -1,
                            "clicked_item_id": "3eeb2cacfaef6810VgnVCM100000700a10acRCRD",
                            "click_type": "link",
                            "clicked_item_url": "https://www.mako.co.il/mako-vod-keshet/eretz_nehederet-s-16/shorts",
                            "clicked_channel_id": "3eeb2cacfaef6810VgnVCM100000700a10acRCRD",
                            "referring_component": "9ced3b0e-page-navi-refc-eb3fe7b8e0de"
                        },
                        "open": false
                    },
                    {
                        "buttonText": "קרדיטים",
                        "id": "credits",
                        "vcmid": "Credits",
                        "channelId": "943afc01ace08610VgnVCM2000002a0c10acRCRD",
                        "makoRefComp": "Credits",
                        "pageUrl": "/mako-vod-keshet/eretz_nehederet-s22?type=credits",
                        "domoClick": {
                            "content_type": "fabricated",
                            "clicked_item_id": "a7a32f51-cred-its--id-e-0491fe30f859",
                            "click_type": "link",
                            "clicked_item_url": "https://www.mako.co.il/mako-vod-keshet/eretz_nehederet-s22?type=credits",
                            "clicked_channel_id": "bc6a5d06d46f2910VgnVCM200000650a10acRCRD",
                            "referring_component": "9ced3b0e-page-navi-refc-eb3fe7b8e0de"
                        },
                        "credits": [
                            {
                                "value": "רועי פלורנטין, ירון שילון, אמיר אוקרייניץ",
                                "key": "director",
                                "text": "במאי:"
                            },
                            {
                                "value": "מולי שגב",
                                "key": "mainEditor",
                                "text": "עורך ראשי:"
                            },
                            {
                                "value": "שירי מיכאלי",
                                "key": "producer",
                                "text": "מפיק:"
                            }
                        ]
                    }
                ],
                "historyObject": {
                    "title": "מזניקים את בחירות 2019",
                    "programId": "5cf467a604643210VgnVCM2000002a0c10acRCRD",
                    "pageUrl": "/mako-vod-keshet/eretz_nehederet-s-16/VOD-c27277a6b065861006.htm",
                    "domoClick": {
                        "content_type": "vod",
                        "channel_depth": 3,
                        "clicked_item_id": "c27277a6b0658610VgnVCM2000002a0c10acRCRD",
                        "click_type": "link",
                        "clicked_item_url": "https://www.mako.co.il/mako-vod-keshet/eretz_nehederet-s-16/VOD-c27277a6b065861006.htm",
                        "clicked_channel_id": "943afc01ace08610VgnVCM2000002a0c10acRCRD",
                        "referring_component": "ERROR_NO_REFERRER"
                    },
                    "picUrl": "https://img.mako.co.il/2020/01/08/erez01_i.jpg",
                    "hero": {
                        "title": "ארץ נהדרת",
                        "extraInfo": "עונה 16@פרק 1@16.01.19",
                        "picUrl": "https://img.mako.co.il/2021/07/15/eretz_16_2_HD_re.jpg",
                        "logo": "https://img.mako.co.il/2022/06/21/logo_eretz.png",
                        "subtitle": "מזניקים את בחירות 2019",
                        "description": "ארץ נהדרת חוזרת בעונת בחירות"
                    },
                    "buttonText": "להמשך צפייה בעונה 16 פרק 1",
                    "sch": "943afc01ace08610",
                    "seasonUrl": "/mako-vod-keshet/eretz_nehederet-s-16"
                }
            }
        },
        "__N_SSP": true
    },
    "page": "/[mako_vod_channel]/[program]",
    "query": {
        "mako_vod_channel": "mako-vod-keshet",
        "program": "eretz_nehederet-s-16"
    },
    "buildId": "5.15.0",
    "assetPrefix": "/mako-vod",
    "isFallback": false,
    "gssp": true,
    "customServer": true,
    "scriptLoader": []
}