{
    "props": {
        "pageProps": {
            "menu": {
                "lastUpdate": "Mon, 11 Nov 2024 21:38:00 +0200",
                "timestamp": 1731353880797,
                "header": {
                    "guid": "00b23f399647c710VgnVCM200000650a10acRCRD",
                    "categories": [
                        {
                            "name": "ראשי",
                            "icon": "https://img.mako.co.il/2021/10/10/home.png",
                            "url": "/mako-vod",
                            "domoClick": {
                                "content_type": "channel",
                                "channel_depth": 1,
                                "teaser_id": "a27a2dcbacf4c710VgnVCM200000650a10acRCRD",
                                "clicked_item_id": "b5f4c13070733210VgnVCM2000002a0c10acRCRD",
                                "click_type": "link",
                                "clicked_channel_id": "b5f4c13070733210VgnVCM2000002a0c10acRCRD",
                                "referring_component": "8eb76bc8-glob-navi-refc-2ad659ccef22",
                                "clicked_item_url": "https://www.mako.co.il/mako-vod"
                            }
                        },
                        {
                            "name": "LIVE",
                            "icon": "https://img.mako.co.il/2021/10/10/live.png",
                            "url": "/mako-vod-live-tv/VOD-6540b8dcb64fd31006.htm",
                            "domoClick": {
                                "content_type": "vod",
                                "channel_depth": 1,
                                "teaser_id": "a66819cdc7a6c710VgnVCM100000700a10acRCRD",
                                "clicked_item_id": "6540b8dcb64fd310VgnVCM2000002a0c10acRCRD",
                                "click_type": "link",
                                "clicked_channel_id": "5d28d21b4580e310VgnVCM2000002a0c10acRCRD",
                                "referring_component": "8eb76bc8-glob-navi-refc-2ad659ccef22",
                                "clicked_item_url": "https://www.mako.co.il/mako-vod-live-tv/VOD-6540b8dcb64fd31006.htm"
                            }
                        },
                        {
                            "name": "תוכניות",
                            "icon": "https://img.mako.co.il/2021/10/10/index.png",
                            "url": "/mako-vod-index",
                            "domoClick": {
                                "content_type": "channel",
                                "channel_depth": 2,
                                "teaser_id": "3e8819cdc7a6c710VgnVCM100000700a10acRCRD",
                                "clicked_item_id": "05c2e4caebbe3210VgnVCM100000290c10acRCRD",
                                "click_type": "link",
                                "clicked_channel_id": "05c2e4caebbe3210VgnVCM100000290c10acRCRD",
                                "referring_component": "8eb76bc8-glob-navi-refc-2ad659ccef22",
                                "clicked_item_url": "https://www.mako.co.il/mako-vod-index"
                            }
                        }
                    ]
                },
                "footer": {
                    "guid": "bc533f399647c710VgnVCM200000650a10acRCRD",
                    "categories": [
                        {
                            "name": "אודות +12",
                            "url": "https://makospecial.co.il/about-12plus?makoOpenChromeTabs=1?partner=12plusFooterLinks",
                            "domoClick": {
                                "content_type": "unknown",
                                "channel_depth": -1,
                                "teaser_id": "6b2a6503efec9810VgnVCM200000650a10acRCRD",
                                "clicked_item_id": "unknown",
                                "click_type": "link",
                                "clicked_channel_id": "unknown",
                                "referring_component": "2d2c13d6-glob-foot-refc-de190b394505",
                                "clicked_item_url": "https://makospecial.co.il/about-12plus?makoOpenChromeTabs=1?partner=12plusFooterLinks"
                            }
                        },
                        {
                            "name": "עזרה",
                            "url": "https://www.mako.co.il/mako-vod-help",
                            "domoClick": {
                                "content_type": "channel",
                                "channel_depth": 2,
                                "teaser_id": "1a0e40b549a6c710VgnVCM100000700a10acRCRD",
                                "clicked_item_id": "f13ad9f49196e710VgnVCM200000650a10acRCRD",
                                "click_type": "link",
                                "clicked_channel_id": "f13ad9f49196e710VgnVCM200000650a10acRCRD",
                                "referring_component": "2d2c13d6-glob-foot-refc-de190b394505",
                                "clicked_item_url": "https://www.mako.co.il/mako-vod-help"
                            }
                        },
                        {
                            "name": "לפנייה במייל",
                            "url": "mail",
                            "domoClick": {
                                "content_type": "channel",
                                "channel_depth": 0,
                                "teaser_id": "f4ca40b549a6c710VgnVCM100000700a10acRCRD",
                                "clicked_item_id": "3d385dd2dd5d4110VgnVCM100000290c10acRCRD",
                                "click_type": "link",
                                "clicked_channel_id": "3d385dd2dd5d4110VgnVCM100000290c10acRCRD",
                                "referring_component": "2d2c13d6-glob-foot-refc-de190b394505",
                                "clicked_item_url": "https://www.mako.co.ilmail"
                            }
                        },
                        {
                            "name": "לפנייה ב whatsapp",
                            "url": "https://wa.me/972502010818",
                            "domoClick": {
                                "content_type": "unknown",
                                "channel_depth": -1,
                                "teaser_id": "27c4464ed643c810VgnVCM100000700a10acRCRD",
                                "clicked_item_id": "unknown",
                                "click_type": "link",
                                "clicked_channel_id": "unknown",
                                "referring_component": "2d2c13d6-glob-foot-refc-de190b394505",
                                "clicked_item_url": "https://wa.me/972502010818"
                            }
                        },
                        {
                            "name": "תקנון",
                            "url": "https://www.mako.co.il/mako-vod-help/Article-dd0b75e6b096e71026.htm?partner=12plusFooterLinks",
                            "domoClick": {
                                "content_type": "Article",
                                "channel_depth": 2,
                                "teaser_id": "757f40b549a6c710VgnVCM100000700a10acRCRD",
                                "clicked_item_id": "dd0b75e6b096e710VgnVCM200000650a10acRCRD",
                                "click_type": "link",
                                "clicked_channel_id": "f13ad9f49196e710VgnVCM200000650a10acRCRD",
                                "referring_component": "2d2c13d6-glob-foot-refc-de190b394505",
                                "clicked_item_url": "https://www.mako.co.il/mako-vod-help/Article-dd0b75e6b096e71026.htm?partner=12plusFooterLinks"
                            }
                        },
                        {
                            "name": "הסדרי נגישות",
                            "url": "https://www.mako.co.il/help-5bb6bf4ccf39c110/Article-b7ff18a9de86471026.htm?partner=12plusFooterLinks",
                            "domoClick": {
                                "content_type": "Article",
                                "channel_depth": 2,
                                "teaser_id": "23f4495772220810VgnVCM200000650a10acRCRD",
                                "clicked_item_id": "b7ff18a9de864710VgnVCM200000650a10acRCRD",
                                "click_type": "link",
                                "clicked_channel_id": "5bb6bf4ccf39c110VgnVCM100000290c10acRCRD",
                                "referring_component": "2d2c13d6-glob-foot-refc-de190b394505",
                                "clicked_item_url": "https://www.mako.co.il/help-5bb6bf4ccf39c110/Article-b7ff18a9de86471026.htm?partner=12plusFooterLinks"
                            }
                        },
                        {
                            "name": "מדיניות פרטיות ותנאי שימוש",
                            "url": "https://www.mako.co.il/help-terms-of-use/Article-d37908dd1674c11006.htm?partner=12plusFooterLinks",
                            "domoClick": {
                                "content_type": "Article",
                                "channel_depth": 2,
                                "teaser_id": "e5c040b549a6c710VgnVCM100000700a10acRCRD",
                                "clicked_item_id": "d37908dd1674c110VgnVCM2000002a0c10acRCRD",
                                "click_type": "link",
                                "clicked_channel_id": "345705dfcebcb110VgnVCM2000002a0c10acRCRD",
                                "referring_component": "2d2c13d6-glob-foot-refc-de190b394505",
                                "clicked_item_url": "https://www.mako.co.il/help-terms-of-use/Article-d37908dd1674c11006.htm?partner=12plusFooterLinks"
                            }
                        }
                    ]
                }
            },
            "logos": {
                "lastUpdate": "Mon, 11 Nov 2024 21:38:00 +0200",
                "timestamp": 1731353880796,
                "headerLogo": {
                    "guid": "9dabeac4fa6cc710VgnVCM200000650a10acRCRD",
                    "desktopLogo": "https://img.mako.co.il/2024/10/10/logo-12-desktop.png",
                    "mobileWebLogo": "https://img.mako.co.il/2024/10/10/LOGO_12_mobile.png",
                    "mobileAppLogo": "https://img.mako.co.il/2024/10/09/LOGO_12__mobileApp.png",
                    "smartTVLogo": "https://img.mako.co.il/2021/10/28/Logo_12+_smartTV.png"
                }
            },
            "data": {
                "lastUpdate": "Mon, 11 Nov 2024 00:59:32 +0200",
                "timestamp": 1731279572102,
                "pageType": "Subvertical",
                "channelId": "19cc03b59965f610VgnVCM200000650a10acRCRD",
                "sch": "19cc03b59965f610",
                "channelName": "עונה 17",
                "pageUrl": "/mako-vod-keshet/eretz_nehederet-s17",
                "domoPageView": {
                    "content_type": "channel",
                    "item_id": "19cc03b59965f610VgnVCM200000650a10acRCRD",
                    "channel_id": "19cc03b59965f610VgnVCM200000650a10acRCRD",
                    "channel_depth": 3,
                    "page_url": "https://www.mako.co.il/mako-vod-keshet/eretz_nehederet-s17",
                    "is_blocked_content": {
                        "israel": 0,
                        "international": 0
                    }
                },
                "preload": true,
                "makoCatDFP": {
                    "cust_params": {
                        "location_sub_campaign": "%LOCATION_SUB_CAMPAIGN%",
                        "payinguser": "%IS_PAYING_USER%",
                        "video_from_time": "%VIDEO_FROM_TIME%",
                        "bundleId": "%PRODUCT_BUNDLE_ID%",
                        "pushTags": "%PUSH_TAGS%",
                        "language": "%LANGUAGE%",
                        "locale": "%LOCALE%",
                        "deviceid": "%DEVICE_ID%",
                        "version": "%VERSION%",
                        "devicetype": "%DEVICE_TYPE%",
                        "MAKOPAGE": "%GUID%",
                        "advertiserId": "%ADVERTISER_ID%",
                        "carrier": "%CARRIER%",
                        "LEVEL4": "vod_eretz",
                        "osVersion": "%OS_VERSION%",
                        "LEVEL5": "s17",
                        "paidContent": "%IS_PAID_CONTENT%",
                        "appid": "%APP_ID%",
                        "makoHN": "%HOUSE_NUMBERS%",
                        "random_number": "%RANDOM_NUMBER%",
                        "osType": "%OS_TYPE%",
                        "deviceModel": "%DEVICE_MODEL%",
                        "pushTrigger": "%PUSH_TRIGGER%"
                    },
                    "iu": "/242748299/mako/vod/vod_keshet/"
                },
                "seo": {
                    "title": "ארץ נהדרת, עונה 17 - לצפייה ישירה",
                    "description": "ארץ נהדרת עונה 17 לצפייה ישירה. בחירות סבב ג', גנץ נוטש את לפיד ומקים ממשלת אחדות עם נתניהו, הגל הראשון של הקורונה",
                    "type": "tv_show",
                    "image": "https://img.mako.co.il/2021/03/25/eretz_yaniv_HD_Size2_autoOrient_i.jpg",
                    "canonical": "https://www.mako.co.il/mako-vod-keshet/eretz_nehederet-s17",
                    "schema": {
                        "@context": "https://schema.org",
                        "@type": "TVSeason",
                        "name": "עונה 17",
                        "description": "בחירות סבב ג', גנץ נוטש את לפיד ומקים ממשלת אחדות עם נתניהו, הגל הראשון של הקורונה: המדינה מושבתת וברבש וברסימנטוב מככבים, וגם: ליאורה לא דופקת חשבון ומלון גרנד רילקס מנסה לשרוד",
                        "image": "https://img.mako.co.il/2021/03/25/eretz_yaniv_HD_Size2_autoOrient_i.jpg",
                        "numberOfEpisodes": 26,
                        "url": "https://www.mako.co.il/mako-vod-keshet/eretz_nehederet-s17",
                        "partOfTVSeries": {
                            "@type": "TVSeries",
                            "name": "ארץ נהדרת",
                            "url": "https://www.mako.co.il/mako-vod-keshet/eretz_nehederet"
                        },
                        "genre": [
                            "בידור",
                            "קומדיה"
                        ],
                        "director": [
                            {
                                "@type": "Person",
                                "name": "רועי פלורנטין"
                            },
                            {
                                "@type": "Person",
                                "name": "ירון שילון"
                            },
                            {
                                "@type": "Person",
                                "name": "אמיר אוקרייניץ"
                            }
                        ],
                        "provider": {
                            "@type": "Organization",
                            "name": "תכניות קשת"
                        },
                        "publisher": {
                            "@type": "NewsMediaOrganization",
                            "name": "שידורי קשת"
                        },
                        "sameAs": [
                            "https://www.mako.co.il/tv-erez-nehederet/cc0e3d99ade16110"
                        ]
                    }
                },
                "vod": {
                    "channelId": "19cc03b59965f610VgnVCM200000650a10acRCRD",
                    "itemVcmId": "30d8475f5e38f610VgnVCM100000700a10acRCRD",
                    "galleryChannelId": "30d8475f5e38f610VgnVCM100000700a10acRCRD",
                    "programId": "5cf467a604643210VgnVCM2000002a0c10acRCRD",
                    "mostCurrent": false,
                    "pageUrl": "/mako-vod-keshet/eretz_nehederet-s17/VOD-30d8475f5e38f61027.htm",
                    "domoClick": {
                        "content_type": "vod",
                        "channel_depth": -1,
                        "clicked_item_id": "30d8475f5e38f610VgnVCM100000700a10acRCRD",
                        "click_type": "link",
                        "clicked_channel_id": "19cc03b59965f610VgnVCM200000650a10acRCRD",
                        "referring_component": "080b8750-hero-41d9-refc-e6bfe67f099c",
                        "clicked_item_url": "https://www.mako.co.il/mako-vod-keshet/eretz_nehederet-s17/VOD-30d8475f5e38f61027.htm"
                    },
                    "domoPlay": {
                        "content_type": "vod",
                        "item_id": "30d8475f5e38f610VgnVCM100000700a10acRCRD",
                        "channel_id": "19cc03b59965f610VgnVCM200000650a10acRCRD",
                        "channel_depth": 3
                    },
                    "aIL": true,
                    "aINT": true,
                    "iPromoType": "Program"
                },
                "hero": {
                    "extraInfo": "23 עונות",
                    "itemVcmId": "a6949787b4e99710VgnVCM100000700a10acRCRD",
                    "channelId": "19cc03b59965f610VgnVCM200000650a10acRCRD",
                    "logo": "https://img.mako.co.il/2022/06/21/logo_eretz.png",
                    "logoAltText": "לוגו ארץ נהדרת 2016",
                    "description": "בחירות סבב ג', גנץ נוטש את לפיד ומקים ממשלת אחדות עם נתניהו, הגל הראשון של הקורונה: המדינה מושבתת וברבש וברסימנטוב מככבים, וגם: ליאורה לא דופקת חשבון ומלון גרנד רילקס מנסה לשרוד",
                    "pics": [
                        {
                            "picUrl": "https://img.mako.co.il/2021/07/15/eretz_17_HD_re.jpg",
                            "altText": "ארץ נהדרת עונה 17 - HD, ז'אנר, WOW, מובייל, כרטיס אשראי"
                        }
                    ],
                    "mobilePics": [
                        {
                            "picUrl": "https://img.mako.co.il/2021/08/22/eretz_17_kiziz_e.jpg",
                            "altText": "ארץ נהדרת עונה 17 - HD, ז'אנר, WOW, מובייל, כרטיס אשראי"
                        }
                    ],
                    "buttonText": "עונה 17 פרק 1",
                    "makoRefComp": "Specific_Episode"
                },
                "seasons": [
                    {
                        "current": false,
                        "seasonTitle": "עונה 1",
                        "pageUrl": "/mako-vod-keshet/eretz_nehederet-s1",
                        "domoClick": {
                            "content_type": "channel",
                            "channel_depth": -1,
                            "clicked_item_id": "bae667a604643210VgnVCM2000002a0c10acRCRD",
                            "click_type": "link",
                            "clicked_channel_id": "bae667a604643210VgnVCM2000002a0c10acRCRD",
                            "referring_component": "9ced3b0e-page-navi-refc-eb3fe7b8e0de",
                            "clicked_item_url": "https://www.mako.co.il/mako-vod-keshet/eretz_nehederet-s1"
                        }
                    },
                    {
                        "current": false,
                        "seasonTitle": "עונה 2",
                        "pageUrl": "/mako-vod-keshet/eretz_nehederet-s2",
                        "domoClick": {
                            "content_type": "channel",
                            "channel_depth": -1,
                            "clicked_item_id": "3d9af64d35643210VgnVCM2000002a0c10acRCRD",
                            "click_type": "link",
                            "clicked_channel_id": "3d9af64d35643210VgnVCM2000002a0c10acRCRD",
                            "referring_component": "9ced3b0e-page-navi-refc-eb3fe7b8e0de",
                            "clicked_item_url": "https://www.mako.co.il/mako-vod-keshet/eretz_nehederet-s2"
                        }
                    },
                    {
                        "current": false,
                        "seasonTitle": "עונה 3",
                        "pageUrl": "/mako-vod-keshet/eretz_nehederet-s3",
                        "domoClick": {
                            "content_type": "channel",
                            "channel_depth": -1,
                            "clicked_item_id": "43cef64d35643210VgnVCM2000002a0c10acRCRD",
                            "click_type": "link",
                            "clicked_channel_id": "43cef64d35643210VgnVCM2000002a0c10acRCRD",
                            "referring_component": "9ced3b0e-page-navi-refc-eb3fe7b8e0de",
                            "clicked_item_url": "https://www.mako.co.il/mako-vod-keshet/eretz_nehederet-s3"
                        }
                    },
                    {
                        "current": false,
                        "seasonTitle": "עונה 4",
                        "pageUrl": "/mako-vod-keshet/eretz_nehederet-s4",
                        "domoClick": {
                            "content_type": "channel",
                            "channel_depth": -1,
                            "clicked_item_id": "d251f64d35643210VgnVCM2000002a0c10acRCRD",
                            "click_type": "link",
                            "clicked_channel_id": "d251f64d35643210VgnVCM2000002a0c10acRCRD",
                            "referring_component": "9ced3b0e-page-navi-refc-eb3fe7b8e0de",
                            "clicked_item_url": "https://www.mako.co.il/mako-vod-keshet/eretz_nehederet-s4"
                        }
                    },
                    {
                        "current": false,
                        "seasonTitle": "עונה 5",
                        "pageUrl": "/mako-vod-keshet/eretz_nehederet-s5",
                        "domoClick": {
                            "content_type": "channel",
                            "channel_depth": -1,
                            "clicked_item_id": "7a03f64d35643210VgnVCM2000002a0c10acRCRD",
                            "click_type": "link",
                            "clicked_channel_id": "7a03f64d35643210VgnVCM2000002a0c10acRCRD",
                            "referring_component": "9ced3b0e-page-navi-refc-eb3fe7b8e0de",
                            "clicked_item_url": "https://www.mako.co.il/mako-vod-keshet/eretz_nehederet-s5"
                        }
                    },
                    {
                        "current": false,
                        "seasonTitle": "עונה 6",
                        "pageUrl": "/mako-vod-keshet/eretz_nehederet-s6",
                        "domoClick": {
                            "content_type": "channel",
                            "channel_depth": -1,
                            "clicked_item_id": "1144f64d35643210VgnVCM2000002a0c10acRCRD",
                            "click_type": "link",
                            "clicked_channel_id": "1144f64d35643210VgnVCM2000002a0c10acRCRD",
                            "referring_component": "9ced3b0e-page-navi-refc-eb3fe7b8e0de",
                            "clicked_item_url": "https://www.mako.co.il/mako-vod-keshet/eretz_nehederet-s6"
                        }
                    },
                    {
                        "current": false,
                        "seasonTitle": "עונה 7",
                        "pageUrl": "/mako-vod-keshet/eretz_nehederet-s7",
                        "domoClick": {
                            "content_type": "channel",
                            "channel_depth": -1,
                            "clicked_item_id": "d0990484ddef5210VgnVCM2000002a0c10acRCRD",
                            "click_type": "link",
                            "clicked_channel_id": "d0990484ddef5210VgnVCM2000002a0c10acRCRD",
                            "referring_component": "9ced3b0e-page-navi-refc-eb3fe7b8e0de",
                            "clicked_item_url": "https://www.mako.co.il/mako-vod-keshet/eretz_nehederet-s7"
                        }
                    },
                    {
                        "current": false,
                        "seasonTitle": "עונה 8",
                        "pageUrl": "/mako-vod-keshet/eretz_nehederet-s8",
                        "domoClick": {
                            "content_type": "channel",
                            "channel_depth": -1,
                            "clicked_item_id": "d839b3585edfc210VgnVCM2000002a0c10acRCRD",
                            "click_type": "link",
                            "clicked_channel_id": "d839b3585edfc210VgnVCM2000002a0c10acRCRD",
                            "referring_component": "9ced3b0e-page-navi-refc-eb3fe7b8e0de",
                            "clicked_item_url": "https://www.mako.co.il/mako-vod-keshet/eretz_nehederet-s8"
                        }
                    },
                    {
                        "current": false,
                        "seasonTitle": "עונה 9",
                        "pageUrl": "/mako-vod-keshet/eretz_nehederet-s9",
                        "domoClick": {
                            "content_type": "channel",
                            "channel_depth": -1,
                            "clicked_item_id": "2c9f87e7250f4310VgnVCM2000002a0c10acRCRD",
                            "click_type": "link",
                            "clicked_channel_id": "2c9f87e7250f4310VgnVCM2000002a0c10acRCRD",
                            "referring_component": "9ced3b0e-page-navi-refc-eb3fe7b8e0de",
                            "clicked_item_url": "https://www.mako.co.il/mako-vod-keshet/eretz_nehederet-s9"
                        }
                    },
                    {
                        "current": false,
                        "seasonTitle": "עונה 10",
                        "pageUrl": "/mako-vod-keshet/eretz_nehederet-s10",
                        "domoClick": {
                            "content_type": "channel",
                            "channel_depth": -1,
                            "clicked_item_id": "fa4d7c38f47cb310VgnVCM2000002a0c10acRCRD",
                            "click_type": "link",
                            "clicked_channel_id": "fa4d7c38f47cb310VgnVCM2000002a0c10acRCRD",
                            "referring_component": "9ced3b0e-page-navi-refc-eb3fe7b8e0de",
                            "clicked_item_url": "https://www.mako.co.il/mako-vod-keshet/eretz_nehederet-s10"
                        }
                    },
                    {
                        "current": false,
                        "seasonTitle": "עונה 11",
                        "pageUrl": "/mako-vod-keshet/eretz_nehederet-s11",
                        "domoClick": {
                            "content_type": "channel",
                            "channel_depth": -1,
                            "clicked_item_id": "5adfa33919243410VgnVCM2000002a0c10acRCRD",
                            "click_type": "link",
                            "clicked_channel_id": "5adfa33919243410VgnVCM2000002a0c10acRCRD",
                            "referring_component": "9ced3b0e-page-navi-refc-eb3fe7b8e0de",
                            "clicked_item_url": "https://www.mako.co.il/mako-vod-keshet/eretz_nehederet-s11"
                        }
                    },
                    {
                        "current": false,
                        "seasonTitle": "עונה 12",
                        "pageUrl": "/mako-vod-keshet/eretz_nehederet-s12",
                        "domoClick": {
                            "content_type": "channel",
                            "channel_depth": -1,
                            "clicked_item_id": "de317051b0cfa410VgnVCM2000002a0c10acRCRD",
                            "click_type": "link",
                            "clicked_channel_id": "de317051b0cfa410VgnVCM2000002a0c10acRCRD",
                            "referring_component": "9ced3b0e-page-navi-refc-eb3fe7b8e0de",
                            "clicked_item_url": "https://www.mako.co.il/mako-vod-keshet/eretz_nehederet-s12"
                        }
                    },
                    {
                        "current": false,
                        "seasonTitle": "עונה 13",
                        "pageUrl": "/mako-vod-keshet/eretz_nehederet-s13",
                        "domoClick": {
                            "content_type": "channel",
                            "channel_depth": -1,
                            "clicked_item_id": "d1417e27b9382510VgnVCM2000002a0c10acRCRD",
                            "click_type": "link",
                            "clicked_channel_id": "d1417e27b9382510VgnVCM2000002a0c10acRCRD",
                            "referring_component": "9ced3b0e-page-navi-refc-eb3fe7b8e0de",
                            "clicked_item_url": "https://www.mako.co.il/mako-vod-keshet/eretz_nehederet-s13"
                        }
                    },
                    {
                        "current": false,
                        "seasonTitle": "עונה 14",
                        "pageUrl": "/mako-vod-keshet/eretz_nehederet-s14",
                        "domoClick": {
                            "content_type": "channel",
                            "channel_depth": -1,
                            "clicked_item_id": "00cb73568955a510VgnVCM2000002a0c10acRCRD",
                            "click_type": "link",
                            "clicked_channel_id": "00cb73568955a510VgnVCM2000002a0c10acRCRD",
                            "referring_component": "9ced3b0e-page-navi-refc-eb3fe7b8e0de",
                            "clicked_item_url": "https://www.mako.co.il/mako-vod-keshet/eretz_nehederet-s14"
                        }
                    },
                    {
                        "current": false,
                        "seasonTitle": "עונה 15",
                        "pageUrl": "/mako-vod-keshet/eretz_nehederet-s15",
                        "domoClick": {
                            "content_type": "channel",
                            "channel_depth": -1,
                            "clicked_item_id": "6ca45b54fd76f510VgnVCM2000002a0c10acRCRD",
                            "click_type": "link",
                            "clicked_channel_id": "6ca45b54fd76f510VgnVCM2000002a0c10acRCRD",
                            "referring_component": "9ced3b0e-page-navi-refc-eb3fe7b8e0de",
                            "clicked_item_url": "https://www.mako.co.il/mako-vod-keshet/eretz_nehederet-s15"
                        }
                    },
                    {
                        "current": false,
                        "seasonTitle": "עונה 16",
                        "pageUrl": "/mako-vod-keshet/eretz_nehederet-s-16",
                        "domoClick": {
                            "content_type": "channel",
                            "channel_depth": -1,
                            "clicked_item_id": "943afc01ace08610VgnVCM2000002a0c10acRCRD",
                            "click_type": "link",
                            "clicked_channel_id": "943afc01ace08610VgnVCM2000002a0c10acRCRD",
                            "referring_component": "9ced3b0e-page-navi-refc-eb3fe7b8e0de",
                            "clicked_item_url": "https://www.mako.co.il/mako-vod-keshet/eretz_nehederet-s-16"
                        }
                    },
                    {
                        "current": true,
                        "seasonTitle": "עונה 17",
                        "pageUrl": "/mako-vod-keshet/eretz_nehederet-s17",
                        "domoClick": {
                            "content_type": "channel",
                            "channel_depth": -1,
                            "clicked_item_id": "19cc03b59965f610VgnVCM200000650a10acRCRD",
                            "click_type": "link",
                            "clicked_channel_id": "19cc03b59965f610VgnVCM200000650a10acRCRD",
                            "referring_component": "9ced3b0e-page-navi-refc-eb3fe7b8e0de",
                            "clicked_item_url": "https://www.mako.co.il/mako-vod-keshet/eretz_nehederet-s17"
                        }
                    },
                    {
                        "current": false,
                        "seasonTitle": "עוד כותרות",
                        "pageUrl": "/mako-vod-keshet/eretz_nehederet-more_headlines",
                        "domoClick": {
                            "content_type": "channel",
                            "channel_depth": -1,
                            "clicked_item_id": "42d5b1b0749b3710VgnVCM100000700a10acRCRD",
                            "click_type": "link",
                            "clicked_channel_id": "42d5b1b0749b3710VgnVCM100000700a10acRCRD",
                            "referring_component": "9ced3b0e-page-navi-refc-eb3fe7b8e0de",
                            "clicked_item_url": "https://www.mako.co.il/mako-vod-keshet/eretz_nehederet-more_headlines"
                        }
                    },
                    {
                        "current": false,
                        "seasonTitle": "עונה 18",
                        "pageUrl": "/mako-vod-keshet/eretz_nehederet-s18",
                        "domoClick": {
                            "content_type": "channel",
                            "channel_depth": -1,
                            "clicked_item_id": "17d1ef997de86710VgnVCM100000700a10acRCRD",
                            "click_type": "link",
                            "clicked_channel_id": "17d1ef997de86710VgnVCM100000700a10acRCRD",
                            "referring_component": "9ced3b0e-page-navi-refc-eb3fe7b8e0de",
                            "clicked_item_url": "https://www.mako.co.il/mako-vod-keshet/eretz_nehederet-s18"
                        }
                    },
                    {
                        "current": false,
                        "seasonTitle": "עונה 19",
                        "pageUrl": "/mako-vod-keshet/eretz_nehederet-s19",
                        "domoClick": {
                            "content_type": "channel",
                            "channel_depth": -1,
                            "clicked_item_id": "d371563eb8bec710VgnVCM200000650a10acRCRD",
                            "click_type": "link",
                            "clicked_channel_id": "d371563eb8bec710VgnVCM200000650a10acRCRD",
                            "referring_component": "9ced3b0e-page-navi-refc-eb3fe7b8e0de",
                            "clicked_item_url": "https://www.mako.co.il/mako-vod-keshet/eretz_nehederet-s19"
                        }
                    },
                    {
                        "current": false,
                        "seasonTitle": "עונה 20",
                        "pageUrl": "/mako-vod-keshet/eretz_nehederet-s20",
                        "domoClick": {
                            "content_type": "channel",
                            "channel_depth": -1,
                            "clicked_item_id": "20bf32f4a0a53810VgnVCM100000700a10acRCRD",
                            "click_type": "link",
                            "clicked_channel_id": "20bf32f4a0a53810VgnVCM100000700a10acRCRD",
                            "referring_component": "9ced3b0e-page-navi-refc-eb3fe7b8e0de",
                            "clicked_item_url": "https://www.mako.co.il/mako-vod-keshet/eretz_nehederet-s20"
                        }
                    },
                    {
                        "current": false,
                        "seasonTitle": "עונה 21",
                        "pageUrl": "/mako-vod-keshet/eretz_nehederet-s21",
                        "domoClick": {
                            "content_type": "channel",
                            "channel_depth": -1,
                            "clicked_item_id": "b5ae2a8ecab7b810VgnVCM100000700a10acRCRD",
                            "click_type": "link",
                            "clicked_channel_id": "b5ae2a8ecab7b810VgnVCM100000700a10acRCRD",
                            "referring_component": "9ced3b0e-page-navi-refc-eb3fe7b8e0de",
                            "clicked_item_url": "https://www.mako.co.il/mako-vod-keshet/eretz_nehederet-s21"
                        }
                    },
                    {
                        "current": false,
                        "seasonTitle": "עונה 22",
                        "pageUrl": "/mako-vod-keshet/eretz_nehederet-s22",
                        "domoClick": {
                            "content_type": "channel",
                            "channel_depth": -1,
                            "clicked_item_id": "bc6a5d06d46f2910VgnVCM200000650a10acRCRD",
                            "click_type": "link",
                            "clicked_channel_id": "bc6a5d06d46f2910VgnVCM200000650a10acRCRD",
                            "referring_component": "9ced3b0e-page-navi-refc-eb3fe7b8e0de",
                            "clicked_item_url": "https://www.mako.co.il/mako-vod-keshet/eretz_nehederet-s22"
                        }
                    }
                ],
                "menu": [
                    {
                        "buttonText": "פרקים",
                        "id": "allEpisodes",
                        "vcmid": "19cc03b59965f610VgnVCM200000650a10acRCRD",
                        "channelId": "19cc03b59965f610VgnVCM200000650a10acRCRD",
                        "makoRefComp": "All_Episodes",
                        "pageUrl": "/mako-vod-keshet/eretz_nehederet-s17",
                        "domoClick": {
                            "content_type": "channel",
                            "channel_depth": -1,
                            "clicked_item_id": "19cc03b59965f610VgnVCM200000650a10acRCRD",
                            "click_type": "link",
                            "clicked_channel_id": "19cc03b59965f610VgnVCM200000650a10acRCRD",
                            "referring_component": "9ced3b0e-page-navi-refc-eb3fe7b8e0de",
                            "clicked_item_url": "https://www.mako.co.il/mako-vod-keshet/eretz_nehederet-s17"
                        },
                        "open": true,
                        "vods": [
                            {
                                "componentLayout": "vod",
                                "channelId": "19cc03b59965f610VgnVCM200000650a10acRCRD",
                                "itemVcmId": "30d8475f5e38f610VgnVCM100000700a10acRCRD",
                                "galleryChannelId": "30d8475f5e38f610VgnVCM100000700a10acRCRD",
                                "title": "עונת הבחירות 2020",
                                "extraInfo": "פרק 1@08.01.20",
                                "pageUrl": "/mako-vod-keshet/eretz_nehederet-s17/VOD-30d8475f5e38f61027.htm",
                                "domoClick": {
                                    "content_type": "vod",
                                    "channel_depth": -1,
                                    "clicked_item_id": "30d8475f5e38f610VgnVCM100000700a10acRCRD",
                                    "click_type": "link",
                                    "clicked_channel_id": "19cc03b59965f610VgnVCM200000650a10acRCRD",
                                    "referring_component": "16f079a6-page-prom-refc-4bfb03e240e9",
                                    "clicked_item_url": "https://www.mako.co.il/mako-vod-keshet/eretz_nehederet-s17/VOD-30d8475f5e38f61027.htm"
                                },
                                "pics": [
                                    {
                                        "picUrl": "https://img.mako.co.il/2020/01/09/eretz17_01_VOD_fix_i.jpg",
                                        "altText": "פרק 1"
                                    }
                                ],
                                "aIL": true,
                                "aINT": true
                            },
                            {
                                "componentLayout": "vod",
                                "channelId": "19cc03b59965f610VgnVCM200000650a10acRCRD",
                                "itemVcmId": "2c9444ba458af610VgnVCM100000700a10acRCRD",
                                "galleryChannelId": "2c9444ba458af610VgnVCM100000700a10acRCRD",
                                "title": "מלון גרנד רילקס ",
                                "extraInfo": "פרק 2@15.01.20",
                                "pageUrl": "/mako-vod-keshet/eretz_nehederet-s17/VOD-2c9444ba458af61027.htm",
                                "domoClick": {
                                    "content_type": "vod",
                                    "channel_depth": -1,
                                    "clicked_item_id": "2c9444ba458af610VgnVCM100000700a10acRCRD",
                                    "click_type": "link",
                                    "clicked_channel_id": "19cc03b59965f610VgnVCM200000650a10acRCRD",
                                    "referring_component": "16f079a6-page-prom-refc-4bfb03e240e9",
                                    "clicked_item_url": "https://www.mako.co.il/mako-vod-keshet/eretz_nehederet-s17/VOD-2c9444ba458af61027.htm"
                                },
                                "pics": [
                                    {
                                        "picUrl": "https://img.mako.co.il/2020/01/15/eretz17_02_VOD_i.jpg",
                                        "altText": "פרק 2"
                                    }
                                ],
                                "aIL": true,
                                "aINT": false
                            },
                            {
                                "componentLayout": "vod",
                                "channelId": "19cc03b59965f610VgnVCM200000650a10acRCRD",
                                "itemVcmId": "0fb0372cf7ccf610VgnVCM200000650a10acRCRD",
                                "galleryChannelId": "0fb0372cf7ccf610VgnVCM200000650a10acRCRD",
                                "title": "הרכבת האווירית מגיעה",
                                "extraInfo": "פרק 3@22.01.20",
                                "pageUrl": "/mako-vod-keshet/eretz_nehederet-s17/VOD-0fb0372cf7ccf61026.htm",
                                "domoClick": {
                                    "content_type": "vod",
                                    "channel_depth": -1,
                                    "clicked_item_id": "0fb0372cf7ccf610VgnVCM200000650a10acRCRD",
                                    "click_type": "link",
                                    "clicked_channel_id": "19cc03b59965f610VgnVCM200000650a10acRCRD",
                                    "referring_component": "16f079a6-page-prom-refc-4bfb03e240e9",
                                    "clicked_item_url": "https://www.mako.co.il/mako-vod-keshet/eretz_nehederet-s17/VOD-0fb0372cf7ccf61026.htm"
                                },
                                "pics": [
                                    {
                                        "picUrl": "https://img.mako.co.il/2020/01/22/Eretz17_03_VOD_i.jpg",
                                        "altText": "פרק 3"
                                    }
                                ],
                                "aIL": true,
                                "aINT": false
                            },
                            {
                                "componentLayout": "vod",
                                "channelId": "19cc03b59965f610VgnVCM200000650a10acRCRD",
                                "itemVcmId": "a7a3847bbf1ff610VgnVCM200000650a10acRCRD",
                                "galleryChannelId": "a7a3847bbf1ff610VgnVCM200000650a10acRCRD",
                                "title": "ספיישל תכנית המאה ",
                                "extraInfo": "פרק 4@29.01.20",
                                "pageUrl": "/mako-vod-keshet/eretz_nehederet-s17/VOD-a7a3847bbf1ff61026.htm",
                                "domoClick": {
                                    "content_type": "vod",
                                    "channel_depth": -1,
                                    "clicked_item_id": "a7a3847bbf1ff610VgnVCM200000650a10acRCRD",
                                    "click_type": "link",
                                    "clicked_channel_id": "19cc03b59965f610VgnVCM200000650a10acRCRD",
                                    "referring_component": "16f079a6-page-prom-refc-4bfb03e240e9",
                                    "clicked_item_url": "https://www.mako.co.il/mako-vod-keshet/eretz_nehederet-s17/VOD-a7a3847bbf1ff61026.htm"
                                },
                                "pics": [
                                    {
                                        "picUrl": "https://img.mako.co.il/2020/01/29/Eretz17_04_VOD_i.jpg",
                                        "altText": "פרק 4"
                                    }
                                ],
                                "aIL": true,
                                "aINT": false
                            },
                            {
                                "componentLayout": "vod",
                                "channelId": "19cc03b59965f610VgnVCM200000650a10acRCRD",
                                "itemVcmId": "165a7352a4510710VgnVCM100000700a10acRCRD",
                                "galleryChannelId": "165a7352a4510710VgnVCM100000700a10acRCRD",
                                "title": "נלחמים בקורונה ",
                                "extraInfo": "פרק 5@05.02.20",
                                "pageUrl": "/mako-vod-keshet/eretz_nehederet-s17/VOD-165a7352a451071027.htm",
                                "domoClick": {
                                    "content_type": "vod",
                                    "channel_depth": -1,
                                    "clicked_item_id": "165a7352a4510710VgnVCM100000700a10acRCRD",
                                    "click_type": "link",
                                    "clicked_channel_id": "19cc03b59965f610VgnVCM200000650a10acRCRD",
                                    "referring_component": "16f079a6-page-prom-refc-4bfb03e240e9",
                                    "clicked_item_url": "https://www.mako.co.il/mako-vod-keshet/eretz_nehederet-s17/VOD-165a7352a451071027.htm"
                                },
                                "pics": [
                                    {
                                        "picUrl": "https://img.mako.co.il/2020/02/05/eretz17_05_VOD_i.jpg",
                                        "altText": "פרק 5"
                                    }
                                ],
                                "aIL": true,
                                "aINT": false
                            },
                            {
                                "componentLayout": "vod",
                                "channelId": "19cc03b59965f610VgnVCM200000650a10acRCRD",
                                "itemVcmId": "b7a5c08682930710VgnVCM100000700a10acRCRD",
                                "galleryChannelId": "b7a5c08682930710VgnVCM100000700a10acRCRD",
                                "title": "ספיישל יום האהבה",
                                "extraInfo": "פרק 6@12.02.20",
                                "pageUrl": "/mako-vod-keshet/eretz_nehederet-s17/VOD-b7a5c0868293071027.htm",
                                "domoClick": {
                                    "content_type": "vod",
                                    "channel_depth": -1,
                                    "clicked_item_id": "b7a5c08682930710VgnVCM100000700a10acRCRD",
                                    "click_type": "link",
                                    "clicked_channel_id": "19cc03b59965f610VgnVCM200000650a10acRCRD",
                                    "referring_component": "16f079a6-page-prom-refc-4bfb03e240e9",
                                    "clicked_item_url": "https://www.mako.co.il/mako-vod-keshet/eretz_nehederet-s17/VOD-b7a5c0868293071027.htm"
                                },
                                "pics": [
                                    {
                                        "picUrl": "https://img.mako.co.il/2020/02/12/Eretz17_06_VOD_i.jpg",
                                        "altText": "פרק 6"
                                    }
                                ],
                                "aIL": true,
                                "aINT": false
                            },
                            {
                                "componentLayout": "vod",
                                "channelId": "19cc03b59965f610VgnVCM200000650a10acRCRD",
                                "itemVcmId": "994bfd7326670710VgnVCM100000700a10acRCRD",
                                "galleryChannelId": "994bfd7326670710VgnVCM100000700a10acRCRD",
                                "title": "בחירות בצל הקורונה ",
                                "extraInfo": "פרק 7@24.02.20",
                                "pageUrl": "/mako-vod-keshet/eretz_nehederet-s17/VOD-994bfd732667071027.htm",
                                "domoClick": {
                                    "content_type": "vod",
                                    "channel_depth": -1,
                                    "clicked_item_id": "994bfd7326670710VgnVCM100000700a10acRCRD",
                                    "click_type": "link",
                                    "clicked_channel_id": "19cc03b59965f610VgnVCM200000650a10acRCRD",
                                    "referring_component": "16f079a6-page-prom-refc-4bfb03e240e9",
                                    "clicked_item_url": "https://www.mako.co.il/mako-vod-keshet/eretz_nehederet-s17/VOD-994bfd732667071027.htm"
                                },
                                "pics": [
                                    {
                                        "picUrl": "https://img.mako.co.il/2020/02/25/Eretz17_07_VOD_jhsvg333_i.jpg",
                                        "altText": "פרק 7"
                                    }
                                ],
                                "aIL": true,
                                "aINT": false
                            },
                            {
                                "componentLayout": "vod",
                                "channelId": "19cc03b59965f610VgnVCM200000650a10acRCRD",
                                "itemVcmId": "108125648fe90710VgnVCM200000650a10acRCRD",
                                "galleryChannelId": "108125648fe90710VgnVCM200000650a10acRCRD",
                                "title": "ספיישל יום הבחירות ",
                                "extraInfo": "פרק 8@03.03.20",
                                "pageUrl": "/mako-vod-keshet/eretz_nehederet-s17/VOD-108125648fe9071026.htm",
                                "domoClick": {
                                    "content_type": "vod",
                                    "channel_depth": -1,
                                    "clicked_item_id": "108125648fe90710VgnVCM200000650a10acRCRD",
                                    "click_type": "link",
                                    "clicked_channel_id": "19cc03b59965f610VgnVCM200000650a10acRCRD",
                                    "referring_component": "16f079a6-page-prom-refc-4bfb03e240e9",
                                    "clicked_item_url": "https://www.mako.co.il/mako-vod-keshet/eretz_nehederet-s17/VOD-108125648fe9071026.htm"
                                },
                                "pics": [
                                    {
                                        "picUrl": "https://img.mako.co.il/2020/03/03/eretz_nehederet17_08_VOD_i.jpg",
                                        "altText": "פרק 8"
                                    }
                                ],
                                "aIL": true,
                                "aINT": false
                            },
                            {
                                "componentLayout": "vod",
                                "channelId": "19cc03b59965f610VgnVCM200000650a10acRCRD",
                                "itemVcmId": "bb470895de8c0710VgnVCM100000700a10acRCRD",
                                "galleryChannelId": "bb470895de8c0710VgnVCM100000700a10acRCRD",
                                "title": "ספיישל פורים",
                                "extraInfo": "פרק 9@11.03.20",
                                "pageUrl": "/mako-vod-keshet/eretz_nehederet-s17/VOD-bb470895de8c071027.htm",
                                "domoClick": {
                                    "content_type": "vod",
                                    "channel_depth": -1,
                                    "clicked_item_id": "bb470895de8c0710VgnVCM100000700a10acRCRD",
                                    "click_type": "link",
                                    "clicked_channel_id": "19cc03b59965f610VgnVCM200000650a10acRCRD",
                                    "referring_component": "16f079a6-page-prom-refc-4bfb03e240e9",
                                    "clicked_item_url": "https://www.mako.co.il/mako-vod-keshet/eretz_nehederet-s17/VOD-bb470895de8c071027.htm"
                                },
                                "pics": [
                                    {
                                        "picUrl": "https://img.mako.co.il/2020/03/11/Eretz17_09_13_VOD_i.jpg",
                                        "altText": "פרק 09"
                                    }
                                ],
                                "aIL": true,
                                "aINT": false
                            },
                            {
                                "componentLayout": "vod",
                                "channelId": "19cc03b59965f610VgnVCM200000650a10acRCRD",
                                "itemVcmId": "30a0c654f5ee0710VgnVCM200000650a10acRCRD",
                                "galleryChannelId": "30a0c654f5ee0710VgnVCM200000650a10acRCRD",
                                "title": "משבר הקורונה",
                                "extraInfo": "פרק 10@18.03.20",
                                "pageUrl": "/mako-vod-keshet/eretz_nehederet-s17/VOD-30a0c654f5ee071026.htm",
                                "domoClick": {
                                    "content_type": "vod",
                                    "channel_depth": -1,
                                    "clicked_item_id": "30a0c654f5ee0710VgnVCM200000650a10acRCRD",
                                    "click_type": "link",
                                    "clicked_channel_id": "19cc03b59965f610VgnVCM200000650a10acRCRD",
                                    "referring_component": "16f079a6-page-prom-refc-4bfb03e240e9",
                                    "clicked_item_url": "https://www.mako.co.il/mako-vod-keshet/eretz_nehederet-s17/VOD-30a0c654f5ee071026.htm"
                                },
                                "pics": [
                                    {
                                        "picUrl": "https://img.mako.co.il/2020/03/18/Eretz17_10_VOD_i.jpg",
                                        "altText": "פרק 10"
                                    }
                                ],
                                "aIL": true,
                                "aINT": false
                            },
                            {
                                "componentLayout": "ad",
                                "index": 1,
                                "iu": "242748299/mako/vod/vod_keshet/JAMBO1_970",
                                "sizes": "{[[970, 90]]}",
                                "mobileSizes": "{['fluid', [300, 250]]}",
                                "mobileIu": "242748299/mako/vod/vod_keshet/MOBILE_MONSTER1_300x250"
                            },
                            {
                                "componentLayout": "vod",
                                "channelId": "19cc03b59965f610VgnVCM200000650a10acRCRD",
                                "itemVcmId": "c56d3db4ca3f0710VgnVCM100000700a10acRCRD",
                                "galleryChannelId": "c56d3db4ca3f0710VgnVCM100000700a10acRCRD",
                                "title": "ספיישל קורונה ",
                                "extraInfo": "פרק 11@19.03.20",
                                "pageUrl": "/mako-vod-keshet/eretz_nehederet-s17/VOD-c56d3db4ca3f071027.htm",
                                "domoClick": {
                                    "content_type": "vod",
                                    "channel_depth": -1,
                                    "clicked_item_id": "c56d3db4ca3f0710VgnVCM100000700a10acRCRD",
                                    "click_type": "link",
                                    "clicked_channel_id": "19cc03b59965f610VgnVCM200000650a10acRCRD",
                                    "referring_component": "16f079a6-page-prom-refc-4bfb03e240e9",
                                    "clicked_item_url": "https://www.mako.co.il/mako-vod-keshet/eretz_nehederet-s17/VOD-c56d3db4ca3f071027.htm"
                                },
                                "pics": [
                                    {
                                        "picUrl": "https://img.mako.co.il/2020/03/19/eretz_nehederet17_11_VOD_i.jpg",
                                        "altText": "פרק 11"
                                    }
                                ],
                                "aIL": true,
                                "aINT": false
                            },
                            {
                                "componentLayout": "vod",
                                "channelId": "19cc03b59965f610VgnVCM200000650a10acRCRD",
                                "itemVcmId": "2885093f92211710VgnVCM200000650a10acRCRD",
                                "galleryChannelId": "2885093f92211710VgnVCM200000650a10acRCRD",
                                "title": "הכנה לסגר ",
                                "extraInfo": "פרק 12@25.03.20",
                                "pageUrl": "/mako-vod-keshet/eretz_nehederet-s17/VOD-2885093f9221171026.htm",
                                "domoClick": {
                                    "content_type": "vod",
                                    "channel_depth": -1,
                                    "clicked_item_id": "2885093f92211710VgnVCM200000650a10acRCRD",
                                    "click_type": "link",
                                    "clicked_channel_id": "19cc03b59965f610VgnVCM200000650a10acRCRD",
                                    "referring_component": "16f079a6-page-prom-refc-4bfb03e240e9",
                                    "clicked_item_url": "https://www.mako.co.il/mako-vod-keshet/eretz_nehederet-s17/VOD-2885093f9221171026.htm"
                                },
                                "pics": [
                                    {
                                        "picUrl": "https://img.mako.co.il/2020/03/25/eretz_nehederet17_12_VOD_i.jpg",
                                        "altText": "פרק 12"
                                    }
                                ],
                                "aIL": true,
                                "aINT": false
                            },
                            {
                                "componentLayout": "vod",
                                "channelId": "19cc03b59965f610VgnVCM200000650a10acRCRD",
                                "itemVcmId": "19776a5c07711710VgnVCM200000650a10acRCRD",
                                "galleryChannelId": "19776a5c07711710VgnVCM200000650a10acRCRD",
                                "title": "החיים בתוך 100 מטר ",
                                "extraInfo": "פרק 13@26.03.20",
                                "pageUrl": "/mako-vod-keshet/eretz_nehederet-s17/VOD-19776a5c0771171026.htm",
                                "domoClick": {
                                    "content_type": "vod",
                                    "channel_depth": -1,
                                    "clicked_item_id": "19776a5c07711710VgnVCM200000650a10acRCRD",
                                    "click_type": "link",
                                    "clicked_channel_id": "19cc03b59965f610VgnVCM200000650a10acRCRD",
                                    "referring_component": "16f079a6-page-prom-refc-4bfb03e240e9",
                                    "clicked_item_url": "https://www.mako.co.il/mako-vod-keshet/eretz_nehederet-s17/VOD-19776a5c0771171026.htm"
                                },
                                "pics": [
                                    {
                                        "picUrl": "https://img.mako.co.il/2020/03/26/eretz17_13_VOD_i.jpg",
                                        "altText": "פרק 13"
                                    }
                                ],
                                "aIL": true,
                                "aINT": false
                            },
                            {
                                "componentLayout": "vod",
                                "channelId": "19cc03b59965f610VgnVCM200000650a10acRCRD",
                                "itemVcmId": "8a3b024b15531710VgnVCM100000700a10acRCRD",
                                "galleryChannelId": "8a3b024b15531710VgnVCM100000700a10acRCRD",
                                "title": "סגר פסח ",
                                "extraInfo": "פרק 14@01.04.20",
                                "pageUrl": "/mako-vod-keshet/eretz_nehederet-s17/VOD-8a3b024b1553171027.htm",
                                "domoClick": {
                                    "content_type": "vod",
                                    "channel_depth": -1,
                                    "clicked_item_id": "8a3b024b15531710VgnVCM100000700a10acRCRD",
                                    "click_type": "link",
                                    "clicked_channel_id": "19cc03b59965f610VgnVCM200000650a10acRCRD",
                                    "referring_component": "16f079a6-page-prom-refc-4bfb03e240e9",
                                    "clicked_item_url": "https://www.mako.co.il/mako-vod-keshet/eretz_nehederet-s17/VOD-8a3b024b1553171027.htm"
                                },
                                "pics": [
                                    {
                                        "picUrl": "https://img.mako.co.il/2020/04/02/eretz_nehederet17_14_VOD_i.jpg",
                                        "altText": "פרק 14"
                                    }
                                ],
                                "aIL": true,
                                "aINT": false
                            },
                            {
                                "componentLayout": "vod",
                                "channelId": "19cc03b59965f610VgnVCM200000650a10acRCRD",
                                "itemVcmId": "f311f0d1d6a31710VgnVCM200000650a10acRCRD",
                                "galleryChannelId": "f311f0d1d6a31710VgnVCM200000650a10acRCRD",
                                "title": "סגר פסח נמשך",
                                "extraInfo": "פרק 15@02.04.20",
                                "pageUrl": "/mako-vod-keshet/eretz_nehederet-s17/VOD-f311f0d1d6a3171026.htm",
                                "domoClick": {
                                    "content_type": "vod",
                                    "channel_depth": -1,
                                    "clicked_item_id": "f311f0d1d6a31710VgnVCM200000650a10acRCRD",
                                    "click_type": "link",
                                    "clicked_channel_id": "19cc03b59965f610VgnVCM200000650a10acRCRD",
                                    "referring_component": "16f079a6-page-prom-refc-4bfb03e240e9",
                                    "clicked_item_url": "https://www.mako.co.il/mako-vod-keshet/eretz_nehederet-s17/VOD-f311f0d1d6a3171026.htm"
                                },
                                "pics": [
                                    {
                                        "picUrl": "https://img.mako.co.il/2020/04/02/eretz_nehederet17_15_VOD_i.jpg",
                                        "altText": "פרק 15"
                                    }
                                ],
                                "aIL": true,
                                "aINT": false
                            },
                            {
                                "componentLayout": "vod",
                                "channelId": "19cc03b59965f610VgnVCM200000650a10acRCRD",
                                "itemVcmId": "2a5106ff926c1710VgnVCM200000650a10acRCRD",
                                "galleryChannelId": "2a5106ff926c1710VgnVCM200000650a10acRCRD",
                                "title": "יום העצמאות ",
                                "extraInfo": "פרק 16@29.04.20",
                                "pageUrl": "/mako-vod-keshet/eretz_nehederet-s17/VOD-2a5106ff926c171026.htm",
                                "domoClick": {
                                    "content_type": "vod",
                                    "channel_depth": -1,
                                    "clicked_item_id": "2a5106ff926c1710VgnVCM200000650a10acRCRD",
                                    "click_type": "link",
                                    "clicked_channel_id": "19cc03b59965f610VgnVCM200000650a10acRCRD",
                                    "referring_component": "16f079a6-page-prom-refc-4bfb03e240e9",
                                    "clicked_item_url": "https://www.mako.co.il/mako-vod-keshet/eretz_nehederet-s17/VOD-2a5106ff926c171026.htm"
                                },
                                "pics": [
                                    {
                                        "picUrl": "https://img.mako.co.il/2020/04/29/eretz_nehederet17_16_VOD_i.jpg",
                                        "altText": "פרק 16"
                                    }
                                ],
                                "aIL": true,
                                "aINT": false
                            },
                            {
                                "componentLayout": "vod",
                                "channelId": "19cc03b59965f610VgnVCM200000650a10acRCRD",
                                "itemVcmId": "4716efce52be1710VgnVCM100000700a10acRCRD",
                                "galleryChannelId": "4716efce52be1710VgnVCM100000700a10acRCRD",
                                "title": "מסיבת סיום קורונה",
                                "extraInfo": "פרק 16@06.05.20",
                                "pageUrl": "/mako-vod-keshet/eretz_nehederet-s17/VOD-4716efce52be171027.htm",
                                "domoClick": {
                                    "content_type": "vod",
                                    "channel_depth": -1,
                                    "clicked_item_id": "4716efce52be1710VgnVCM100000700a10acRCRD",
                                    "click_type": "link",
                                    "clicked_channel_id": "19cc03b59965f610VgnVCM200000650a10acRCRD",
                                    "referring_component": "16f079a6-page-prom-refc-4bfb03e240e9",
                                    "clicked_item_url": "https://www.mako.co.il/mako-vod-keshet/eretz_nehederet-s17/VOD-4716efce52be171027.htm"
                                },
                                "pics": [
                                    {
                                        "picUrl": "https://img.mako.co.il/2020/05/06/erez_nehederet17_17_VOD_i.jpg",
                                        "altText": "פרק 17"
                                    }
                                ],
                                "aIL": true,
                                "aINT": false
                            },
                            {
                                "componentLayout": "vod",
                                "channelId": "19cc03b59965f610VgnVCM200000650a10acRCRD",
                                "itemVcmId": "863299b5c8ee1710VgnVCM100000700a10acRCRD",
                                "galleryChannelId": "863299b5c8ee1710VgnVCM100000700a10acRCRD",
                                "title": "הניצחון הגדול",
                                "extraInfo": "פרק 17@07.05.20",
                                "pageUrl": "/mako-vod-keshet/eretz_nehederet-s17/VOD-863299b5c8ee171027.htm",
                                "domoClick": {
                                    "content_type": "vod",
                                    "channel_depth": -1,
                                    "clicked_item_id": "863299b5c8ee1710VgnVCM100000700a10acRCRD",
                                    "click_type": "link",
                                    "clicked_channel_id": "19cc03b59965f610VgnVCM200000650a10acRCRD",
                                    "referring_component": "16f079a6-page-prom-refc-4bfb03e240e9",
                                    "clicked_item_url": "https://www.mako.co.il/mako-vod-keshet/eretz_nehederet-s17/VOD-863299b5c8ee171027.htm"
                                },
                                "pics": [
                                    {
                                        "picUrl": "https://img.mako.co.il/2020/05/07/eretz17_18_VOD_i.jpg",
                                        "altText": "פרק 18"
                                    }
                                ],
                                "aIL": true,
                                "aINT": false
                            },
                            {
                                "componentLayout": "vod",
                                "channelId": "19cc03b59965f610VgnVCM200000650a10acRCRD",
                                "itemVcmId": "3e89409ab9212710VgnVCM200000650a10acRCRD",
                                "galleryChannelId": "3e89409ab9212710VgnVCM200000650a10acRCRD",
                                "title": "חזרה לשגרה ",
                                "extraInfo": "פרק 18@14.05.20",
                                "pageUrl": "/mako-vod-keshet/eretz_nehederet-s17/VOD-3e89409ab921271026.htm",
                                "domoClick": {
                                    "content_type": "vod",
                                    "channel_depth": -1,
                                    "clicked_item_id": "3e89409ab9212710VgnVCM200000650a10acRCRD",
                                    "click_type": "link",
                                    "clicked_channel_id": "19cc03b59965f610VgnVCM200000650a10acRCRD",
                                    "referring_component": "16f079a6-page-prom-refc-4bfb03e240e9",
                                    "clicked_item_url": "https://www.mako.co.il/mako-vod-keshet/eretz_nehederet-s17/VOD-3e89409ab921271026.htm"
                                },
                                "pics": [
                                    {
                                        "picUrl": "https://img.mako.co.il/2020/05/15/eretz_nehederet17_19_VOD_i.jpg",
                                        "altText": "פרק 19"
                                    }
                                ],
                                "aIL": true,
                                "aINT": false
                            },
                            {
                                "componentLayout": "vod",
                                "channelId": "19cc03b59965f610VgnVCM200000650a10acRCRD",
                                "itemVcmId": "d316b989bd122710VgnVCM200000650a10acRCRD",
                                "galleryChannelId": "d316b989bd122710VgnVCM200000650a10acRCRD",
                                "title": "ספיישל השבעת הממשלה ",
                                "extraInfo": "פרק 19@17.05.20",
                                "pageUrl": "/mako-vod-keshet/eretz_nehederet-s17/VOD-d316b989bd12271026.htm",
                                "domoClick": {
                                    "content_type": "vod",
                                    "channel_depth": -1,
                                    "clicked_item_id": "d316b989bd122710VgnVCM200000650a10acRCRD",
                                    "click_type": "link",
                                    "clicked_channel_id": "19cc03b59965f610VgnVCM200000650a10acRCRD",
                                    "referring_component": "16f079a6-page-prom-refc-4bfb03e240e9",
                                    "clicked_item_url": "https://www.mako.co.il/mako-vod-keshet/eretz_nehederet-s17/VOD-d316b989bd12271026.htm"
                                },
                                "pics": [
                                    {
                                        "picUrl": "https://img.mako.co.il/2020/05/17/eretz_nehederet17_20_VOD_i.jpg",
                                        "altText": "פרק 20"
                                    }
                                ],
                                "aIL": true,
                                "aINT": false
                            },
                            {
                                "componentLayout": "vod",
                                "channelId": "19cc03b59965f610VgnVCM200000650a10acRCRD",
                                "itemVcmId": "afd12fb60b132710VgnVCM100000700a10acRCRD",
                                "galleryChannelId": "afd12fb60b132710VgnVCM100000700a10acRCRD",
                                "title": "מהדורה חמה במיוחד ",
                                "extraInfo": "פרק 20@20.05.20",
                                "pageUrl": "/mako-vod-keshet/eretz_nehederet-s17/VOD-afd12fb60b13271027.htm",
                                "domoClick": {
                                    "content_type": "vod",
                                    "channel_depth": -1,
                                    "clicked_item_id": "afd12fb60b132710VgnVCM100000700a10acRCRD",
                                    "click_type": "link",
                                    "clicked_channel_id": "19cc03b59965f610VgnVCM200000650a10acRCRD",
                                    "referring_component": "16f079a6-page-prom-refc-4bfb03e240e9",
                                    "clicked_item_url": "https://www.mako.co.il/mako-vod-keshet/eretz_nehederet-s17/VOD-afd12fb60b13271027.htm"
                                },
                                "pics": [
                                    {
                                        "picUrl": "https://img.mako.co.il/2020/05/22/eretz17_21_VOD_i.jpg",
                                        "altText": "פרק 21"
                                    }
                                ],
                                "aIL": true,
                                "aINT": false
                            },
                            {
                                "componentLayout": "vod",
                                "channelId": "19cc03b59965f610VgnVCM200000650a10acRCRD",
                                "itemVcmId": "ff05837d21732710VgnVCM100000700a10acRCRD",
                                "galleryChannelId": "ff05837d21732710VgnVCM100000700a10acRCRD",
                                "title": "עוד כותרות",
                                "extraInfo": "פרק 21@21.05.20",
                                "pageUrl": "/mako-vod-keshet/eretz_nehederet-s17/VOD-ff05837d2173271027.htm",
                                "domoClick": {
                                    "content_type": "vod",
                                    "channel_depth": -1,
                                    "clicked_item_id": "ff05837d21732710VgnVCM100000700a10acRCRD",
                                    "click_type": "link",
                                    "clicked_channel_id": "19cc03b59965f610VgnVCM200000650a10acRCRD",
                                    "referring_component": "16f079a6-page-prom-refc-4bfb03e240e9",
                                    "clicked_item_url": "https://www.mako.co.il/mako-vod-keshet/eretz_nehederet-s17/VOD-ff05837d2173271027.htm"
                                },
                                "pics": [
                                    {
                                        "picUrl": "https://img.mako.co.il/2020/01/08/erez01_i.jpg",
                                        "altText": "וילון ארץ נהדרת עונה 17"
                                    }
                                ],
                                "aIL": true,
                                "aINT": false
                            },
                            {
                                "componentLayout": "vod",
                                "channelId": "19cc03b59965f610VgnVCM200000650a10acRCRD",
                                "itemVcmId": "2390cc09adb42710VgnVCM200000650a10acRCRD",
                                "galleryChannelId": "2390cc09adb42710VgnVCM200000650a10acRCRD",
                                "title": "נאום נתניהו ",
                                "extraInfo": "פרק 22@25.05.20",
                                "pageUrl": "/mako-vod-keshet/eretz_nehederet-s17/VOD-2390cc09adb4271026.htm",
                                "domoClick": {
                                    "content_type": "vod",
                                    "channel_depth": -1,
                                    "clicked_item_id": "2390cc09adb42710VgnVCM200000650a10acRCRD",
                                    "click_type": "link",
                                    "clicked_channel_id": "19cc03b59965f610VgnVCM200000650a10acRCRD",
                                    "referring_component": "16f079a6-page-prom-refc-4bfb03e240e9",
                                    "clicked_item_url": "https://www.mako.co.il/mako-vod-keshet/eretz_nehederet-s17/VOD-2390cc09adb4271026.htm"
                                },
                                "pics": [
                                    {
                                        "picUrl": "https://img.mako.co.il/2020/05/25/eretz17_250520_priza_VOD_i.jpg",
                                        "altText": "פריצה- 25.05.20"
                                    }
                                ],
                                "aIL": true,
                                "aINT": false
                            },
                            {
                                "componentLayout": "vod",
                                "channelId": "19cc03b59965f610VgnVCM200000650a10acRCRD",
                                "itemVcmId": "82bbb60cf7a72710VgnVCM100000700a10acRCRD",
                                "galleryChannelId": "82bbb60cf7a72710VgnVCM100000700a10acRCRD",
                                "title": "השקת הגל השני ",
                                "extraInfo": "פרק 23@03.06.20",
                                "pageUrl": "/mako-vod-keshet/eretz_nehederet-s17/VOD-82bbb60cf7a7271027.htm",
                                "domoClick": {
                                    "content_type": "vod",
                                    "channel_depth": -1,
                                    "clicked_item_id": "82bbb60cf7a72710VgnVCM100000700a10acRCRD",
                                    "click_type": "link",
                                    "clicked_channel_id": "19cc03b59965f610VgnVCM200000650a10acRCRD",
                                    "referring_component": "16f079a6-page-prom-refc-4bfb03e240e9",
                                    "clicked_item_url": "https://www.mako.co.il/mako-vod-keshet/eretz_nehederet-s17/VOD-82bbb60cf7a7271027.htm"
                                },
                                "pics": [
                                    {
                                        "picUrl": "https://img.mako.co.il/2020/06/03/eretz17_22_VOD_i.jpg",
                                        "altText": "פרק 22"
                                    }
                                ],
                                "aIL": true,
                                "aINT": false
                            },
                            {
                                "componentLayout": "vod",
                                "channelId": "19cc03b59965f610VgnVCM200000650a10acRCRD",
                                "itemVcmId": "d91fa47be7e92710VgnVCM200000650a10acRCRD",
                                "galleryChannelId": "d91fa47be7e92710VgnVCM200000650a10acRCRD",
                                "title": "מסיבת סיום סודית ",
                                "extraInfo": "פרק 24@10.06.20",
                                "pageUrl": "/mako-vod-keshet/eretz_nehederet-s17/VOD-d91fa47be7e9271026.htm",
                                "domoClick": {
                                    "content_type": "vod",
                                    "channel_depth": -1,
                                    "clicked_item_id": "d91fa47be7e92710VgnVCM200000650a10acRCRD",
                                    "click_type": "link",
                                    "clicked_channel_id": "19cc03b59965f610VgnVCM200000650a10acRCRD",
                                    "referring_component": "16f079a6-page-prom-refc-4bfb03e240e9",
                                    "clicked_item_url": "https://www.mako.co.il/mako-vod-keshet/eretz_nehederet-s17/VOD-d91fa47be7e9271026.htm"
                                },
                                "pics": [
                                    {
                                        "picUrl": "https://img.mako.co.il/2020/06/11/eretz17_23_VOD_i.jpg",
                                        "altText": "פרק 23"
                                    }
                                ],
                                "aIL": true,
                                "aINT": false
                            },
                            {
                                "componentLayout": "vod",
                                "channelId": "19cc03b59965f610VgnVCM200000650a10acRCRD",
                                "itemVcmId": "166d3e146a173710VgnVCM200000650a10acRCRD",
                                "galleryChannelId": "166d3e146a173710VgnVCM200000650a10acRCRD",
                                "title": "עוד כותרות - הגל השני ",
                                "extraInfo": "פרק 27@21.07.20",
                                "pageUrl": "/mako-vod-keshet/eretz_nehederet-s17/VOD-166d3e146a17371026.htm",
                                "domoClick": {
                                    "content_type": "vod",
                                    "channel_depth": -1,
                                    "clicked_item_id": "166d3e146a173710VgnVCM200000650a10acRCRD",
                                    "click_type": "link",
                                    "clicked_channel_id": "19cc03b59965f610VgnVCM200000650a10acRCRD",
                                    "referring_component": "16f079a6-page-prom-refc-4bfb03e240e9",
                                    "clicked_item_url": "https://www.mako.co.il/mako-vod-keshet/eretz_nehederet-s17/VOD-166d3e146a17371026.htm"
                                },
                                "pics": [
                                    {
                                        "picUrl": "https://img.mako.co.il/2020/07/21/eretz_od_kotarot_03_VOD_i.jpg",
                                        "altText": "עוד כותרות- פרק 3"
                                    }
                                ],
                                "aIL": true,
                                "aINT": false
                            }
                        ]
                    },
                    {
                        "buttonText": "קטעים קצרים",
                        "id": "shorts",
                        "vcmid": "40452cacfaef6810VgnVCM100000700a10acRCRD",
                        "channelId": "40452cacfaef6810VgnVCM100000700a10acRCRD",
                        "makoRefComp": "Shorts",
                        "pageUrl": "/mako-vod-keshet/eretz_nehederet-s17/shorts",
                        "domoClick": {
                            "content_type": "channel",
                            "channel_depth": -1,
                            "clicked_item_id": "40452cacfaef6810VgnVCM100000700a10acRCRD",
                            "click_type": "link",
                            "clicked_channel_id": "40452cacfaef6810VgnVCM100000700a10acRCRD",
                            "referring_component": "9ced3b0e-page-navi-refc-eb3fe7b8e0de",
                            "clicked_item_url": "https://www.mako.co.il/mako-vod-keshet/eretz_nehederet-s17/shorts"
                        },
                        "open": false
                    },
                    {
                        "buttonText": "קרדיטים",
                        "id": "credits",
                        "vcmid": "Credits",
                        "channelId": "19cc03b59965f610VgnVCM200000650a10acRCRD",
                        "makoRefComp": "Credits",
                        "pageUrl": "/mako-vod-keshet/eretz_nehederet-s22?type=credits",
                        "domoClick": {
                            "content_type": "fabricated",
                            "clicked_item_id": "a7a32f51-cred-its--id-e-0491fe30f859",
                            "click_type": "link",
                            "clicked_channel_id": "bc6a5d06d46f2910VgnVCM200000650a10acRCRD",
                            "referring_component": "9ced3b0e-page-navi-refc-eb3fe7b8e0de",
                            "clicked_item_url": "https://www.mako.co.il/mako-vod-keshet/eretz_nehederet-s22?type=credits"
                        },
                        "credits": [
                            {
                                "value": "רועי פלורנטין, ירון שילון, אמיר אוקרייניץ",
                                "key": "director",
                                "text": "במאי:"
                            },
                            {
                                "value": "מולי שגב",
                                "key": "mainEditor",
                                "text": "עורך ראשי:"
                            },
                            {
                                "value": "שירי מיכאלי",
                                "key": "producer",
                                "text": "מפיק:"
                            }
                        ]
                    }
                ],
                "historyObject": {
                    "title": "עונת הבחירות 2020",
                    "programId": "5cf467a604643210VgnVCM2000002a0c10acRCRD",
                    "pageUrl": "/mako-vod-keshet/eretz_nehederet-s17/VOD-30d8475f5e38f61027.htm",
                    "domoClick": {
                        "content_type": "vod",
                        "channel_depth": 3,
                        "clicked_item_id": "30d8475f5e38f610VgnVCM100000700a10acRCRD",
                        "click_type": "link",
                        "clicked_channel_id": "19cc03b59965f610VgnVCM200000650a10acRCRD",
                        "referring_component": "ERROR_NO_REFERRER",
                        "clicked_item_url": "https://www.mako.co.il/mako-vod-keshet/eretz_nehederet-s17/VOD-30d8475f5e38f61027.htm"
                    },
                    "picUrl": "https://img.mako.co.il/2020/01/09/eretz17_01_VOD_fix_i.jpg",
                    "hero": {
                        "title": "ארץ נהדרת",
                        "extraInfo": "עונה 17@פרק 1@08.01.20",
                        "picUrl": "https://img.mako.co.il/2021/07/15/eretz_17_HD_re.jpg",
                        "logo": "https://img.mako.co.il/2022/06/21/logo_eretz.png",
                        "subtitle": "עונת הבחירות 2020",
                        "description": "ארץ נהדרת חוזרת"
                    },
                    "buttonText": "להמשך צפייה בעונה 17 פרק 1",
                    "sch": "19cc03b59965f610",
                    "seasonUrl": "/mako-vod-keshet/eretz_nehederet-s17"
                }
            }
        },
        "__N_SSP": true
    },
    "page": "/[mako_vod_channel]/[program]",
    "query": {
        "mako_vod_channel": "mako-vod-keshet",
        "program": "eretz_nehederet-s17"
    },
    "buildId": "5.15.0",
    "assetPrefix": "/mako-vod",
    "isFallback": false,
    "gssp": true,
    "customServer": true,
    "scriptLoader": []
}