{
    "props": {
        "pageProps": {
            "menu": {
                "lastUpdate": "Mon, 11 Nov 2024 23:36:02 +0200",
                "timestamp": 1731360962551,
                "header": {
                    "guid": "00b23f399647c710VgnVCM200000650a10acRCRD",
                    "categories": [
                        {
                            "name": "ראשי",
                            "icon": "https://img.mako.co.il/2021/10/10/home.png",
                            "url": "/mako-vod",
                            "domoClick": {
                                "content_type": "channel",
                                "teaser_id": "a27a2dcbacf4c710VgnVCM200000650a10acRCRD",
                                "click_type": "link",
                                "clicked_item_id": "b5f4c13070733210VgnVCM2000002a0c10acRCRD",
                                "channel_depth": 1,
                                "clicked_item_url": "https://www.mako.co.il/mako-vod",
                                "referring_component": "8eb76bc8-glob-navi-refc-2ad659ccef22",
                                "clicked_channel_id": "b5f4c13070733210VgnVCM2000002a0c10acRCRD"
                            }
                        },
                        {
                            "name": "LIVE",
                            "icon": "https://img.mako.co.il/2021/10/10/live.png",
                            "url": "/mako-vod-live-tv/VOD-6540b8dcb64fd31006.htm",
                            "domoClick": {
                                "content_type": "vod",
                                "teaser_id": "a66819cdc7a6c710VgnVCM100000700a10acRCRD",
                                "click_type": "link",
                                "clicked_item_id": "6540b8dcb64fd310VgnVCM2000002a0c10acRCRD",
                                "channel_depth": 1,
                                "clicked_item_url": "https://www.mako.co.il/mako-vod-live-tv/VOD-6540b8dcb64fd31006.htm",
                                "referring_component": "8eb76bc8-glob-navi-refc-2ad659ccef22",
                                "clicked_channel_id": "5d28d21b4580e310VgnVCM2000002a0c10acRCRD"
                            }
                        },
                        {
                            "name": "תוכניות",
                            "icon": "https://img.mako.co.il/2021/10/10/index.png",
                            "url": "/mako-vod-index",
                            "domoClick": {
                                "content_type": "channel",
                                "teaser_id": "3e8819cdc7a6c710VgnVCM100000700a10acRCRD",
                                "click_type": "link",
                                "clicked_item_id": "05c2e4caebbe3210VgnVCM100000290c10acRCRD",
                                "channel_depth": 2,
                                "clicked_item_url": "https://www.mako.co.il/mako-vod-index",
                                "referring_component": "8eb76bc8-glob-navi-refc-2ad659ccef22",
                                "clicked_channel_id": "05c2e4caebbe3210VgnVCM100000290c10acRCRD"
                            }
                        }
                    ]
                },
                "footer": {
                    "guid": "bc533f399647c710VgnVCM200000650a10acRCRD",
                    "categories": [
                        {
                            "name": "אודות +12",
                            "url": "https://makospecial.co.il/about-12plus?makoOpenChromeTabs=1?partner=12plusFooterLinks",
                            "domoClick": {
                                "content_type": "unknown",
                                "teaser_id": "6b2a6503efec9810VgnVCM200000650a10acRCRD",
                                "click_type": "link",
                                "clicked_item_id": "unknown",
                                "channel_depth": -1,
                                "clicked_item_url": "https://makospecial.co.il/about-12plus?makoOpenChromeTabs=1?partner=12plusFooterLinks",
                                "referring_component": "2d2c13d6-glob-foot-refc-de190b394505",
                                "clicked_channel_id": "unknown"
                            }
                        },
                        {
                            "name": "עזרה",
                            "url": "https://www.mako.co.il/mako-vod-help",
                            "domoClick": {
                                "content_type": "channel",
                                "teaser_id": "1a0e40b549a6c710VgnVCM100000700a10acRCRD",
                                "click_type": "link",
                                "clicked_item_id": "f13ad9f49196e710VgnVCM200000650a10acRCRD",
                                "channel_depth": 2,
                                "clicked_item_url": "https://www.mako.co.il/mako-vod-help",
                                "referring_component": "2d2c13d6-glob-foot-refc-de190b394505",
                                "clicked_channel_id": "f13ad9f49196e710VgnVCM200000650a10acRCRD"
                            }
                        },
                        {
                            "name": "לפנייה במייל",
                            "url": "mail",
                            "domoClick": {
                                "content_type": "channel",
                                "teaser_id": "f4ca40b549a6c710VgnVCM100000700a10acRCRD",
                                "click_type": "link",
                                "clicked_item_id": "3d385dd2dd5d4110VgnVCM100000290c10acRCRD",
                                "channel_depth": 0,
                                "clicked_item_url": "https://www.mako.co.ilmail",
                                "referring_component": "2d2c13d6-glob-foot-refc-de190b394505",
                                "clicked_channel_id": "3d385dd2dd5d4110VgnVCM100000290c10acRCRD"
                            }
                        },
                        {
                            "name": "לפנייה ב whatsapp",
                            "url": "https://wa.me/972502010818",
                            "domoClick": {
                                "content_type": "unknown",
                                "teaser_id": "27c4464ed643c810VgnVCM100000700a10acRCRD",
                                "click_type": "link",
                                "clicked_item_id": "unknown",
                                "channel_depth": -1,
                                "clicked_item_url": "https://wa.me/972502010818",
                                "referring_component": "2d2c13d6-glob-foot-refc-de190b394505",
                                "clicked_channel_id": "unknown"
                            }
                        },
                        {
                            "name": "תקנון",
                            "url": "https://www.mako.co.il/mako-vod-help/Article-dd0b75e6b096e71026.htm?partner=12plusFooterLinks",
                            "domoClick": {
                                "content_type": "Article",
                                "teaser_id": "757f40b549a6c710VgnVCM100000700a10acRCRD",
                                "click_type": "link",
                                "clicked_item_id": "dd0b75e6b096e710VgnVCM200000650a10acRCRD",
                                "channel_depth": 2,
                                "clicked_item_url": "https://www.mako.co.il/mako-vod-help/Article-dd0b75e6b096e71026.htm?partner=12plusFooterLinks",
                                "referring_component": "2d2c13d6-glob-foot-refc-de190b394505",
                                "clicked_channel_id": "f13ad9f49196e710VgnVCM200000650a10acRCRD"
                            }
                        },
                        {
                            "name": "הסדרי נגישות",
                            "url": "https://www.mako.co.il/help-5bb6bf4ccf39c110/Article-b7ff18a9de86471026.htm?partner=12plusFooterLinks",
                            "domoClick": {
                                "content_type": "Article",
                                "teaser_id": "23f4495772220810VgnVCM200000650a10acRCRD",
                                "click_type": "link",
                                "clicked_item_id": "b7ff18a9de864710VgnVCM200000650a10acRCRD",
                                "channel_depth": 2,
                                "clicked_item_url": "https://www.mako.co.il/help-5bb6bf4ccf39c110/Article-b7ff18a9de86471026.htm?partner=12plusFooterLinks",
                                "referring_component": "2d2c13d6-glob-foot-refc-de190b394505",
                                "clicked_channel_id": "5bb6bf4ccf39c110VgnVCM100000290c10acRCRD"
                            }
                        },
                        {
                            "name": "מדיניות פרטיות ותנאי שימוש",
                            "url": "https://www.mako.co.il/help-terms-of-use/Article-d37908dd1674c11006.htm?partner=12plusFooterLinks",
                            "domoClick": {
                                "content_type": "Article",
                                "teaser_id": "e5c040b549a6c710VgnVCM100000700a10acRCRD",
                                "click_type": "link",
                                "clicked_item_id": "d37908dd1674c110VgnVCM2000002a0c10acRCRD",
                                "channel_depth": 2,
                                "clicked_item_url": "https://www.mako.co.il/help-terms-of-use/Article-d37908dd1674c11006.htm?partner=12plusFooterLinks",
                                "referring_component": "2d2c13d6-glob-foot-refc-de190b394505",
                                "clicked_channel_id": "345705dfcebcb110VgnVCM2000002a0c10acRCRD"
                            }
                        }
                    ]
                }
            },
            "logos": {
                "lastUpdate": "Mon, 11 Nov 2024 23:36:02 +0200",
                "timestamp": 1731360962405,
                "headerLogo": {
                    "guid": "9dabeac4fa6cc710VgnVCM200000650a10acRCRD",
                    "desktopLogo": "https://img.mako.co.il/2024/10/10/logo-12-desktop.png",
                    "mobileWebLogo": "https://img.mako.co.il/2024/10/10/LOGO_12_mobile.png",
                    "mobileAppLogo": "https://img.mako.co.il/2024/10/09/LOGO_12__mobileApp.png",
                    "smartTVLogo": "https://img.mako.co.il/2021/10/28/Logo_12+_smartTV.png"
                }
            },
            "data": {
                "lastUpdate": "Sun, 10 Nov 2024 15:09:11 +0200",
                "timestamp": 1731244151106,
                "pageType": "Subvertical",
                "channelId": "17d1ef997de86710VgnVCM100000700a10acRCRD",
                "sch": "17d1ef997de86710",
                "channelName": "עונה 18",
                "pageUrl": "/mako-vod-keshet/eretz_nehederet-s18",
                "domoPageView": {
                    "content_type": "channel",
                    "item_id": "17d1ef997de86710VgnVCM100000700a10acRCRD",
                    "channel_id": "17d1ef997de86710VgnVCM100000700a10acRCRD",
                    "channel_depth": 3,
                    "page_url": "https://www.mako.co.il/mako-vod-keshet/eretz_nehederet-s18",
                    "is_blocked_content": {
                        "israel": 0,
                        "international": 0
                    }
                },
                "preload": true,
                "makoCatDFP": {
                    "cust_params": {
                        "location_sub_campaign": "%LOCATION_SUB_CAMPAIGN%",
                        "payinguser": "%IS_PAYING_USER%",
                        "video_from_time": "%VIDEO_FROM_TIME%",
                        "bundleId": "%PRODUCT_BUNDLE_ID%",
                        "pushTags": "%PUSH_TAGS%",
                        "language": "%LANGUAGE%",
                        "locale": "%LOCALE%",
                        "deviceid": "%DEVICE_ID%",
                        "version": "%VERSION%",
                        "devicetype": "%DEVICE_TYPE%",
                        "MAKOPAGE": "%GUID%",
                        "advertiserId": "%ADVERTISER_ID%",
                        "carrier": "%CARRIER%",
                        "LEVEL4": "vod_eretz",
                        "osVersion": "%OS_VERSION%",
                        "LEVEL5": "s18",
                        "paidContent": "%IS_PAID_CONTENT%",
                        "appid": "%APP_ID%",
                        "makoHN": "%HOUSE_NUMBERS%",
                        "random_number": "%RANDOM_NUMBER%",
                        "osType": "%OS_TYPE%",
                        "deviceModel": "%DEVICE_MODEL%",
                        "pushTrigger": "%PUSH_TRIGGER%"
                    },
                    "iu": "/242748299/mako/vod/vod_keshet/"
                },
                "seo": {
                    "title": "ארץ נהדרת, עונה 18 - לצפייה ישירה",
                    "description": "ארץ נהדרת עונה 18 לצפייה ישירה. בחירות סבב ד' – גוש השינוי מנצח ובנט ראש הממשלה, השוטרים טלקר ואלירן מנסים לאכוף את הנחיות הקורונה ושאולי רוצה מלחמת אזרחים ",
                    "type": "tv_show",
                    "image": "https://img.mako.co.il/2021/03/25/eretz_yaniv_HD_Size2_autoOrient_i.jpg",
                    "canonical": "https://www.mako.co.il/mako-vod-keshet/eretz_nehederet-s18",
                    "schema": {
                        "@context": "https://schema.org",
                        "@type": "TVSeason",
                        "name": "עונה 18",
                        "description": "בחירות סבב ד' – גוש השינוי מנצח ובנט ראש הממשלה, השוטרים טלקר ואלירן מנסים לאכוף את הנחיות הקורונה ושאולי רוצה מלחמת אזרחים ",
                        "image": "https://img.mako.co.il/2021/03/25/eretz_yaniv_HD_Size2_autoOrient_i.jpg",
                        "numberOfEpisodes": 23,
                        "url": "https://www.mako.co.il/mako-vod-keshet/eretz_nehederet-s18",
                        "partOfTVSeries": {
                            "@type": "TVSeries",
                            "name": "ארץ נהדרת",
                            "url": "https://www.mako.co.il/mako-vod-keshet/eretz_nehederet"
                        },
                        "genre": [
                            "בידור",
                            "קומדיה"
                        ],
                        "actor": [
                            {
                                "@type": "Person",
                                "name": "איל קיציס"
                            },
                            {
                                "@type": "Person",
                                "name": "אסי כהן"
                            },
                            {
                                "@type": "Person",
                                "name": "מריאנו אידלמן"
                            },
                            {
                                "@type": "Person",
                                "name": "אלי פיניש"
                            },
                            {
                                "@type": "Person",
                                "name": "ערן זרחוביץ'"
                            },
                            {
                                "@type": "Person",
                                "name": "יובל סמו"
                            },
                            {
                                "@type": "Person",
                                "name": "רועי בר נתן"
                            },
                            {
                                "@type": "Person",
                                "name": "ירון ברלד"
                            },
                            {
                                "@type": "Person",
                                "name": "שני כהן"
                            },
                            {
                                "@type": "Person",
                                "name": "עלמה זק"
                            },
                            {
                                "@type": "Person",
                                "name": "ליאת הר לב"
                            },
                            {
                                "@type": "Person",
                                "name": "תום יער"
                            },
                            {
                                "@type": "Person",
                                "name": "תמיר בר ואמיר שורוש"
                            }
                        ],
                        "director": [
                            {
                                "@type": "Person",
                                "name": "רועי פלורנטין"
                            },
                            {
                                "@type": "Person",
                                "name": "ירון שילון"
                            },
                            {
                                "@type": "Person",
                                "name": "אמיר אוקרייניץ"
                            }
                        ],
                        "provider": {
                            "@type": "Organization",
                            "name": "תכניות קשת"
                        },
                        "publisher": {
                            "@type": "NewsMediaOrganization",
                            "name": "שידורי קשת"
                        },
                        "sameAs": [
                            "https://www.mako.co.il/tv-erez-nehederet/cc0e3d99ade16110"
                        ]
                    }
                },
                "vod": {
                    "channelId": "17d1ef997de86710VgnVCM100000700a10acRCRD",
                    "itemVcmId": "96a4b65d22e64710VgnVCM200000650a10acRCRD",
                    "galleryChannelId": "96a4b65d22e64710VgnVCM200000650a10acRCRD",
                    "programId": "5cf467a604643210VgnVCM2000002a0c10acRCRD",
                    "mostCurrent": false,
                    "pageUrl": "/mako-vod-keshet/eretz_nehederet-s18/VOD-96a4b65d22e6471026.htm",
                    "domoClick": {
                        "content_type": "vod",
                        "channel_depth": -1,
                        "clicked_item_id": "96a4b65d22e64710VgnVCM200000650a10acRCRD",
                        "click_type": "link",
                        "clicked_channel_id": "17d1ef997de86710VgnVCM100000700a10acRCRD",
                        "referring_component": "080b8750-hero-41d9-refc-e6bfe67f099c",
                        "clicked_item_url": "https://www.mako.co.il/mako-vod-keshet/eretz_nehederet-s18/VOD-96a4b65d22e6471026.htm"
                    },
                    "domoPlay": {
                        "content_type": "vod",
                        "item_id": "96a4b65d22e64710VgnVCM200000650a10acRCRD",
                        "channel_id": "17d1ef997de86710VgnVCM100000700a10acRCRD",
                        "channel_depth": 3
                    },
                    "aIL": true,
                    "aINT": true,
                    "iPromoType": "Program"
                },
                "hero": {
                    "extraInfo": "23 עונות",
                    "itemVcmId": "75959787b4e99710VgnVCM100000700a10acRCRD",
                    "channelId": "17d1ef997de86710VgnVCM100000700a10acRCRD",
                    "logo": "https://img.mako.co.il/2022/06/21/logo_eretz.png",
                    "logoAltText": "לוגו ארץ נהדרת 2016",
                    "description": "בחירות סבב ד' – גוש השינוי מנצח ובנט ראש הממשלה, השוטרים טלקר ואלירן מנסים לאכוף את הנחיות הקורונה ושאולי רוצה מלחמת אזרחים ",
                    "pics": [
                        {
                            "picUrl": "https://img.mako.co.il/2021/04/19/irena_shauli_HD_re.jpg",
                            "altText": "ארץ נהדרת - שאולי ואירנה - HD, כרטיס אשראי, ז'אנר, מובייל"
                        },
                        {
                            "picUrl": "https://img.mako.co.il/2021/04/19/agas_HD_re.jpg",
                            "altText": "ארץ נהדרת - אגס קימל - HD, כרטיס אשראי, ז'אנר, מובייל"
                        },
                        {
                            "picUrl": "https://img.mako.co.il/2021/04/19/taxi_HD_re.jpg",
                            "altText": "ארץ נהדרת - אשר - HD, כרטיס אשראי, מובייל, ז'אנר"
                        },
                        {
                            "picUrl": "https://img.mako.co.il/2021/04/19/tortelim_HD_re.jpg",
                            "altText": "ארץ נהדרת - טורטלים - HD, ז'אנר, מובייל"
                        },
                        {
                            "picUrl": "https://img.mako.co.il/2021/04/19/rokahat_HD_re.jpg",
                            "altText": "ארץ נהדרת - רוקחת - HD, ז'אנר, כרטיס אשראי, מובייל"
                        },
                        {
                            "picUrl": "https://img.mako.co.il/2021/04/19/benet_other_HD_re.jpg",
                            "altText": "ארץ נהדרת - בנט שקד ואחרים - HD"
                        }
                    ],
                    "mobilePics": [
                        {
                            "picUrl": "https://img.mako.co.il/2021/08/22/eretz_irena_shauli_3_e.jpg",
                            "altText": "ארץ נהדרת - שאולי ואירנה - HD, כרטיס אשראי, ז'אנר, מובייל"
                        },
                        {
                            "picUrl": "https://img.mako.co.il/2021/08/22/eretz_agas_2_e.jpg",
                            "altText": "ארץ נהדרת - אגס קימל - HD, כרטיס אשראי, ז'אנר, מובייל"
                        },
                        {
                            "picUrl": "https://img.mako.co.il/2021/08/22/eretz_taxi_4_e.jpg",
                            "altText": "ארץ נהדרת - אשר - HD, כרטיס אשראי, מובייל, ז'אנר"
                        },
                        {
                            "picUrl": "https://img.mako.co.il/2021/08/22/eretz_tortelim_5_e.jpg",
                            "altText": "ארץ נהדרת - טורטלים - HD, ז'אנר, מובייל"
                        },
                        {
                            "picUrl": "https://img.mako.co.il/2021/08/22/eretz_salma_7a_e.jpg",
                            "altText": "ארץ נהדרת - רוקחת - HD, ז'אנר, כרטיס אשראי, מובייל"
                        }
                    ],
                    "buttonText": "עונה 18 פרק 1",
                    "makoRefComp": "Specific_Episode"
                },
                "seasons": [
                    {
                        "current": false,
                        "seasonTitle": "עונה 1",
                        "pageUrl": "/mako-vod-keshet/eretz_nehederet-s1",
                        "domoClick": {
                            "content_type": "channel",
                            "channel_depth": -1,
                            "clicked_item_id": "bae667a604643210VgnVCM2000002a0c10acRCRD",
                            "click_type": "link",
                            "clicked_channel_id": "bae667a604643210VgnVCM2000002a0c10acRCRD",
                            "referring_component": "9ced3b0e-page-navi-refc-eb3fe7b8e0de",
                            "clicked_item_url": "https://www.mako.co.il/mako-vod-keshet/eretz_nehederet-s1"
                        }
                    },
                    {
                        "current": false,
                        "seasonTitle": "עונה 2",
                        "pageUrl": "/mako-vod-keshet/eretz_nehederet-s2",
                        "domoClick": {
                            "content_type": "channel",
                            "channel_depth": -1,
                            "clicked_item_id": "3d9af64d35643210VgnVCM2000002a0c10acRCRD",
                            "click_type": "link",
                            "clicked_channel_id": "3d9af64d35643210VgnVCM2000002a0c10acRCRD",
                            "referring_component": "9ced3b0e-page-navi-refc-eb3fe7b8e0de",
                            "clicked_item_url": "https://www.mako.co.il/mako-vod-keshet/eretz_nehederet-s2"
                        }
                    },
                    {
                        "current": false,
                        "seasonTitle": "עונה 3",
                        "pageUrl": "/mako-vod-keshet/eretz_nehederet-s3",
                        "domoClick": {
                            "content_type": "channel",
                            "channel_depth": -1,
                            "clicked_item_id": "43cef64d35643210VgnVCM2000002a0c10acRCRD",
                            "click_type": "link",
                            "clicked_channel_id": "43cef64d35643210VgnVCM2000002a0c10acRCRD",
                            "referring_component": "9ced3b0e-page-navi-refc-eb3fe7b8e0de",
                            "clicked_item_url": "https://www.mako.co.il/mako-vod-keshet/eretz_nehederet-s3"
                        }
                    },
                    {
                        "current": false,
                        "seasonTitle": "עונה 4",
                        "pageUrl": "/mako-vod-keshet/eretz_nehederet-s4",
                        "domoClick": {
                            "content_type": "channel",
                            "channel_depth": -1,
                            "clicked_item_id": "d251f64d35643210VgnVCM2000002a0c10acRCRD",
                            "click_type": "link",
                            "clicked_channel_id": "d251f64d35643210VgnVCM2000002a0c10acRCRD",
                            "referring_component": "9ced3b0e-page-navi-refc-eb3fe7b8e0de",
                            "clicked_item_url": "https://www.mako.co.il/mako-vod-keshet/eretz_nehederet-s4"
                        }
                    },
                    {
                        "current": false,
                        "seasonTitle": "עונה 5",
                        "pageUrl": "/mako-vod-keshet/eretz_nehederet-s5",
                        "domoClick": {
                            "content_type": "channel",
                            "channel_depth": -1,
                            "clicked_item_id": "7a03f64d35643210VgnVCM2000002a0c10acRCRD",
                            "click_type": "link",
                            "clicked_channel_id": "7a03f64d35643210VgnVCM2000002a0c10acRCRD",
                            "referring_component": "9ced3b0e-page-navi-refc-eb3fe7b8e0de",
                            "clicked_item_url": "https://www.mako.co.il/mako-vod-keshet/eretz_nehederet-s5"
                        }
                    },
                    {
                        "current": false,
                        "seasonTitle": "עונה 6",
                        "pageUrl": "/mako-vod-keshet/eretz_nehederet-s6",
                        "domoClick": {
                            "content_type": "channel",
                            "channel_depth": -1,
                            "clicked_item_id": "1144f64d35643210VgnVCM2000002a0c10acRCRD",
                            "click_type": "link",
                            "clicked_channel_id": "1144f64d35643210VgnVCM2000002a0c10acRCRD",
                            "referring_component": "9ced3b0e-page-navi-refc-eb3fe7b8e0de",
                            "clicked_item_url": "https://www.mako.co.il/mako-vod-keshet/eretz_nehederet-s6"
                        }
                    },
                    {
                        "current": false,
                        "seasonTitle": "עונה 7",
                        "pageUrl": "/mako-vod-keshet/eretz_nehederet-s7",
                        "domoClick": {
                            "content_type": "channel",
                            "channel_depth": -1,
                            "clicked_item_id": "d0990484ddef5210VgnVCM2000002a0c10acRCRD",
                            "click_type": "link",
                            "clicked_channel_id": "d0990484ddef5210VgnVCM2000002a0c10acRCRD",
                            "referring_component": "9ced3b0e-page-navi-refc-eb3fe7b8e0de",
                            "clicked_item_url": "https://www.mako.co.il/mako-vod-keshet/eretz_nehederet-s7"
                        }
                    },
                    {
                        "current": false,
                        "seasonTitle": "עונה 8",
                        "pageUrl": "/mako-vod-keshet/eretz_nehederet-s8",
                        "domoClick": {
                            "content_type": "channel",
                            "channel_depth": -1,
                            "clicked_item_id": "d839b3585edfc210VgnVCM2000002a0c10acRCRD",
                            "click_type": "link",
                            "clicked_channel_id": "d839b3585edfc210VgnVCM2000002a0c10acRCRD",
                            "referring_component": "9ced3b0e-page-navi-refc-eb3fe7b8e0de",
                            "clicked_item_url": "https://www.mako.co.il/mako-vod-keshet/eretz_nehederet-s8"
                        }
                    },
                    {
                        "current": false,
                        "seasonTitle": "עונה 9",
                        "pageUrl": "/mako-vod-keshet/eretz_nehederet-s9",
                        "domoClick": {
                            "content_type": "channel",
                            "channel_depth": -1,
                            "clicked_item_id": "2c9f87e7250f4310VgnVCM2000002a0c10acRCRD",
                            "click_type": "link",
                            "clicked_channel_id": "2c9f87e7250f4310VgnVCM2000002a0c10acRCRD",
                            "referring_component": "9ced3b0e-page-navi-refc-eb3fe7b8e0de",
                            "clicked_item_url": "https://www.mako.co.il/mako-vod-keshet/eretz_nehederet-s9"
                        }
                    },
                    {
                        "current": false,
                        "seasonTitle": "עונה 10",
                        "pageUrl": "/mako-vod-keshet/eretz_nehederet-s10",
                        "domoClick": {
                            "content_type": "channel",
                            "channel_depth": -1,
                            "clicked_item_id": "fa4d7c38f47cb310VgnVCM2000002a0c10acRCRD",
                            "click_type": "link",
                            "clicked_channel_id": "fa4d7c38f47cb310VgnVCM2000002a0c10acRCRD",
                            "referring_component": "9ced3b0e-page-navi-refc-eb3fe7b8e0de",
                            "clicked_item_url": "https://www.mako.co.il/mako-vod-keshet/eretz_nehederet-s10"
                        }
                    },
                    {
                        "current": false,
                        "seasonTitle": "עונה 11",
                        "pageUrl": "/mako-vod-keshet/eretz_nehederet-s11",
                        "domoClick": {
                            "content_type": "channel",
                            "channel_depth": -1,
                            "clicked_item_id": "5adfa33919243410VgnVCM2000002a0c10acRCRD",
                            "click_type": "link",
                            "clicked_channel_id": "5adfa33919243410VgnVCM2000002a0c10acRCRD",
                            "referring_component": "9ced3b0e-page-navi-refc-eb3fe7b8e0de",
                            "clicked_item_url": "https://www.mako.co.il/mako-vod-keshet/eretz_nehederet-s11"
                        }
                    },
                    {
                        "current": false,
                        "seasonTitle": "עונה 12",
                        "pageUrl": "/mako-vod-keshet/eretz_nehederet-s12",
                        "domoClick": {
                            "content_type": "channel",
                            "channel_depth": -1,
                            "clicked_item_id": "de317051b0cfa410VgnVCM2000002a0c10acRCRD",
                            "click_type": "link",
                            "clicked_channel_id": "de317051b0cfa410VgnVCM2000002a0c10acRCRD",
                            "referring_component": "9ced3b0e-page-navi-refc-eb3fe7b8e0de",
                            "clicked_item_url": "https://www.mako.co.il/mako-vod-keshet/eretz_nehederet-s12"
                        }
                    },
                    {
                        "current": false,
                        "seasonTitle": "עונה 13",
                        "pageUrl": "/mako-vod-keshet/eretz_nehederet-s13",
                        "domoClick": {
                            "content_type": "channel",
                            "channel_depth": -1,
                            "clicked_item_id": "d1417e27b9382510VgnVCM2000002a0c10acRCRD",
                            "click_type": "link",
                            "clicked_channel_id": "d1417e27b9382510VgnVCM2000002a0c10acRCRD",
                            "referring_component": "9ced3b0e-page-navi-refc-eb3fe7b8e0de",
                            "clicked_item_url": "https://www.mako.co.il/mako-vod-keshet/eretz_nehederet-s13"
                        }
                    },
                    {
                        "current": false,
                        "seasonTitle": "עונה 14",
                        "pageUrl": "/mako-vod-keshet/eretz_nehederet-s14",
                        "domoClick": {
                            "content_type": "channel",
                            "channel_depth": -1,
                            "clicked_item_id": "00cb73568955a510VgnVCM2000002a0c10acRCRD",
                            "click_type": "link",
                            "clicked_channel_id": "00cb73568955a510VgnVCM2000002a0c10acRCRD",
                            "referring_component": "9ced3b0e-page-navi-refc-eb3fe7b8e0de",
                            "clicked_item_url": "https://www.mako.co.il/mako-vod-keshet/eretz_nehederet-s14"
                        }
                    },
                    {
                        "current": false,
                        "seasonTitle": "עונה 15",
                        "pageUrl": "/mako-vod-keshet/eretz_nehederet-s15",
                        "domoClick": {
                            "content_type": "channel",
                            "channel_depth": -1,
                            "clicked_item_id": "6ca45b54fd76f510VgnVCM2000002a0c10acRCRD",
                            "click_type": "link",
                            "clicked_channel_id": "6ca45b54fd76f510VgnVCM2000002a0c10acRCRD",
                            "referring_component": "9ced3b0e-page-navi-refc-eb3fe7b8e0de",
                            "clicked_item_url": "https://www.mako.co.il/mako-vod-keshet/eretz_nehederet-s15"
                        }
                    },
                    {
                        "current": false,
                        "seasonTitle": "עונה 16",
                        "pageUrl": "/mako-vod-keshet/eretz_nehederet-s-16",
                        "domoClick": {
                            "content_type": "channel",
                            "channel_depth": -1,
                            "clicked_item_id": "943afc01ace08610VgnVCM2000002a0c10acRCRD",
                            "click_type": "link",
                            "clicked_channel_id": "943afc01ace08610VgnVCM2000002a0c10acRCRD",
                            "referring_component": "9ced3b0e-page-navi-refc-eb3fe7b8e0de",
                            "clicked_item_url": "https://www.mako.co.il/mako-vod-keshet/eretz_nehederet-s-16"
                        }
                    },
                    {
                        "current": false,
                        "seasonTitle": "עונה 17",
                        "pageUrl": "/mako-vod-keshet/eretz_nehederet-s17",
                        "domoClick": {
                            "content_type": "channel",
                            "channel_depth": -1,
                            "clicked_item_id": "19cc03b59965f610VgnVCM200000650a10acRCRD",
                            "click_type": "link",
                            "clicked_channel_id": "19cc03b59965f610VgnVCM200000650a10acRCRD",
                            "referring_component": "9ced3b0e-page-navi-refc-eb3fe7b8e0de",
                            "clicked_item_url": "https://www.mako.co.il/mako-vod-keshet/eretz_nehederet-s17"
                        }
                    },
                    {
                        "current": false,
                        "seasonTitle": "עוד כותרות",
                        "pageUrl": "/mako-vod-keshet/eretz_nehederet-more_headlines",
                        "domoClick": {
                            "content_type": "channel",
                            "channel_depth": -1,
                            "clicked_item_id": "42d5b1b0749b3710VgnVCM100000700a10acRCRD",
                            "click_type": "link",
                            "clicked_channel_id": "42d5b1b0749b3710VgnVCM100000700a10acRCRD",
                            "referring_component": "9ced3b0e-page-navi-refc-eb3fe7b8e0de",
                            "clicked_item_url": "https://www.mako.co.il/mako-vod-keshet/eretz_nehederet-more_headlines"
                        }
                    },
                    {
                        "current": true,
                        "seasonTitle": "עונה 18",
                        "pageUrl": "/mako-vod-keshet/eretz_nehederet-s18",
                        "domoClick": {
                            "content_type": "channel",
                            "channel_depth": -1,
                            "clicked_item_id": "17d1ef997de86710VgnVCM100000700a10acRCRD",
                            "click_type": "link",
                            "clicked_channel_id": "17d1ef997de86710VgnVCM100000700a10acRCRD",
                            "referring_component": "9ced3b0e-page-navi-refc-eb3fe7b8e0de",
                            "clicked_item_url": "https://www.mako.co.il/mako-vod-keshet/eretz_nehederet-s18"
                        }
                    },
                    {
                        "current": false,
                        "seasonTitle": "עונה 19",
                        "pageUrl": "/mako-vod-keshet/eretz_nehederet-s19",
                        "domoClick": {
                            "content_type": "channel",
                            "channel_depth": -1,
                            "clicked_item_id": "d371563eb8bec710VgnVCM200000650a10acRCRD",
                            "click_type": "link",
                            "clicked_channel_id": "d371563eb8bec710VgnVCM200000650a10acRCRD",
                            "referring_component": "9ced3b0e-page-navi-refc-eb3fe7b8e0de",
                            "clicked_item_url": "https://www.mako.co.il/mako-vod-keshet/eretz_nehederet-s19"
                        }
                    },
                    {
                        "current": false,
                        "seasonTitle": "עונה 20",
                        "pageUrl": "/mako-vod-keshet/eretz_nehederet-s20",
                        "domoClick": {
                            "content_type": "channel",
                            "channel_depth": -1,
                            "clicked_item_id": "20bf32f4a0a53810VgnVCM100000700a10acRCRD",
                            "click_type": "link",
                            "clicked_channel_id": "20bf32f4a0a53810VgnVCM100000700a10acRCRD",
                            "referring_component": "9ced3b0e-page-navi-refc-eb3fe7b8e0de",
                            "clicked_item_url": "https://www.mako.co.il/mako-vod-keshet/eretz_nehederet-s20"
                        }
                    },
                    {
                        "current": false,
                        "seasonTitle": "עונה 21",
                        "pageUrl": "/mako-vod-keshet/eretz_nehederet-s21",
                        "domoClick": {
                            "content_type": "channel",
                            "channel_depth": -1,
                            "clicked_item_id": "b5ae2a8ecab7b810VgnVCM100000700a10acRCRD",
                            "click_type": "link",
                            "clicked_channel_id": "b5ae2a8ecab7b810VgnVCM100000700a10acRCRD",
                            "referring_component": "9ced3b0e-page-navi-refc-eb3fe7b8e0de",
                            "clicked_item_url": "https://www.mako.co.il/mako-vod-keshet/eretz_nehederet-s21"
                        }
                    },
                    {
                        "current": false,
                        "seasonTitle": "עונה 22",
                        "pageUrl": "/mako-vod-keshet/eretz_nehederet-s22",
                        "domoClick": {
                            "content_type": "channel",
                            "channel_depth": -1,
                            "clicked_item_id": "bc6a5d06d46f2910VgnVCM200000650a10acRCRD",
                            "click_type": "link",
                            "clicked_channel_id": "bc6a5d06d46f2910VgnVCM200000650a10acRCRD",
                            "referring_component": "9ced3b0e-page-navi-refc-eb3fe7b8e0de",
                            "clicked_item_url": "https://www.mako.co.il/mako-vod-keshet/eretz_nehederet-s22"
                        }
                    }
                ],
                "menu": [
                    {
                        "buttonText": "פרקים",
                        "id": "allEpisodes",
                        "vcmid": "17d1ef997de86710VgnVCM100000700a10acRCRD",
                        "channelId": "17d1ef997de86710VgnVCM100000700a10acRCRD",
                        "makoRefComp": "All_Episodes",
                        "pageUrl": "/mako-vod-keshet/eretz_nehederet-s18",
                        "domoClick": {
                            "content_type": "channel",
                            "channel_depth": -1,
                            "clicked_item_id": "17d1ef997de86710VgnVCM100000700a10acRCRD",
                            "click_type": "link",
                            "clicked_channel_id": "17d1ef997de86710VgnVCM100000700a10acRCRD",
                            "referring_component": "9ced3b0e-page-navi-refc-eb3fe7b8e0de",
                            "clicked_item_url": "https://www.mako.co.il/mako-vod-keshet/eretz_nehederet-s18"
                        },
                        "open": true,
                        "vods": [
                            {
                                "componentLayout": "vod",
                                "channelId": "17d1ef997de86710VgnVCM100000700a10acRCRD",
                                "itemVcmId": "96a4b65d22e64710VgnVCM200000650a10acRCRD",
                                "galleryChannelId": "96a4b65d22e64710VgnVCM200000650a10acRCRD",
                                "title": "ספיישל פתיחת השנה",
                                "extraInfo": "פרק 1@08.09.20",
                                "pageUrl": "/mako-vod-keshet/eretz_nehederet-s18/VOD-96a4b65d22e6471026.htm",
                                "domoClick": {
                                    "content_type": "vod",
                                    "channel_depth": -1,
                                    "clicked_item_id": "96a4b65d22e64710VgnVCM200000650a10acRCRD",
                                    "click_type": "link",
                                    "clicked_channel_id": "17d1ef997de86710VgnVCM100000700a10acRCRD",
                                    "referring_component": "16f079a6-page-prom-refc-4bfb03e240e9",
                                    "clicked_item_url": "https://www.mako.co.il/mako-vod-keshet/eretz_nehederet-s18/VOD-96a4b65d22e6471026.htm"
                                },
                                "pics": [
                                    {
                                        "picUrl": "https://img.mako.co.il/2020/09/09/Eretz17_24_VOD_i.jpg",
                                        "altText": "פרק 24"
                                    }
                                ],
                                "aIL": true,
                                "aINT": true
                            },
                            {
                                "componentLayout": "vod",
                                "channelId": "17d1ef997de86710VgnVCM100000700a10acRCRD",
                                "itemVcmId": "599e8f47955b4710VgnVCM200000650a10acRCRD",
                                "galleryChannelId": "599e8f47955b4710VgnVCM200000650a10acRCRD",
                                "title": "ספיישל סליחות ",
                                "extraInfo": "פרק 2@22.09.20",
                                "pageUrl": "/mako-vod-keshet/eretz_nehederet-s18/VOD-599e8f47955b471026.htm",
                                "domoClick": {
                                    "content_type": "vod",
                                    "channel_depth": -1,
                                    "clicked_item_id": "599e8f47955b4710VgnVCM200000650a10acRCRD",
                                    "click_type": "link",
                                    "clicked_channel_id": "17d1ef997de86710VgnVCM100000700a10acRCRD",
                                    "referring_component": "16f079a6-page-prom-refc-4bfb03e240e9",
                                    "clicked_item_url": "https://www.mako.co.il/mako-vod-keshet/eretz_nehederet-s18/VOD-599e8f47955b471026.htm"
                                },
                                "pics": [
                                    {
                                        "picUrl": "https://img.mako.co.il/2020/09/23/Eretz17_25_VOD_i.jpg",
                                        "altText": "פרק 25"
                                    }
                                ],
                                "aIL": true,
                                "aINT": false
                            },
                            {
                                "componentLayout": "vod",
                                "channelId": "17d1ef997de86710VgnVCM100000700a10acRCRD",
                                "itemVcmId": "36c68bd6a8f86710VgnVCM200000650a10acRCRD",
                                "galleryChannelId": "36c68bd6a8f86710VgnVCM200000650a10acRCRD",
                                "title": "ארץ נהדרת פותחת עונה",
                                "extraInfo": "פרק 1@23.12.20",
                                "pageUrl": "/mako-vod-keshet/eretz_nehederet-s18/VOD-36c68bd6a8f8671026.htm",
                                "domoClick": {
                                    "content_type": "vod",
                                    "channel_depth": -1,
                                    "clicked_item_id": "36c68bd6a8f86710VgnVCM200000650a10acRCRD",
                                    "click_type": "link",
                                    "clicked_channel_id": "17d1ef997de86710VgnVCM100000700a10acRCRD",
                                    "referring_component": "16f079a6-page-prom-refc-4bfb03e240e9",
                                    "clicked_item_url": "https://www.mako.co.il/mako-vod-keshet/eretz_nehederet-s18/VOD-36c68bd6a8f8671026.htm"
                                },
                                "pics": [
                                    {
                                        "picUrl": "https://img.mako.co.il/2020/12/25/eretz18_01_VOD_FIX__autoOrient_i.jpg",
                                        "altText": "פרק 01"
                                    }
                                ],
                                "aIL": true,
                                "aINT": true
                            },
                            {
                                "componentLayout": "vod",
                                "channelId": "17d1ef997de86710VgnVCM100000700a10acRCRD",
                                "itemVcmId": "9d4c5bd1fc2b6710VgnVCM200000650a10acRCRD",
                                "galleryChannelId": "9d4c5bd1fc2b6710VgnVCM200000650a10acRCRD",
                                "title": "מסיבת סילבסטר",
                                "extraInfo": "פרק 2@30.12.20",
                                "pageUrl": "/mako-vod-keshet/eretz_nehederet-s18/VOD-9d4c5bd1fc2b671026.htm",
                                "domoClick": {
                                    "content_type": "vod",
                                    "channel_depth": -1,
                                    "clicked_item_id": "9d4c5bd1fc2b6710VgnVCM200000650a10acRCRD",
                                    "click_type": "link",
                                    "clicked_channel_id": "17d1ef997de86710VgnVCM100000700a10acRCRD",
                                    "referring_component": "16f079a6-page-prom-refc-4bfb03e240e9",
                                    "clicked_item_url": "https://www.mako.co.il/mako-vod-keshet/eretz_nehederet-s18/VOD-9d4c5bd1fc2b671026.htm"
                                },
                                "pics": [
                                    {
                                        "picUrl": "https://img.mako.co.il/2020/12/30/eretz18_02_VOD_autoOrient_i.jpg",
                                        "altText": "פרק 02"
                                    }
                                ],
                                "aIL": true,
                                "aINT": false
                            },
                            {
                                "componentLayout": "vod",
                                "channelId": "17d1ef997de86710VgnVCM100000700a10acRCRD",
                                "itemVcmId": "0ecfcb2dd18d6710VgnVCM200000650a10acRCRD",
                                "galleryChannelId": "0ecfcb2dd18d6710VgnVCM200000650a10acRCRD",
                                "title": "חגיגת החיסונים הגדולה",
                                "extraInfo": "פרק 3@06.01.21",
                                "pageUrl": "/mako-vod-keshet/eretz_nehederet-s18/VOD-0ecfcb2dd18d671026.htm",
                                "domoClick": {
                                    "content_type": "vod",
                                    "channel_depth": -1,
                                    "clicked_item_id": "0ecfcb2dd18d6710VgnVCM200000650a10acRCRD",
                                    "click_type": "link",
                                    "clicked_channel_id": "17d1ef997de86710VgnVCM100000700a10acRCRD",
                                    "referring_component": "16f079a6-page-prom-refc-4bfb03e240e9",
                                    "clicked_item_url": "https://www.mako.co.il/mako-vod-keshet/eretz_nehederet-s18/VOD-0ecfcb2dd18d671026.htm"
                                },
                                "pics": [
                                    {
                                        "picUrl": "https://img.mako.co.il/2021/01/06/eretz18_03_VOD_autoOrient_i.jpg",
                                        "altText": "פרק 03"
                                    }
                                ],
                                "aIL": true,
                                "aINT": false
                            },
                            {
                                "componentLayout": "vod",
                                "channelId": "17d1ef997de86710VgnVCM100000700a10acRCRD",
                                "itemVcmId": "745d031b4fbf6710VgnVCM100000700a10acRCRD",
                                "galleryChannelId": "745d031b4fbf6710VgnVCM100000700a10acRCRD",
                                "title": "הסגר \"האחרון\"",
                                "extraInfo": "פרק 4@13.01.21",
                                "pageUrl": "/mako-vod-keshet/eretz_nehederet-s18/VOD-745d031b4fbf671027.htm",
                                "domoClick": {
                                    "content_type": "vod",
                                    "channel_depth": -1,
                                    "clicked_item_id": "745d031b4fbf6710VgnVCM100000700a10acRCRD",
                                    "click_type": "link",
                                    "clicked_channel_id": "17d1ef997de86710VgnVCM100000700a10acRCRD",
                                    "referring_component": "16f079a6-page-prom-refc-4bfb03e240e9",
                                    "clicked_item_url": "https://www.mako.co.il/mako-vod-keshet/eretz_nehederet-s18/VOD-745d031b4fbf671027.htm"
                                },
                                "pics": [
                                    {
                                        "picUrl": "https://img.mako.co.il/2021/01/13/eretz18_04_VOD_autoOrient_i.jpg",
                                        "altText": "פרק 04"
                                    }
                                ],
                                "aIL": true,
                                "aINT": false
                            },
                            {
                                "componentLayout": "vod",
                                "channelId": "17d1ef997de86710VgnVCM100000700a10acRCRD",
                                "itemVcmId": "3ce595ff1d247710VgnVCM100000700a10acRCRD",
                                "galleryChannelId": "3ce595ff1d247710VgnVCM100000700a10acRCRD",
                                "title": "מנצחים את המוטציות",
                                "extraInfo": "פרק 5@27.01.21",
                                "pageUrl": "/mako-vod-keshet/eretz_nehederet-s18/VOD-3ce595ff1d24771027.htm",
                                "domoClick": {
                                    "content_type": "vod",
                                    "channel_depth": -1,
                                    "clicked_item_id": "3ce595ff1d247710VgnVCM100000700a10acRCRD",
                                    "click_type": "link",
                                    "clicked_channel_id": "17d1ef997de86710VgnVCM100000700a10acRCRD",
                                    "referring_component": "16f079a6-page-prom-refc-4bfb03e240e9",
                                    "clicked_item_url": "https://www.mako.co.il/mako-vod-keshet/eretz_nehederet-s18/VOD-3ce595ff1d24771027.htm"
                                },
                                "pics": [
                                    {
                                        "picUrl": "https://img.mako.co.il/2021/01/28/eretz18_06_VOD_fix_autoOrient_i.jpg",
                                        "altText": "פרק 05"
                                    }
                                ],
                                "aIL": true,
                                "aINT": false
                            },
                            {
                                "componentLayout": "vod",
                                "channelId": "17d1ef997de86710VgnVCM100000700a10acRCRD",
                                "itemVcmId": "d74f54630f747710VgnVCM200000650a10acRCRD",
                                "galleryChannelId": "d74f54630f747710VgnVCM200000650a10acRCRD",
                                "title": "הגושים מתחדשים",
                                "extraInfo": "פרק 6@28.01.21",
                                "pageUrl": "/mako-vod-keshet/eretz_nehederet-s18/VOD-d74f54630f74771026.htm",
                                "domoClick": {
                                    "content_type": "vod",
                                    "channel_depth": -1,
                                    "clicked_item_id": "d74f54630f747710VgnVCM200000650a10acRCRD",
                                    "click_type": "link",
                                    "clicked_channel_id": "17d1ef997de86710VgnVCM100000700a10acRCRD",
                                    "referring_component": "16f079a6-page-prom-refc-4bfb03e240e9",
                                    "clicked_item_url": "https://www.mako.co.il/mako-vod-keshet/eretz_nehederet-s18/VOD-d74f54630f74771026.htm"
                                },
                                "pics": [
                                    {
                                        "picUrl": "https://img.mako.co.il/2021/01/28/retz18_06_VOD_GMak12_autoOrient_i.jpg",
                                        "altText": "פרק 06"
                                    }
                                ],
                                "aIL": true,
                                "aINT": false
                            },
                            {
                                "componentLayout": "vod",
                                "channelId": "17d1ef997de86710VgnVCM100000700a10acRCRD",
                                "itemVcmId": "b76df90c28867710VgnVCM100000700a10acRCRD",
                                "galleryChannelId": "b76df90c28867710VgnVCM100000700a10acRCRD",
                                "title": "סוגרים את הרשימות",
                                "extraInfo": "פרק 7@03.02.21",
                                "pageUrl": "/mako-vod-keshet/eretz_nehederet-s18/VOD-b76df90c2886771027.htm",
                                "domoClick": {
                                    "content_type": "vod",
                                    "channel_depth": -1,
                                    "clicked_item_id": "b76df90c28867710VgnVCM100000700a10acRCRD",
                                    "click_type": "link",
                                    "clicked_channel_id": "17d1ef997de86710VgnVCM100000700a10acRCRD",
                                    "referring_component": "16f079a6-page-prom-refc-4bfb03e240e9",
                                    "clicked_item_url": "https://www.mako.co.il/mako-vod-keshet/eretz_nehederet-s18/VOD-b76df90c2886771027.htm"
                                },
                                "pics": [
                                    {
                                        "picUrl": "https://img.mako.co.il/2021/02/03/erez_nehederet18_7_VOD_autoOrient_i.jpg",
                                        "altText": "פרק 07"
                                    }
                                ],
                                "aIL": true,
                                "aINT": false
                            },
                            {
                                "componentLayout": "vod",
                                "channelId": "17d1ef997de86710VgnVCM100000700a10acRCRD",
                                "itemVcmId": "e625b3c6eca87710VgnVCM200000650a10acRCRD",
                                "galleryChannelId": "e625b3c6eca87710VgnVCM200000650a10acRCRD",
                                "title": "קבינט החינוך",
                                "extraInfo": "פרק 8@10.02.21",
                                "pageUrl": "/mako-vod-keshet/eretz_nehederet-s18/VOD-e625b3c6eca8771026.htm",
                                "domoClick": {
                                    "content_type": "vod",
                                    "channel_depth": -1,
                                    "clicked_item_id": "e625b3c6eca87710VgnVCM200000650a10acRCRD",
                                    "click_type": "link",
                                    "clicked_channel_id": "17d1ef997de86710VgnVCM100000700a10acRCRD",
                                    "referring_component": "16f079a6-page-prom-refc-4bfb03e240e9",
                                    "clicked_item_url": "https://www.mako.co.il/mako-vod-keshet/eretz_nehederet-s18/VOD-e625b3c6eca8771026.htm"
                                },
                                "pics": [
                                    {
                                        "picUrl": "https://img.mako.co.il/2021/02/11/erez_nehederet18_8_VOD_FIX_autoOrient_i.jpg",
                                        "altText": "פרק 08"
                                    }
                                ],
                                "aIL": true,
                                "aINT": false
                            },
                            {
                                "componentLayout": "ad",
                                "index": 1,
                                "iu": "242748299/mako/vod/vod_keshet/JAMBO1_970",
                                "sizes": "{[[970, 90]]}",
                                "mobileSizes": "{['fluid', [300, 250]]}",
                                "mobileIu": "242748299/mako/vod/vod_keshet/MOBILE_MONSTER1_300x250"
                            },
                            {
                                "componentLayout": "vod",
                                "channelId": "17d1ef997de86710VgnVCM100000700a10acRCRD",
                                "itemVcmId": "bc4430ab8eea7710VgnVCM200000650a10acRCRD",
                                "galleryChannelId": "bc4430ab8eea7710VgnVCM200000650a10acRCRD",
                                "title": "הראיון הלא מצונזר",
                                "extraInfo": "פרק 9@17.02.21",
                                "pageUrl": "/mako-vod-keshet/eretz_nehederet-s18/VOD-bc4430ab8eea771026.htm",
                                "domoClick": {
                                    "content_type": "vod",
                                    "channel_depth": -1,
                                    "clicked_item_id": "bc4430ab8eea7710VgnVCM200000650a10acRCRD",
                                    "click_type": "link",
                                    "clicked_channel_id": "17d1ef997de86710VgnVCM100000700a10acRCRD",
                                    "referring_component": "16f079a6-page-prom-refc-4bfb03e240e9",
                                    "clicked_item_url": "https://www.mako.co.il/mako-vod-keshet/eretz_nehederet-s18/VOD-bc4430ab8eea771026.htm"
                                },
                                "pics": [
                                    {
                                        "picUrl": "https://img.mako.co.il/2021/02/17/Eretz18_09_VOD_autoOrient_i.jpg",
                                        "altText": "פרק 09"
                                    }
                                ],
                                "aIL": true,
                                "aINT": false
                            },
                            {
                                "componentLayout": "vod",
                                "channelId": "17d1ef997de86710VgnVCM100000700a10acRCRD",
                                "itemVcmId": "b3cfd79b6f2d7710VgnVCM200000650a10acRCRD",
                                "galleryChannelId": "b3cfd79b6f2d7710VgnVCM200000650a10acRCRD",
                                "title": "מסיבת פורים",
                                "extraInfo": "פרק 10@24.02.21",
                                "pageUrl": "/mako-vod-keshet/eretz_nehederet-s18/VOD-b3cfd79b6f2d771026.htm",
                                "domoClick": {
                                    "content_type": "vod",
                                    "channel_depth": -1,
                                    "clicked_item_id": "b3cfd79b6f2d7710VgnVCM200000650a10acRCRD",
                                    "click_type": "link",
                                    "clicked_channel_id": "17d1ef997de86710VgnVCM100000700a10acRCRD",
                                    "referring_component": "16f079a6-page-prom-refc-4bfb03e240e9",
                                    "clicked_item_url": "https://www.mako.co.il/mako-vod-keshet/eretz_nehederet-s18/VOD-b3cfd79b6f2d771026.htm"
                                },
                                "pics": [
                                    {
                                        "picUrl": "https://img.mako.co.il/2021/02/24/Eretz18_10_VOD_autoOrient_i.jpg",
                                        "altText": "פרק 10"
                                    }
                                ],
                                "aIL": true,
                                "aINT": false
                            },
                            {
                                "componentLayout": "vod",
                                "channelId": "17d1ef997de86710VgnVCM100000700a10acRCRD",
                                "itemVcmId": "516d6fdc617f7710VgnVCM100000700a10acRCRD",
                                "galleryChannelId": "516d6fdc617f7710VgnVCM100000700a10acRCRD",
                                "title": "מפגש הזוגות הגדול",
                                "extraInfo": "פרק 11@03.03.21",
                                "pageUrl": "/mako-vod-keshet/eretz_nehederet-s18/VOD-516d6fdc617f771027.htm",
                                "domoClick": {
                                    "content_type": "vod",
                                    "channel_depth": -1,
                                    "clicked_item_id": "516d6fdc617f7710VgnVCM100000700a10acRCRD",
                                    "click_type": "link",
                                    "clicked_channel_id": "17d1ef997de86710VgnVCM100000700a10acRCRD",
                                    "referring_component": "16f079a6-page-prom-refc-4bfb03e240e9",
                                    "clicked_item_url": "https://www.mako.co.il/mako-vod-keshet/eretz_nehederet-s18/VOD-516d6fdc617f771027.htm"
                                },
                                "pics": [
                                    {
                                        "picUrl": "https://img.mako.co.il/2021/03/03/Eretz18_11_VOD_autoOrient_i.jpg",
                                        "altText": "פרק 11"
                                    }
                                ],
                                "aIL": true,
                                "aINT": false
                            },
                            {
                                "componentLayout": "vod",
                                "channelId": "17d1ef997de86710VgnVCM100000700a10acRCRD",
                                "itemVcmId": "fcf5a20842f38710VgnVCM200000650a10acRCRD",
                                "galleryChannelId": "fcf5a20842f38710VgnVCM200000650a10acRCRD",
                                "title": "העימות",
                                "extraInfo": "פרק 12@17.03.21",
                                "pageUrl": "/mako-vod-keshet/eretz_nehederet-s18/VOD-fcf5a20842f3871026.htm",
                                "domoClick": {
                                    "content_type": "vod",
                                    "channel_depth": -1,
                                    "clicked_item_id": "fcf5a20842f38710VgnVCM200000650a10acRCRD",
                                    "click_type": "link",
                                    "clicked_channel_id": "17d1ef997de86710VgnVCM100000700a10acRCRD",
                                    "referring_component": "16f079a6-page-prom-refc-4bfb03e240e9",
                                    "clicked_item_url": "https://www.mako.co.il/mako-vod-keshet/eretz_nehederet-s18/VOD-fcf5a20842f3871026.htm"
                                },
                                "pics": [
                                    {
                                        "picUrl": "https://img.mako.co.il/2021/03/17/Eretz18_12_VOD_autoOrient_i.jpg",
                                        "altText": "פרק 12"
                                    }
                                ],
                                "aIL": true,
                                "aINT": false
                            },
                            {
                                "componentLayout": "vod",
                                "channelId": "17d1ef997de86710VgnVCM100000700a10acRCRD",
                                "itemVcmId": "ea92805664448710VgnVCM200000650a10acRCRD",
                                "galleryChannelId": "ea92805664448710VgnVCM200000650a10acRCRD",
                                "title": "העימות האחרון",
                                "extraInfo": "פרק 13@18.03.21",
                                "pageUrl": "/mako-vod-keshet/eretz_nehederet-s18/VOD-ea9280566444871026.htm",
                                "domoClick": {
                                    "content_type": "vod",
                                    "channel_depth": -1,
                                    "clicked_item_id": "ea92805664448710VgnVCM200000650a10acRCRD",
                                    "click_type": "link",
                                    "clicked_channel_id": "17d1ef997de86710VgnVCM100000700a10acRCRD",
                                    "referring_component": "16f079a6-page-prom-refc-4bfb03e240e9",
                                    "clicked_item_url": "https://www.mako.co.il/mako-vod-keshet/eretz_nehederet-s18/VOD-ea9280566444871026.htm"
                                },
                                "pics": [
                                    {
                                        "picUrl": "https://img.mako.co.il/2021/03/18/Eretz18_13_VOD_autoOrient_i.jpg",
                                        "altText": "פרק 13"
                                    }
                                ],
                                "aIL": true,
                                "aINT": false
                            },
                            {
                                "componentLayout": "vod",
                                "channelId": "17d1ef997de86710VgnVCM100000700a10acRCRD",
                                "itemVcmId": "2c47d83290958710VgnVCM200000650a10acRCRD",
                                "galleryChannelId": "2c47d83290958710VgnVCM200000650a10acRCRD",
                                "title": "בחירות 2021",
                                "extraInfo": "פרק 14@23.03.21",
                                "pageUrl": "/mako-vod-keshet/eretz_nehederet-s18/VOD-2c47d8329095871026.htm",
                                "domoClick": {
                                    "content_type": "vod",
                                    "channel_depth": -1,
                                    "clicked_item_id": "2c47d83290958710VgnVCM200000650a10acRCRD",
                                    "click_type": "link",
                                    "clicked_channel_id": "17d1ef997de86710VgnVCM100000700a10acRCRD",
                                    "referring_component": "16f079a6-page-prom-refc-4bfb03e240e9",
                                    "clicked_item_url": "https://www.mako.co.il/mako-vod-keshet/eretz_nehederet-s18/VOD-2c47d8329095871026.htm"
                                },
                                "pics": [
                                    {
                                        "picUrl": "https://img.mako.co.il/2021/03/23/Eretz18_14_VOD_autoOrient_i.jpg",
                                        "altText": "פרק 14"
                                    }
                                ],
                                "aIL": true,
                                "aINT": false
                            },
                            {
                                "componentLayout": "vod",
                                "channelId": "17d1ef997de86710VgnVCM100000700a10acRCRD",
                                "itemVcmId": "d0e3523d435c8710VgnVCM200000650a10acRCRD",
                                "galleryChannelId": "d0e3523d435c8710VgnVCM200000650a10acRCRD",
                                "title": "ספיישל עצמאות",
                                "extraInfo": "פרק 15@15.04.21",
                                "pageUrl": "/mako-vod-keshet/eretz_nehederet-s18/VOD-d0e3523d435c871026.htm",
                                "domoClick": {
                                    "content_type": "vod",
                                    "channel_depth": -1,
                                    "clicked_item_id": "d0e3523d435c8710VgnVCM200000650a10acRCRD",
                                    "click_type": "link",
                                    "clicked_channel_id": "17d1ef997de86710VgnVCM100000700a10acRCRD",
                                    "referring_component": "16f079a6-page-prom-refc-4bfb03e240e9",
                                    "clicked_item_url": "https://www.mako.co.il/mako-vod-keshet/eretz_nehederet-s18/VOD-d0e3523d435c871026.htm"
                                },
                                "pics": [
                                    {
                                        "picUrl": "https://img.mako.co.il/2021/04/15/Eretz18_15_VOD_autoOrient_i.jpg",
                                        "altText": "פרק 15"
                                    }
                                ],
                                "aIL": true,
                                "aINT": false
                            },
                            {
                                "componentLayout": "vod",
                                "channelId": "17d1ef997de86710VgnVCM100000700a10acRCRD",
                                "itemVcmId": "47836a6c53719710VgnVCM200000650a10acRCRD",
                                "galleryChannelId": "47836a6c53719710VgnVCM200000650a10acRCRD",
                                "title": "מהדורת קיץ",
                                "extraInfo": "פרק 16@28.04.21",
                                "pageUrl": "/mako-vod-keshet/eretz_nehederet-s18/VOD-47836a6c5371971026.htm",
                                "domoClick": {
                                    "content_type": "vod",
                                    "channel_depth": -1,
                                    "clicked_item_id": "47836a6c53719710VgnVCM200000650a10acRCRD",
                                    "click_type": "link",
                                    "clicked_channel_id": "17d1ef997de86710VgnVCM100000700a10acRCRD",
                                    "referring_component": "16f079a6-page-prom-refc-4bfb03e240e9",
                                    "clicked_item_url": "https://www.mako.co.il/mako-vod-keshet/eretz_nehederet-s18/VOD-47836a6c5371971026.htm"
                                },
                                "pics": [
                                    {
                                        "picUrl": "https://img.mako.co.il/2021/04/28/Eretz18_16_vod_autoOrient_i.jpg",
                                        "altText": "פרק 16"
                                    }
                                ],
                                "aIL": true,
                                "aINT": false
                            },
                            {
                                "componentLayout": "vod",
                                "channelId": "17d1ef997de86710VgnVCM100000700a10acRCRD",
                                "itemVcmId": "721359ba83b39710VgnVCM100000700a10acRCRD",
                                "galleryChannelId": "721359ba83b39710VgnVCM100000700a10acRCRD",
                                "title": "הלא-קשורים מגיבים",
                                "extraInfo": "פרק 17@05.05.21",
                                "pageUrl": "/mako-vod-keshet/eretz_nehederet-s18/VOD-721359ba83b3971027.htm",
                                "domoClick": {
                                    "content_type": "vod",
                                    "channel_depth": -1,
                                    "clicked_item_id": "721359ba83b39710VgnVCM100000700a10acRCRD",
                                    "click_type": "link",
                                    "clicked_channel_id": "17d1ef997de86710VgnVCM100000700a10acRCRD",
                                    "referring_component": "16f079a6-page-prom-refc-4bfb03e240e9",
                                    "clicked_item_url": "https://www.mako.co.il/mako-vod-keshet/eretz_nehederet-s18/VOD-721359ba83b3971027.htm"
                                },
                                "pics": [
                                    {
                                        "picUrl": "https://img.mako.co.il/2021/05/06/eretz18_17_VOD_autoOrient_i.jpg",
                                        "altText": "פרק 17"
                                    }
                                ],
                                "aIL": true,
                                "aINT": false
                            },
                            {
                                "componentLayout": "vod",
                                "channelId": "17d1ef997de86710VgnVCM100000700a10acRCRD",
                                "itemVcmId": "0f89b66cd9889710VgnVCM200000650a10acRCRD",
                                "galleryChannelId": "0f89b66cd9889710VgnVCM200000650a10acRCRD",
                                "title": "מבצע שומר החומות",
                                "extraInfo": "פרק 18@20.05.21",
                                "pageUrl": "/mako-vod-keshet/eretz_nehederet-s18/VOD-0f89b66cd988971026.htm",
                                "domoClick": {
                                    "content_type": "vod",
                                    "channel_depth": -1,
                                    "clicked_item_id": "0f89b66cd9889710VgnVCM200000650a10acRCRD",
                                    "click_type": "link",
                                    "clicked_channel_id": "17d1ef997de86710VgnVCM100000700a10acRCRD",
                                    "referring_component": "16f079a6-page-prom-refc-4bfb03e240e9",
                                    "clicked_item_url": "https://www.mako.co.il/mako-vod-keshet/eretz_nehederet-s18/VOD-0f89b66cd988971026.htm"
                                },
                                "pics": [
                                    {
                                        "picUrl": "https://img.mako.co.il/2021/05/20/Eretz18_18_VOD_Aasdam12_autoOrient_i.jpg",
                                        "altText": "פרק 18"
                                    }
                                ],
                                "aIL": true,
                                "aINT": false
                            },
                            {
                                "componentLayout": "vod",
                                "channelId": "17d1ef997de86710VgnVCM100000700a10acRCRD",
                                "itemVcmId": "eb7e46803a7a9710VgnVCM100000700a10acRCRD",
                                "galleryChannelId": "eb7e46803a7a9710VgnVCM100000700a10acRCRD",
                                "title": "ארץ נהדרת בוחרת נשיא",
                                "extraInfo": "פרק 19@26.05.21",
                                "pageUrl": "/mako-vod-keshet/eretz_nehederet-s18/VOD-eb7e46803a7a971027.htm",
                                "domoClick": {
                                    "content_type": "vod",
                                    "channel_depth": -1,
                                    "clicked_item_id": "eb7e46803a7a9710VgnVCM100000700a10acRCRD",
                                    "click_type": "link",
                                    "clicked_channel_id": "17d1ef997de86710VgnVCM100000700a10acRCRD",
                                    "referring_component": "16f079a6-page-prom-refc-4bfb03e240e9",
                                    "clicked_item_url": "https://www.mako.co.il/mako-vod-keshet/eretz_nehederet-s18/VOD-eb7e46803a7a971027.htm"
                                },
                                "pics": [
                                    {
                                        "picUrl": "https://img.mako.co.il/2021/05/26/Eretz18_19_VOD_Aasdam12_autoOrient_i.jpg",
                                        "altText": "פרק 19"
                                    }
                                ],
                                "aIL": true,
                                "aINT": false
                            },
                            {
                                "componentLayout": "vod",
                                "channelId": "17d1ef997de86710VgnVCM100000700a10acRCRD",
                                "itemVcmId": "841218b96abc9710VgnVCM100000700a10acRCRD",
                                "galleryChannelId": "841218b96abc9710VgnVCM100000700a10acRCRD",
                                "title": "ארץ נהדרת רוקחת ממשלה",
                                "extraInfo": "פרק 20@02.06.21",
                                "pageUrl": "/mako-vod-keshet/eretz_nehederet-s18/VOD-841218b96abc971027.htm",
                                "domoClick": {
                                    "content_type": "vod",
                                    "channel_depth": -1,
                                    "clicked_item_id": "841218b96abc9710VgnVCM100000700a10acRCRD",
                                    "click_type": "link",
                                    "clicked_channel_id": "17d1ef997de86710VgnVCM100000700a10acRCRD",
                                    "referring_component": "16f079a6-page-prom-refc-4bfb03e240e9",
                                    "clicked_item_url": "https://www.mako.co.il/mako-vod-keshet/eretz_nehederet-s18/VOD-841218b96abc971027.htm"
                                },
                                "pics": [
                                    {
                                        "picUrl": "https://img.mako.co.il/2021/06/02/Eretz18_VOD_020621_autoOrient_i.jpg",
                                        "altText": "פרק 20"
                                    }
                                ],
                                "aIL": true,
                                "aINT": false
                            },
                            {
                                "componentLayout": "vod",
                                "channelId": "17d1ef997de86710VgnVCM100000700a10acRCRD",
                                "itemVcmId": "422dac97a390a710VgnVCM100000700a10acRCRD",
                                "galleryChannelId": "422dac97a390a710VgnVCM100000700a10acRCRD",
                                "title": "השבעת הממשלה",
                                "extraInfo": "פרק 21@14.06.21",
                                "pageUrl": "/mako-vod-keshet/eretz_nehederet-s18/VOD-422dac97a390a71027.htm",
                                "domoClick": {
                                    "content_type": "vod",
                                    "channel_depth": -1,
                                    "clicked_item_id": "422dac97a390a710VgnVCM100000700a10acRCRD",
                                    "click_type": "link",
                                    "clicked_channel_id": "17d1ef997de86710VgnVCM100000700a10acRCRD",
                                    "referring_component": "16f079a6-page-prom-refc-4bfb03e240e9",
                                    "clicked_item_url": "https://www.mako.co.il/mako-vod-keshet/eretz_nehederet-s18/VOD-422dac97a390a71027.htm"
                                },
                                "pics": [
                                    {
                                        "picUrl": "https://img.mako.co.il/2021/06/14/Eretz18_21_VOD_autoOrient_i.jpg",
                                        "altText": "פרק 21"
                                    }
                                ],
                                "aIL": true,
                                "aINT": false
                            }
                        ]
                    },
                    {
                        "buttonText": "מיוחדים",
                        "id": "specialEpisodes",
                        "vcmid": "c407a6c9d1d09710VgnVCM100000700a10acRCRD",
                        "channelId": "c407a6c9d1d09710VgnVCM100000700a10acRCRD",
                        "makoRefComp": "Special_Episodes",
                        "pageUrl": "/mako-vod-keshet/eretz_nehederet-s18/special",
                        "domoClick": {
                            "content_type": "channel",
                            "channel_depth": -1,
                            "clicked_item_id": "c407a6c9d1d09710VgnVCM100000700a10acRCRD",
                            "click_type": "link",
                            "clicked_channel_id": "c407a6c9d1d09710VgnVCM100000700a10acRCRD",
                            "referring_component": "9ced3b0e-page-navi-refc-eb3fe7b8e0de",
                            "clicked_item_url": "https://www.mako.co.il/mako-vod-keshet/eretz_nehederet-s18/special"
                        },
                        "open": false
                    },
                    {
                        "buttonText": "קטעים קצרים",
                        "id": "shorts",
                        "vcmid": "6cee6c08abef6810VgnVCM100000700a10acRCRD",
                        "channelId": "6cee6c08abef6810VgnVCM100000700a10acRCRD",
                        "makoRefComp": "Shorts",
                        "pageUrl": "/mako-vod-keshet/eretz_nehederet-s18/shorts",
                        "domoClick": {
                            "content_type": "channel",
                            "channel_depth": -1,
                            "clicked_item_id": "6cee6c08abef6810VgnVCM100000700a10acRCRD",
                            "click_type": "link",
                            "clicked_channel_id": "6cee6c08abef6810VgnVCM100000700a10acRCRD",
                            "referring_component": "9ced3b0e-page-navi-refc-eb3fe7b8e0de",
                            "clicked_item_url": "https://www.mako.co.il/mako-vod-keshet/eretz_nehederet-s18/shorts"
                        },
                        "open": false
                    },
                    {
                        "buttonText": "קרדיטים",
                        "id": "credits",
                        "vcmid": "Credits",
                        "channelId": "17d1ef997de86710VgnVCM100000700a10acRCRD",
                        "makoRefComp": "Credits",
                        "pageUrl": "/mako-vod-keshet/eretz_nehederet-s22?type=credits",
                        "domoClick": {
                            "content_type": "fabricated",
                            "clicked_item_id": "a7a32f51-cred-its--id-e-0491fe30f859",
                            "click_type": "link",
                            "clicked_channel_id": "bc6a5d06d46f2910VgnVCM200000650a10acRCRD",
                            "referring_component": "9ced3b0e-page-navi-refc-eb3fe7b8e0de",
                            "clicked_item_url": "https://www.mako.co.il/mako-vod-keshet/eretz_nehederet-s22?type=credits"
                        },
                        "credits": [
                            {
                                "value": "איל קיציס",
                                "key": "host",
                                "text": "מנחה:"
                            },
                            {
                                "value": "איל קיציס, אסי כהן, מריאנו אידלמן, אלי פיניש, ערן זרחוביץ', יובל סמו, רועי בר נתן, ירון ברלד, שני כהן, עלמה זק, ליאת הר לב, תום יער, תמיר בר ואמיר שורוש",
                                "key": "participance",
                                "text": "משתתפים:"
                            },
                            {
                                "value": "רועי פלורנטין, ירון שילון, אמיר אוקרייניץ",
                                "key": "director",
                                "text": "במאי:"
                            },
                            {
                                "value": "מולי שגב",
                                "key": "mainEditor",
                                "text": "עורך ראשי:"
                            },
                            {
                                "value": "שירי מיכאלי",
                                "key": "producer",
                                "text": "מפיק:"
                            },
                            {
                                "value": "קשת",
                                "key": "productionCompany",
                                "text": "חברת הפקה:"
                            }
                        ]
                    }
                ],
                "historyObject": {
                    "title": "ספיישל פתיחת השנה",
                    "programId": "5cf467a604643210VgnVCM2000002a0c10acRCRD",
                    "pageUrl": "/mako-vod-keshet/eretz_nehederet-s18/VOD-96a4b65d22e6471026.htm",
                    "domoClick": {
                        "content_type": "vod",
                        "channel_depth": 3,
                        "clicked_item_id": "96a4b65d22e64710VgnVCM200000650a10acRCRD",
                        "click_type": "link",
                        "clicked_channel_id": "17d1ef997de86710VgnVCM100000700a10acRCRD",
                        "referring_component": "ERROR_NO_REFERRER",
                        "clicked_item_url": "https://www.mako.co.il/mako-vod-keshet/eretz_nehederet-s18/VOD-96a4b65d22e6471026.htm"
                    },
                    "picUrl": "https://img.mako.co.il/2020/09/09/Eretz17_24_VOD_i.jpg",
                    "hero": {
                        "title": "ארץ נהדרת",
                        "extraInfo": "עונה 18@פרק 1@08.09.20",
                        "picUrl": "https://img.mako.co.il/2021/04/19/irena_shauli_HD_re.jpg",
                        "logo": "https://img.mako.co.il/2022/06/21/logo_eretz.png",
                        "subtitle": "ספיישל פתיחת השנה",
                        "description": "חגיגת סוף השנה עם כל התשובות הכי בוערות"
                    },
                    "buttonText": "להמשך צפייה בעונה 18 פרק 1",
                    "sch": "17d1ef997de86710",
                    "seasonUrl": "/mako-vod-keshet/eretz_nehederet-s18"
                }
            }
        },
        "__N_SSP": true
    },
    "page": "/[mako_vod_channel]/[program]",
    "query": {
        "mako_vod_channel": "mako-vod-keshet",
        "program": "eretz_nehederet-s18"
    },
    "buildId": "5.15.0",
    "assetPrefix": "/mako-vod",
    "isFallback": false,
    "gssp": true,
    "customServer": true,
    "scriptLoader": []
}