{
    "props": {
        "pageProps": {
            "menu": {
                "lastUpdate": "Tue, 12 Nov 2024 00:09:27 +0200",
                "timestamp": 1731362967818,
                "header": {
                    "guid": "00b23f399647c710VgnVCM200000650a10acRCRD",
                    "categories": [
                        {
                            "name": "ראשי",
                            "icon": "https://img.mako.co.il/2021/10/10/home.png",
                            "url": "/mako-vod",
                            "domoClick": {
                                "content_type": "channel",
                                "channel_depth": 1,
                                "teaser_id": "a27a2dcbacf4c710VgnVCM200000650a10acRCRD",
                                "clicked_item_id": "b5f4c13070733210VgnVCM2000002a0c10acRCRD",
                                "click_type": "link",
                                "clicked_item_url": "https://www.mako.co.il/mako-vod",
                                "clicked_channel_id": "b5f4c13070733210VgnVCM2000002a0c10acRCRD",
                                "referring_component": "8eb76bc8-glob-navi-refc-2ad659ccef22"
                            }
                        },
                        {
                            "name": "LIVE",
                            "icon": "https://img.mako.co.il/2021/10/10/live.png",
                            "url": "/mako-vod-live-tv/VOD-6540b8dcb64fd31006.htm",
                            "domoClick": {
                                "content_type": "vod",
                                "channel_depth": 1,
                                "teaser_id": "a66819cdc7a6c710VgnVCM100000700a10acRCRD",
                                "clicked_item_id": "6540b8dcb64fd310VgnVCM2000002a0c10acRCRD",
                                "click_type": "link",
                                "clicked_item_url": "https://www.mako.co.il/mako-vod-live-tv/VOD-6540b8dcb64fd31006.htm",
                                "clicked_channel_id": "5d28d21b4580e310VgnVCM2000002a0c10acRCRD",
                                "referring_component": "8eb76bc8-glob-navi-refc-2ad659ccef22"
                            }
                        },
                        {
                            "name": "תוכניות",
                            "icon": "https://img.mako.co.il/2021/10/10/index.png",
                            "url": "/mako-vod-index",
                            "domoClick": {
                                "content_type": "channel",
                                "channel_depth": 2,
                                "teaser_id": "3e8819cdc7a6c710VgnVCM100000700a10acRCRD",
                                "clicked_item_id": "05c2e4caebbe3210VgnVCM100000290c10acRCRD",
                                "click_type": "link",
                                "clicked_item_url": "https://www.mako.co.il/mako-vod-index",
                                "clicked_channel_id": "05c2e4caebbe3210VgnVCM100000290c10acRCRD",
                                "referring_component": "8eb76bc8-glob-navi-refc-2ad659ccef22"
                            }
                        }
                    ]
                },
                "footer": {
                    "guid": "bc533f399647c710VgnVCM200000650a10acRCRD",
                    "categories": [
                        {
                            "name": "אודות +12",
                            "url": "https://makospecial.co.il/about-12plus?makoOpenChromeTabs=1?partner=12plusFooterLinks",
                            "domoClick": {
                                "content_type": "unknown",
                                "channel_depth": -1,
                                "teaser_id": "6b2a6503efec9810VgnVCM200000650a10acRCRD",
                                "clicked_item_id": "unknown",
                                "click_type": "link",
                                "clicked_item_url": "https://makospecial.co.il/about-12plus?makoOpenChromeTabs=1?partner=12plusFooterLinks",
                                "clicked_channel_id": "unknown",
                                "referring_component": "2d2c13d6-glob-foot-refc-de190b394505"
                            }
                        },
                        {
                            "name": "עזרה",
                            "url": "https://www.mako.co.il/mako-vod-help",
                            "domoClick": {
                                "content_type": "channel",
                                "channel_depth": 2,
                                "teaser_id": "1a0e40b549a6c710VgnVCM100000700a10acRCRD",
                                "clicked_item_id": "f13ad9f49196e710VgnVCM200000650a10acRCRD",
                                "click_type": "link",
                                "clicked_item_url": "https://www.mako.co.il/mako-vod-help",
                                "clicked_channel_id": "f13ad9f49196e710VgnVCM200000650a10acRCRD",
                                "referring_component": "2d2c13d6-glob-foot-refc-de190b394505"
                            }
                        },
                        {
                            "name": "לפנייה במייל",
                            "url": "mail",
                            "domoClick": {
                                "content_type": "channel",
                                "channel_depth": 0,
                                "teaser_id": "f4ca40b549a6c710VgnVCM100000700a10acRCRD",
                                "clicked_item_id": "3d385dd2dd5d4110VgnVCM100000290c10acRCRD",
                                "click_type": "link",
                                "clicked_item_url": "https://www.mako.co.ilmail",
                                "clicked_channel_id": "3d385dd2dd5d4110VgnVCM100000290c10acRCRD",
                                "referring_component": "2d2c13d6-glob-foot-refc-de190b394505"
                            }
                        },
                        {
                            "name": "לפנייה ב whatsapp",
                            "url": "https://wa.me/972502010818",
                            "domoClick": {
                                "content_type": "unknown",
                                "channel_depth": -1,
                                "teaser_id": "27c4464ed643c810VgnVCM100000700a10acRCRD",
                                "clicked_item_id": "unknown",
                                "click_type": "link",
                                "clicked_item_url": "https://wa.me/972502010818",
                                "clicked_channel_id": "unknown",
                                "referring_component": "2d2c13d6-glob-foot-refc-de190b394505"
                            }
                        },
                        {
                            "name": "תקנון",
                            "url": "https://www.mako.co.il/mako-vod-help/Article-dd0b75e6b096e71026.htm?partner=12plusFooterLinks",
                            "domoClick": {
                                "content_type": "Article",
                                "channel_depth": 2,
                                "teaser_id": "757f40b549a6c710VgnVCM100000700a10acRCRD",
                                "clicked_item_id": "dd0b75e6b096e710VgnVCM200000650a10acRCRD",
                                "click_type": "link",
                                "clicked_item_url": "https://www.mako.co.il/mako-vod-help/Article-dd0b75e6b096e71026.htm?partner=12plusFooterLinks",
                                "clicked_channel_id": "f13ad9f49196e710VgnVCM200000650a10acRCRD",
                                "referring_component": "2d2c13d6-glob-foot-refc-de190b394505"
                            }
                        },
                        {
                            "name": "הסדרי נגישות",
                            "url": "https://www.mako.co.il/help-5bb6bf4ccf39c110/Article-b7ff18a9de86471026.htm?partner=12plusFooterLinks",
                            "domoClick": {
                                "content_type": "Article",
                                "channel_depth": 2,
                                "teaser_id": "23f4495772220810VgnVCM200000650a10acRCRD",
                                "clicked_item_id": "b7ff18a9de864710VgnVCM200000650a10acRCRD",
                                "click_type": "link",
                                "clicked_item_url": "https://www.mako.co.il/help-5bb6bf4ccf39c110/Article-b7ff18a9de86471026.htm?partner=12plusFooterLinks",
                                "clicked_channel_id": "5bb6bf4ccf39c110VgnVCM100000290c10acRCRD",
                                "referring_component": "2d2c13d6-glob-foot-refc-de190b394505"
                            }
                        },
                        {
                            "name": "מדיניות פרטיות ותנאי שימוש",
                            "url": "https://www.mako.co.il/help-terms-of-use/Article-d37908dd1674c11006.htm?partner=12plusFooterLinks",
                            "domoClick": {
                                "content_type": "Article",
                                "channel_depth": 2,
                                "teaser_id": "e5c040b549a6c710VgnVCM100000700a10acRCRD",
                                "clicked_item_id": "d37908dd1674c110VgnVCM2000002a0c10acRCRD",
                                "click_type": "link",
                                "clicked_item_url": "https://www.mako.co.il/help-terms-of-use/Article-d37908dd1674c11006.htm?partner=12plusFooterLinks",
                                "clicked_channel_id": "345705dfcebcb110VgnVCM2000002a0c10acRCRD",
                                "referring_component": "2d2c13d6-glob-foot-refc-de190b394505"
                            }
                        }
                    ]
                }
            },
            "logos": {
                "lastUpdate": "Tue, 12 Nov 2024 00:09:27 +0200",
                "timestamp": 1731362967805,
                "headerLogo": {
                    "guid": "9dabeac4fa6cc710VgnVCM200000650a10acRCRD",
                    "desktopLogo": "https://img.mako.co.il/2024/10/10/logo-12-desktop.png",
                    "mobileWebLogo": "https://img.mako.co.il/2024/10/10/LOGO_12_mobile.png",
                    "mobileAppLogo": "https://img.mako.co.il/2024/10/09/LOGO_12__mobileApp.png",
                    "smartTVLogo": "https://img.mako.co.il/2021/10/28/Logo_12+_smartTV.png"
                }
            },
            "data": {
                "lastUpdate": "Sat, 09 Nov 2024 21:52:23 +0200",
                "timestamp": 1731181943809,
                "pageType": "Subvertical",
                "channelId": "d371563eb8bec710VgnVCM200000650a10acRCRD",
                "sch": "d371563eb8bec710",
                "channelName": "עונה 19",
                "pageUrl": "/mako-vod-keshet/eretz_nehederet-s19",
                "domoPageView": {
                    "content_type": "channel",
                    "channel_id": "d371563eb8bec710VgnVCM200000650a10acRCRD",
                    "item_id": "d371563eb8bec710VgnVCM200000650a10acRCRD",
                    "page_url": "https://www.mako.co.il/mako-vod-keshet/eretz_nehederet-s19",
                    "is_blocked_content": {
                        "israel": 0,
                        "international": 0
                    },
                    "channel_depth": 3
                },
                "preload": true,
                "makoCatDFP": {
                    "cust_params": {
                        "location_sub_campaign": "%LOCATION_SUB_CAMPAIGN%",
                        "payinguser": "%IS_PAYING_USER%",
                        "video_from_time": "%VIDEO_FROM_TIME%",
                        "bundleId": "%PRODUCT_BUNDLE_ID%",
                        "pushTags": "%PUSH_TAGS%",
                        "language": "%LANGUAGE%",
                        "locale": "%LOCALE%",
                        "deviceid": "%DEVICE_ID%",
                        "version": "%VERSION%",
                        "devicetype": "%DEVICE_TYPE%",
                        "MAKOPAGE": "%GUID%",
                        "advertiserId": "%ADVERTISER_ID%",
                        "carrier": "%CARRIER%",
                        "LEVEL4": "vod_eretz",
                        "osVersion": "%OS_VERSION%",
                        "LEVEL5": "s19",
                        "paidContent": "%IS_PAID_CONTENT%",
                        "appid": "%APP_ID%",
                        "makoHN": "%HOUSE_NUMBERS%",
                        "random_number": "%RANDOM_NUMBER%",
                        "osType": "%OS_TYPE%",
                        "deviceModel": "%DEVICE_MODEL%",
                        "pushTrigger": "%PUSH_TRIGGER%"
                    },
                    "iu": "/242748299/mako/vod/vod_keshet/"
                },
                "seo": {
                    "title": "ארץ נהדרת, עונה 19 - פרקים מלאים לצפייה ישירה",
                    "description": "ארץ נהדרת, עונה 19 - פרקים מלאים לצפייה ישירה. מה צפוי לנו ב-2022? מה עוד יכול לקרות? ארץ נהדרת חוזרת עם איל קיציס, אלי פיניש, עלמה זק, מריאנו אידלמן ועוד",
                    "type": "tv_show",
                    "image": "https://img.mako.co.il/2021/11/09/Eretz19_i_re.jpg",
                    "canonical": "https://www.mako.co.il/mako-vod-keshet/eretz_nehederet-s19",
                    "schema": {
                        "@context": "https://schema.org",
                        "@type": "TVSeason",
                        "name": "עונה 19",
                        "description": "מה צפוי לנו ב-2022? מה עוד יכול לקרות? ארץ נהדרת חוזרת עם איל קיציס, אלי פיניש, עלמה זק, מריאנו אידלמן, ליאת הרלב ועוד",
                        "image": "https://img.mako.co.il/2021/11/09/Eretz19_i_re.jpg",
                        "numberOfEpisodes": 20,
                        "url": "https://www.mako.co.il/mako-vod-keshet/eretz_nehederet-s19",
                        "partOfTVSeries": {
                            "@type": "TVSeries",
                            "name": "ארץ נהדרת",
                            "url": "https://www.mako.co.il/mako-vod-keshet/eretz_nehederet"
                        },
                        "genre": [
                            "קומדיה"
                        ],
                        "actor": [
                            {
                                "@type": "Person",
                                "name": "איל קיציס"
                            },
                            {
                                "@type": "Person",
                                "name": "אסי כהן"
                            },
                            {
                                "@type": "Person",
                                "name": "מריאנו אידלמן"
                            },
                            {
                                "@type": "Person",
                                "name": "אלי פיניש"
                            },
                            {
                                "@type": "Person",
                                "name": "ערן זרחוביץ'"
                            },
                            {
                                "@type": "Person",
                                "name": "יובל סמו"
                            },
                            {
                                "@type": "Person",
                                "name": "רועי בר נתן"
                            },
                            {
                                "@type": "Person",
                                "name": "ירון ברלד"
                            },
                            {
                                "@type": "Person",
                                "name": "שני כהן"
                            },
                            {
                                "@type": "Person",
                                "name": "עלמה זק"
                            },
                            {
                                "@type": "Person",
                                "name": "ליאת הר לב"
                            },
                            {
                                "@type": "Person",
                                "name": "תום יער"
                            },
                            {
                                "@type": "Person",
                                "name": "תמיר בר"
                            },
                            {
                                "@type": "Person",
                                "name": "אמיר שורוש"
                            }
                        ],
                        "director": [
                            {
                                "@type": "Person",
                                "name": "רועי פלורנטין"
                            },
                            {
                                "@type": "Person",
                                "name": "ירון שילון"
                            },
                            {
                                "@type": "Person",
                                "name": "אמיר אוקרייניץ"
                            }
                        ],
                        "provider": {
                            "@type": "Organization",
                            "name": "תכניות קשת"
                        },
                        "publisher": {
                            "@type": "NewsMediaOrganization",
                            "name": "שידורי קשת"
                        }
                    }
                },
                "vod": {
                    "channelId": "d371563eb8bec710VgnVCM200000650a10acRCRD",
                    "itemVcmId": "a1bbee1f4090d710VgnVCM100000700a10acRCRD",
                    "galleryChannelId": "a1bbee1f4090d710VgnVCM100000700a10acRCRD",
                    "programId": "5cf467a604643210VgnVCM2000002a0c10acRCRD",
                    "mostCurrent": false,
                    "domoPlay": {
                        "content_type": "vod",
                        "channel_id": "d371563eb8bec710VgnVCM200000650a10acRCRD",
                        "item_id": "a1bbee1f4090d710VgnVCM100000700a10acRCRD",
                        "channel_depth": 3
                    },
                    "domoClick": {
                        "content_type": "vod",
                        "click_type": "link",
                        "clicked_item_id": "a1bbee1f4090d710VgnVCM100000700a10acRCRD",
                        "channel_depth": -1,
                        "clicked_item_url": "https://www.mako.co.il/mako-vod-keshet/eretz_nehederet-s19/VOD-a1bbee1f4090d71027.htm",
                        "referring_component": "080b8750-hero-41d9-refc-e6bfe67f099c",
                        "clicked_channel_id": "d371563eb8bec710VgnVCM200000650a10acRCRD"
                    },
                    "pageUrl": "/mako-vod-keshet/eretz_nehederet-s19/VOD-a1bbee1f4090d71027.htm",
                    "aINT": true,
                    "aIL": true,
                    "iPromoType": "Program"
                },
                "hero": {
                    "extraInfo": "23 עונות",
                    "itemVcmId": "476d39e2659fc710VgnVCM100000700a10acRCRD",
                    "channelId": "d371563eb8bec710VgnVCM200000650a10acRCRD",
                    "logo": "https://img.mako.co.il/2022/06/21/logo_eretz.png",
                    "logoAltText": "לוגו ארץ נהדרת 19",
                    "description": "מה צפוי לנו ב-2022? מה עוד יכול לקרות? ארץ נהדרת חוזרת עם איל קיציס, אלי פיניש, עלמה זק, מריאנו אידלמן, ליאת הרלב ועוד",
                    "pics": [
                        {
                            "picUrl": "https://img.mako.co.il/2021/11/14/Eretz19_X5_re.jpg",
                            "altText": "ארץ נהדרת 19 - HD, ז'אנר, מובייל, כרטיס אשראי, WOW"
                        }
                    ],
                    "mobilePics": [
                        {
                            "picUrl": "https://img.mako.co.il/2021/11/16/Eretz19_E_CLEAN_re.jpg",
                            "altText": "ארץ נהדרת 19 - HD, ז'אנר, מובייל, כרטיס אשראי, WOW"
                        }
                    ],
                    "buttonText": "עונה 19 פרק 1",
                    "makoRefComp": "Specific_Episode"
                },
                "seasons": [
                    {
                        "current": false,
                        "seasonTitle": "עונה 1",
                        "pageUrl": "/mako-vod-keshet/eretz_nehederet-s1",
                        "domoClick": {
                            "content_type": "channel",
                            "click_type": "link",
                            "clicked_item_id": "bae667a604643210VgnVCM2000002a0c10acRCRD",
                            "channel_depth": -1,
                            "clicked_item_url": "https://www.mako.co.il/mako-vod-keshet/eretz_nehederet-s1",
                            "referring_component": "9ced3b0e-page-navi-refc-eb3fe7b8e0de",
                            "clicked_channel_id": "bae667a604643210VgnVCM2000002a0c10acRCRD"
                        }
                    },
                    {
                        "current": false,
                        "seasonTitle": "עונה 2",
                        "pageUrl": "/mako-vod-keshet/eretz_nehederet-s2",
                        "domoClick": {
                            "content_type": "channel",
                            "click_type": "link",
                            "clicked_item_id": "3d9af64d35643210VgnVCM2000002a0c10acRCRD",
                            "channel_depth": -1,
                            "clicked_item_url": "https://www.mako.co.il/mako-vod-keshet/eretz_nehederet-s2",
                            "referring_component": "9ced3b0e-page-navi-refc-eb3fe7b8e0de",
                            "clicked_channel_id": "3d9af64d35643210VgnVCM2000002a0c10acRCRD"
                        }
                    },
                    {
                        "current": false,
                        "seasonTitle": "עונה 3",
                        "pageUrl": "/mako-vod-keshet/eretz_nehederet-s3",
                        "domoClick": {
                            "content_type": "channel",
                            "click_type": "link",
                            "clicked_item_id": "43cef64d35643210VgnVCM2000002a0c10acRCRD",
                            "channel_depth": -1,
                            "clicked_item_url": "https://www.mako.co.il/mako-vod-keshet/eretz_nehederet-s3",
                            "referring_component": "9ced3b0e-page-navi-refc-eb3fe7b8e0de",
                            "clicked_channel_id": "43cef64d35643210VgnVCM2000002a0c10acRCRD"
                        }
                    },
                    {
                        "current": false,
                        "seasonTitle": "עונה 4",
                        "pageUrl": "/mako-vod-keshet/eretz_nehederet-s4",
                        "domoClick": {
                            "content_type": "channel",
                            "click_type": "link",
                            "clicked_item_id": "d251f64d35643210VgnVCM2000002a0c10acRCRD",
                            "channel_depth": -1,
                            "clicked_item_url": "https://www.mako.co.il/mako-vod-keshet/eretz_nehederet-s4",
                            "referring_component": "9ced3b0e-page-navi-refc-eb3fe7b8e0de",
                            "clicked_channel_id": "d251f64d35643210VgnVCM2000002a0c10acRCRD"
                        }
                    },
                    {
                        "current": false,
                        "seasonTitle": "עונה 5",
                        "pageUrl": "/mako-vod-keshet/eretz_nehederet-s5",
                        "domoClick": {
                            "content_type": "channel",
                            "click_type": "link",
                            "clicked_item_id": "7a03f64d35643210VgnVCM2000002a0c10acRCRD",
                            "channel_depth": -1,
                            "clicked_item_url": "https://www.mako.co.il/mako-vod-keshet/eretz_nehederet-s5",
                            "referring_component": "9ced3b0e-page-navi-refc-eb3fe7b8e0de",
                            "clicked_channel_id": "7a03f64d35643210VgnVCM2000002a0c10acRCRD"
                        }
                    },
                    {
                        "current": false,
                        "seasonTitle": "עונה 6",
                        "pageUrl": "/mako-vod-keshet/eretz_nehederet-s6",
                        "domoClick": {
                            "content_type": "channel",
                            "click_type": "link",
                            "clicked_item_id": "1144f64d35643210VgnVCM2000002a0c10acRCRD",
                            "channel_depth": -1,
                            "clicked_item_url": "https://www.mako.co.il/mako-vod-keshet/eretz_nehederet-s6",
                            "referring_component": "9ced3b0e-page-navi-refc-eb3fe7b8e0de",
                            "clicked_channel_id": "1144f64d35643210VgnVCM2000002a0c10acRCRD"
                        }
                    },
                    {
                        "current": false,
                        "seasonTitle": "עונה 7",
                        "pageUrl": "/mako-vod-keshet/eretz_nehederet-s7",
                        "domoClick": {
                            "content_type": "channel",
                            "click_type": "link",
                            "clicked_item_id": "d0990484ddef5210VgnVCM2000002a0c10acRCRD",
                            "channel_depth": -1,
                            "clicked_item_url": "https://www.mako.co.il/mako-vod-keshet/eretz_nehederet-s7",
                            "referring_component": "9ced3b0e-page-navi-refc-eb3fe7b8e0de",
                            "clicked_channel_id": "d0990484ddef5210VgnVCM2000002a0c10acRCRD"
                        }
                    },
                    {
                        "current": false,
                        "seasonTitle": "עונה 8",
                        "pageUrl": "/mako-vod-keshet/eretz_nehederet-s8",
                        "domoClick": {
                            "content_type": "channel",
                            "click_type": "link",
                            "clicked_item_id": "d839b3585edfc210VgnVCM2000002a0c10acRCRD",
                            "channel_depth": -1,
                            "clicked_item_url": "https://www.mako.co.il/mako-vod-keshet/eretz_nehederet-s8",
                            "referring_component": "9ced3b0e-page-navi-refc-eb3fe7b8e0de",
                            "clicked_channel_id": "d839b3585edfc210VgnVCM2000002a0c10acRCRD"
                        }
                    },
                    {
                        "current": false,
                        "seasonTitle": "עונה 9",
                        "pageUrl": "/mako-vod-keshet/eretz_nehederet-s9",
                        "domoClick": {
                            "content_type": "channel",
                            "click_type": "link",
                            "clicked_item_id": "2c9f87e7250f4310VgnVCM2000002a0c10acRCRD",
                            "channel_depth": -1,
                            "clicked_item_url": "https://www.mako.co.il/mako-vod-keshet/eretz_nehederet-s9",
                            "referring_component": "9ced3b0e-page-navi-refc-eb3fe7b8e0de",
                            "clicked_channel_id": "2c9f87e7250f4310VgnVCM2000002a0c10acRCRD"
                        }
                    },
                    {
                        "current": false,
                        "seasonTitle": "עונה 10",
                        "pageUrl": "/mako-vod-keshet/eretz_nehederet-s10",
                        "domoClick": {
                            "content_type": "channel",
                            "click_type": "link",
                            "clicked_item_id": "fa4d7c38f47cb310VgnVCM2000002a0c10acRCRD",
                            "channel_depth": -1,
                            "clicked_item_url": "https://www.mako.co.il/mako-vod-keshet/eretz_nehederet-s10",
                            "referring_component": "9ced3b0e-page-navi-refc-eb3fe7b8e0de",
                            "clicked_channel_id": "fa4d7c38f47cb310VgnVCM2000002a0c10acRCRD"
                        }
                    },
                    {
                        "current": false,
                        "seasonTitle": "עונה 11",
                        "pageUrl": "/mako-vod-keshet/eretz_nehederet-s11",
                        "domoClick": {
                            "content_type": "channel",
                            "click_type": "link",
                            "clicked_item_id": "5adfa33919243410VgnVCM2000002a0c10acRCRD",
                            "channel_depth": -1,
                            "clicked_item_url": "https://www.mako.co.il/mako-vod-keshet/eretz_nehederet-s11",
                            "referring_component": "9ced3b0e-page-navi-refc-eb3fe7b8e0de",
                            "clicked_channel_id": "5adfa33919243410VgnVCM2000002a0c10acRCRD"
                        }
                    },
                    {
                        "current": false,
                        "seasonTitle": "עונה 12",
                        "pageUrl": "/mako-vod-keshet/eretz_nehederet-s12",
                        "domoClick": {
                            "content_type": "channel",
                            "click_type": "link",
                            "clicked_item_id": "de317051b0cfa410VgnVCM2000002a0c10acRCRD",
                            "channel_depth": -1,
                            "clicked_item_url": "https://www.mako.co.il/mako-vod-keshet/eretz_nehederet-s12",
                            "referring_component": "9ced3b0e-page-navi-refc-eb3fe7b8e0de",
                            "clicked_channel_id": "de317051b0cfa410VgnVCM2000002a0c10acRCRD"
                        }
                    },
                    {
                        "current": false,
                        "seasonTitle": "עונה 13",
                        "pageUrl": "/mako-vod-keshet/eretz_nehederet-s13",
                        "domoClick": {
                            "content_type": "channel",
                            "click_type": "link",
                            "clicked_item_id": "d1417e27b9382510VgnVCM2000002a0c10acRCRD",
                            "channel_depth": -1,
                            "clicked_item_url": "https://www.mako.co.il/mako-vod-keshet/eretz_nehederet-s13",
                            "referring_component": "9ced3b0e-page-navi-refc-eb3fe7b8e0de",
                            "clicked_channel_id": "d1417e27b9382510VgnVCM2000002a0c10acRCRD"
                        }
                    },
                    {
                        "current": false,
                        "seasonTitle": "עונה 14",
                        "pageUrl": "/mako-vod-keshet/eretz_nehederet-s14",
                        "domoClick": {
                            "content_type": "channel",
                            "click_type": "link",
                            "clicked_item_id": "00cb73568955a510VgnVCM2000002a0c10acRCRD",
                            "channel_depth": -1,
                            "clicked_item_url": "https://www.mako.co.il/mako-vod-keshet/eretz_nehederet-s14",
                            "referring_component": "9ced3b0e-page-navi-refc-eb3fe7b8e0de",
                            "clicked_channel_id": "00cb73568955a510VgnVCM2000002a0c10acRCRD"
                        }
                    },
                    {
                        "current": false,
                        "seasonTitle": "עונה 15",
                        "pageUrl": "/mako-vod-keshet/eretz_nehederet-s15",
                        "domoClick": {
                            "content_type": "channel",
                            "click_type": "link",
                            "clicked_item_id": "6ca45b54fd76f510VgnVCM2000002a0c10acRCRD",
                            "channel_depth": -1,
                            "clicked_item_url": "https://www.mako.co.il/mako-vod-keshet/eretz_nehederet-s15",
                            "referring_component": "9ced3b0e-page-navi-refc-eb3fe7b8e0de",
                            "clicked_channel_id": "6ca45b54fd76f510VgnVCM2000002a0c10acRCRD"
                        }
                    },
                    {
                        "current": false,
                        "seasonTitle": "עונה 16",
                        "pageUrl": "/mako-vod-keshet/eretz_nehederet-s-16",
                        "domoClick": {
                            "content_type": "channel",
                            "click_type": "link",
                            "clicked_item_id": "943afc01ace08610VgnVCM2000002a0c10acRCRD",
                            "channel_depth": -1,
                            "clicked_item_url": "https://www.mako.co.il/mako-vod-keshet/eretz_nehederet-s-16",
                            "referring_component": "9ced3b0e-page-navi-refc-eb3fe7b8e0de",
                            "clicked_channel_id": "943afc01ace08610VgnVCM2000002a0c10acRCRD"
                        }
                    },
                    {
                        "current": false,
                        "seasonTitle": "עונה 17",
                        "pageUrl": "/mako-vod-keshet/eretz_nehederet-s17",
                        "domoClick": {
                            "content_type": "channel",
                            "click_type": "link",
                            "clicked_item_id": "19cc03b59965f610VgnVCM200000650a10acRCRD",
                            "channel_depth": -1,
                            "clicked_item_url": "https://www.mako.co.il/mako-vod-keshet/eretz_nehederet-s17",
                            "referring_component": "9ced3b0e-page-navi-refc-eb3fe7b8e0de",
                            "clicked_channel_id": "19cc03b59965f610VgnVCM200000650a10acRCRD"
                        }
                    },
                    {
                        "current": false,
                        "seasonTitle": "עוד כותרות",
                        "pageUrl": "/mako-vod-keshet/eretz_nehederet-more_headlines",
                        "domoClick": {
                            "content_type": "channel",
                            "click_type": "link",
                            "clicked_item_id": "42d5b1b0749b3710VgnVCM100000700a10acRCRD",
                            "channel_depth": -1,
                            "clicked_item_url": "https://www.mako.co.il/mako-vod-keshet/eretz_nehederet-more_headlines",
                            "referring_component": "9ced3b0e-page-navi-refc-eb3fe7b8e0de",
                            "clicked_channel_id": "42d5b1b0749b3710VgnVCM100000700a10acRCRD"
                        }
                    },
                    {
                        "current": false,
                        "seasonTitle": "עונה 18",
                        "pageUrl": "/mako-vod-keshet/eretz_nehederet-s18",
                        "domoClick": {
                            "content_type": "channel",
                            "click_type": "link",
                            "clicked_item_id": "17d1ef997de86710VgnVCM100000700a10acRCRD",
                            "channel_depth": -1,
                            "clicked_item_url": "https://www.mako.co.il/mako-vod-keshet/eretz_nehederet-s18",
                            "referring_component": "9ced3b0e-page-navi-refc-eb3fe7b8e0de",
                            "clicked_channel_id": "17d1ef997de86710VgnVCM100000700a10acRCRD"
                        }
                    },
                    {
                        "current": true,
                        "seasonTitle": "עונה 19",
                        "pageUrl": "/mako-vod-keshet/eretz_nehederet-s19",
                        "domoClick": {
                            "content_type": "channel",
                            "click_type": "link",
                            "clicked_item_id": "d371563eb8bec710VgnVCM200000650a10acRCRD",
                            "channel_depth": -1,
                            "clicked_item_url": "https://www.mako.co.il/mako-vod-keshet/eretz_nehederet-s19",
                            "referring_component": "9ced3b0e-page-navi-refc-eb3fe7b8e0de",
                            "clicked_channel_id": "d371563eb8bec710VgnVCM200000650a10acRCRD"
                        }
                    },
                    {
                        "current": false,
                        "seasonTitle": "עונה 20",
                        "pageUrl": "/mako-vod-keshet/eretz_nehederet-s20",
                        "domoClick": {
                            "content_type": "channel",
                            "click_type": "link",
                            "clicked_item_id": "20bf32f4a0a53810VgnVCM100000700a10acRCRD",
                            "channel_depth": -1,
                            "clicked_item_url": "https://www.mako.co.il/mako-vod-keshet/eretz_nehederet-s20",
                            "referring_component": "9ced3b0e-page-navi-refc-eb3fe7b8e0de",
                            "clicked_channel_id": "20bf32f4a0a53810VgnVCM100000700a10acRCRD"
                        }
                    },
                    {
                        "current": false,
                        "seasonTitle": "עונה 21",
                        "pageUrl": "/mako-vod-keshet/eretz_nehederet-s21",
                        "domoClick": {
                            "content_type": "channel",
                            "click_type": "link",
                            "clicked_item_id": "b5ae2a8ecab7b810VgnVCM100000700a10acRCRD",
                            "channel_depth": -1,
                            "clicked_item_url": "https://www.mako.co.il/mako-vod-keshet/eretz_nehederet-s21",
                            "referring_component": "9ced3b0e-page-navi-refc-eb3fe7b8e0de",
                            "clicked_channel_id": "b5ae2a8ecab7b810VgnVCM100000700a10acRCRD"
                        }
                    },
                    {
                        "current": false,
                        "seasonTitle": "עונה 22",
                        "pageUrl": "/mako-vod-keshet/eretz_nehederet-s22",
                        "domoClick": {
                            "content_type": "channel",
                            "click_type": "link",
                            "clicked_item_id": "bc6a5d06d46f2910VgnVCM200000650a10acRCRD",
                            "channel_depth": -1,
                            "clicked_item_url": "https://www.mako.co.il/mako-vod-keshet/eretz_nehederet-s22",
                            "referring_component": "9ced3b0e-page-navi-refc-eb3fe7b8e0de",
                            "clicked_channel_id": "bc6a5d06d46f2910VgnVCM200000650a10acRCRD"
                        }
                    }
                ],
                "menu": [
                    {
                        "buttonText": "פרקים",
                        "id": "allEpisodes",
                        "vcmid": "d371563eb8bec710VgnVCM200000650a10acRCRD",
                        "channelId": "d371563eb8bec710VgnVCM200000650a10acRCRD",
                        "makoRefComp": "All_Episodes",
                        "pageUrl": "/mako-vod-keshet/eretz_nehederet-s19",
                        "domoClick": {
                            "content_type": "channel",
                            "click_type": "link",
                            "clicked_item_id": "d371563eb8bec710VgnVCM200000650a10acRCRD",
                            "channel_depth": -1,
                            "clicked_item_url": "https://www.mako.co.il/mako-vod-keshet/eretz_nehederet-s19",
                            "referring_component": "9ced3b0e-page-navi-refc-eb3fe7b8e0de",
                            "clicked_channel_id": "d371563eb8bec710VgnVCM200000650a10acRCRD"
                        },
                        "open": true,
                        "vods": [
                            {
                                "componentLayout": "vod",
                                "channelId": "d371563eb8bec710VgnVCM200000650a10acRCRD",
                                "itemVcmId": "a1bbee1f4090d710VgnVCM100000700a10acRCRD",
                                "galleryChannelId": "a1bbee1f4090d710VgnVCM100000700a10acRCRD",
                                "title": "משחק השלטון",
                                "domoClick": {
                                    "content_type": "vod",
                                    "click_type": "link",
                                    "clicked_item_id": "a1bbee1f4090d710VgnVCM100000700a10acRCRD",
                                    "channel_depth": -1,
                                    "clicked_item_url": "https://www.mako.co.il/mako-vod-keshet/eretz_nehederet-s19/VOD-a1bbee1f4090d71027.htm",
                                    "referring_component": "16f079a6-page-prom-refc-4bfb03e240e9",
                                    "clicked_channel_id": "d371563eb8bec710VgnVCM200000650a10acRCRD"
                                },
                                "pageUrl": "/mako-vod-keshet/eretz_nehederet-s19/VOD-a1bbee1f4090d71027.htm",
                                "pics": [
                                    {
                                        "picUrl": "https://img.mako.co.il/2021/11/10/erezt_nehederet19_01_vod_autoOrient_i.jpg",
                                        "altText": "יאיר לפיד ונפתלי בנט במשחק השלטון"
                                    }
                                ],
                                "extraInfo": "פרק 1@10.11.21",
                                "aINT": true,
                                "aIL": true
                            },
                            {
                                "componentLayout": "vod",
                                "channelId": "d371563eb8bec710VgnVCM200000650a10acRCRD",
                                "itemVcmId": "9a3043621ec2d710VgnVCM200000650a10acRCRD",
                                "galleryChannelId": "9a3043621ec2d710VgnVCM200000650a10acRCRD",
                                "title": "ארדואן בתגובה ראשונה",
                                "domoClick": {
                                    "content_type": "vod",
                                    "click_type": "link",
                                    "clicked_item_id": "9a3043621ec2d710VgnVCM200000650a10acRCRD",
                                    "channel_depth": -1,
                                    "clicked_item_url": "https://www.mako.co.il/mako-vod-keshet/eretz_nehederet-s19/VOD-9a3043621ec2d71026.htm",
                                    "referring_component": "16f079a6-page-prom-refc-4bfb03e240e9",
                                    "clicked_channel_id": "d371563eb8bec710VgnVCM200000650a10acRCRD"
                                },
                                "pageUrl": "/mako-vod-keshet/eretz_nehederet-s19/VOD-9a3043621ec2d71026.htm",
                                "pics": [
                                    {
                                        "picUrl": "https://img.mako.co.il/2021/11/17/eretz19_02_171121_VOD_autoOrient_i.jpg",
                                        "altText": "ארדואן בתגובה ראשונה"
                                    }
                                ],
                                "extraInfo": "פרק 2@17.11.21",
                                "aINT": false,
                                "aIL": true
                            },
                            {
                                "componentLayout": "vod",
                                "channelId": "d371563eb8bec710VgnVCM200000650a10acRCRD",
                                "itemVcmId": "d873c5fc9f05d710VgnVCM200000650a10acRCRD",
                                "galleryChannelId": "d873c5fc9f05d710VgnVCM200000650a10acRCRD",
                                "title": "BLACK WEDNESDAY",
                                "domoClick": {
                                    "content_type": "vod",
                                    "click_type": "link",
                                    "clicked_item_id": "d873c5fc9f05d710VgnVCM200000650a10acRCRD",
                                    "channel_depth": -1,
                                    "clicked_item_url": "https://www.mako.co.il/mako-vod-keshet/eretz_nehederet-s19/VOD-d873c5fc9f05d71026.htm",
                                    "referring_component": "16f079a6-page-prom-refc-4bfb03e240e9",
                                    "clicked_channel_id": "d371563eb8bec710VgnVCM200000650a10acRCRD"
                                },
                                "pageUrl": "/mako-vod-keshet/eretz_nehederet-s19/VOD-d873c5fc9f05d71026.htm",
                                "pics": [
                                    {
                                        "picUrl": "https://img.mako.co.il/2021/11/25/Eretz19_03_241121_VOD_autoOrient_i.jpg",
                                        "altText": "מנחם ותחיה בספיישל BLACK WEDNESDAY"
                                    }
                                ],
                                "extraInfo": "פרק 3@24.11.21",
                                "aINT": false,
                                "aIL": true
                            },
                            {
                                "componentLayout": "vod",
                                "channelId": "d371563eb8bec710VgnVCM200000650a10acRCRD",
                                "itemVcmId": "63861679ff47d710VgnVCM100000700a10acRCRD",
                                "galleryChannelId": "63861679ff47d710VgnVCM100000700a10acRCRD",
                                "title": "ספיישל חנוכה",
                                "domoClick": {
                                    "content_type": "vod",
                                    "click_type": "link",
                                    "clicked_item_id": "63861679ff47d710VgnVCM100000700a10acRCRD",
                                    "channel_depth": -1,
                                    "clicked_item_url": "https://www.mako.co.il/mako-vod-keshet/eretz_nehederet-s19/VOD-63861679ff47d71027.htm",
                                    "referring_component": "16f079a6-page-prom-refc-4bfb03e240e9",
                                    "clicked_channel_id": "d371563eb8bec710VgnVCM200000650a10acRCRD"
                                },
                                "pageUrl": "/mako-vod-keshet/eretz_nehederet-s19/VOD-63861679ff47d71027.htm",
                                "pics": [
                                    {
                                        "picUrl": "https://img.mako.co.il/2021/12/02/eretz_nehedret_19_04_vod_autoOrient_i.jpg",
                                        "altText": "שרון אלרעי פרייס בספיישל חנוכה"
                                    }
                                ],
                                "extraInfo": "פרק 4@01.12.21",
                                "aINT": false,
                                "aIL": true
                            },
                            {
                                "componentLayout": "vod",
                                "channelId": "d371563eb8bec710VgnVCM200000650a10acRCRD",
                                "itemVcmId": "4e1f1061a099d710VgnVCM100000700a10acRCRD",
                                "galleryChannelId": "4e1f1061a099d710VgnVCM100000700a10acRCRD",
                                "title": "גילת בנט מגיבה",
                                "domoClick": {
                                    "content_type": "vod",
                                    "click_type": "link",
                                    "clicked_item_id": "4e1f1061a099d710VgnVCM100000700a10acRCRD",
                                    "channel_depth": -1,
                                    "clicked_item_url": "https://www.mako.co.il/mako-vod-keshet/eretz_nehederet-s19/VOD-4e1f1061a099d71027.htm",
                                    "referring_component": "16f079a6-page-prom-refc-4bfb03e240e9",
                                    "clicked_channel_id": "d371563eb8bec710VgnVCM200000650a10acRCRD"
                                },
                                "pageUrl": "/mako-vod-keshet/eretz_nehederet-s19/VOD-4e1f1061a099d71027.htm",
                                "pics": [
                                    {
                                        "picUrl": "https://img.mako.co.il/2021/12/08/Eretz_nehederet19_05_VOD_autoOrient_i.jpg",
                                        "altText": "גילת בנט מגיבה"
                                    }
                                ],
                                "extraInfo": "פרק 5@08.12.21",
                                "aINT": false,
                                "aIL": true
                            },
                            {
                                "componentLayout": "vod",
                                "channelId": "d371563eb8bec710VgnVCM200000650a10acRCRD",
                                "itemVcmId": "3610dad4631ed710VgnVCM200000650a10acRCRD",
                                "galleryChannelId": "3610dad4631ed710VgnVCM200000650a10acRCRD",
                                "title": "מהדורת חירום",
                                "domoClick": {
                                    "content_type": "vod",
                                    "click_type": "link",
                                    "clicked_item_id": "3610dad4631ed710VgnVCM200000650a10acRCRD",
                                    "channel_depth": -1,
                                    "clicked_item_url": "https://www.mako.co.il/mako-vod-keshet/eretz_nehederet-s19/VOD-3610dad4631ed71026.htm",
                                    "referring_component": "16f079a6-page-prom-refc-4bfb03e240e9",
                                    "clicked_channel_id": "d371563eb8bec710VgnVCM200000650a10acRCRD"
                                },
                                "pageUrl": "/mako-vod-keshet/eretz_nehederet-s19/VOD-3610dad4631ed71026.htm",
                                "pics": [
                                    {
                                        "picUrl": "https://img.mako.co.il/2021/12/22/eretz19_06_221221_VOD_autoOrient_i.jpg",
                                        "altText": "המנחה החליפי - עידו רוזנבלום"
                                    }
                                ],
                                "extraInfo": "פרק 6@22.12.21",
                                "aINT": false,
                                "aIL": true
                            },
                            {
                                "componentLayout": "vod",
                                "channelId": "d371563eb8bec710VgnVCM200000650a10acRCRD",
                                "itemVcmId": "0bc83e938350e710VgnVCM200000650a10acRCRD",
                                "galleryChannelId": "0bc83e938350e710VgnVCM200000650a10acRCRD",
                                "title": "אנשי השנה",
                                "domoClick": {
                                    "content_type": "vod",
                                    "click_type": "link",
                                    "clicked_item_id": "0bc83e938350e710VgnVCM200000650a10acRCRD",
                                    "channel_depth": -1,
                                    "clicked_item_url": "https://www.mako.co.il/mako-vod-keshet/eretz_nehederet-s19/VOD-0bc83e938350e71026.htm",
                                    "referring_component": "16f079a6-page-prom-refc-4bfb03e240e9",
                                    "clicked_channel_id": "d371563eb8bec710VgnVCM200000650a10acRCRD"
                                },
                                "pageUrl": "/mako-vod-keshet/eretz_nehederet-s19/VOD-0bc83e938350e71026.htm",
                                "pics": [
                                    {
                                        "picUrl": "https://img.mako.co.il/2021/12/29/Eretz19_07_291221_VOD_autoOrient_i.jpg",
                                        "altText": "בועז ביסמוט במשדר אנשי השנה של \"ארץ נהדרת\""
                                    }
                                ],
                                "extraInfo": "פרק 7@29.12.21",
                                "aINT": false,
                                "aIL": true
                            },
                            {
                                "componentLayout": "vod",
                                "channelId": "d371563eb8bec710VgnVCM200000650a10acRCRD",
                                "itemVcmId": "e7daf64ac492e710VgnVCM200000650a10acRCRD",
                                "galleryChannelId": "e7daf64ac492e710VgnVCM200000650a10acRCRD",
                                "title": "סערת עומר אדם",
                                "domoClick": {
                                    "content_type": "vod",
                                    "click_type": "link",
                                    "clicked_item_id": "e7daf64ac492e710VgnVCM200000650a10acRCRD",
                                    "channel_depth": -1,
                                    "clicked_item_url": "https://www.mako.co.il/mako-vod-keshet/eretz_nehederet-s19/VOD-e7daf64ac492e71026.htm",
                                    "referring_component": "16f079a6-page-prom-refc-4bfb03e240e9",
                                    "clicked_channel_id": "d371563eb8bec710VgnVCM200000650a10acRCRD"
                                },
                                "pageUrl": "/mako-vod-keshet/eretz_nehederet-s19/VOD-e7daf64ac492e71026.htm",
                                "pics": [
                                    {
                                        "picUrl": "https://img.mako.co.il/2022/01/05/Eretz19_08_050122_VOD_autoOrient_i.jpg",
                                        "altText": "עומר אדם באולפן \"ארץ נהדרת\""
                                    }
                                ],
                                "extraInfo": "פרק 8@05.01.22",
                                "aINT": false,
                                "aIL": true
                            },
                            {
                                "componentLayout": "vod",
                                "channelId": "d371563eb8bec710VgnVCM200000650a10acRCRD",
                                "itemVcmId": "eab0fe1fe8d4e710VgnVCM100000700a10acRCRD",
                                "galleryChannelId": "eab0fe1fe8d4e710VgnVCM100000700a10acRCRD",
                                "title": "יוצאים מהכאוס?",
                                "domoClick": {
                                    "content_type": "vod",
                                    "click_type": "link",
                                    "clicked_item_id": "eab0fe1fe8d4e710VgnVCM100000700a10acRCRD",
                                    "channel_depth": -1,
                                    "clicked_item_url": "https://www.mako.co.il/mako-vod-keshet/eretz_nehederet-s19/VOD-eab0fe1fe8d4e71027.htm",
                                    "referring_component": "16f079a6-page-prom-refc-4bfb03e240e9",
                                    "clicked_channel_id": "d371563eb8bec710VgnVCM200000650a10acRCRD"
                                },
                                "pageUrl": "/mako-vod-keshet/eretz_nehederet-s19/VOD-eab0fe1fe8d4e71027.htm",
                                "pics": [
                                    {
                                        "picUrl": "https://img.mako.co.il/2022/01/12/Eretz19_09_120122_VOD_autoOrient_i.jpg",
                                        "altText": "ראש הממשלה נפתלי בנט"
                                    }
                                ],
                                "extraInfo": "פרק 9@12.01.22",
                                "aINT": false,
                                "aIL": true
                            },
                            {
                                "componentLayout": "vod",
                                "channelId": "d371563eb8bec710VgnVCM200000650a10acRCRD",
                                "itemVcmId": "92e5d7561517e710VgnVCM200000650a10acRCRD",
                                "galleryChannelId": "92e5d7561517e710VgnVCM200000650a10acRCRD",
                                "title": "הסדר טיעון",
                                "domoClick": {
                                    "content_type": "vod",
                                    "click_type": "link",
                                    "clicked_item_id": "92e5d7561517e710VgnVCM200000650a10acRCRD",
                                    "channel_depth": -1,
                                    "clicked_item_url": "https://www.mako.co.il/mako-vod-keshet/eretz_nehederet-s19/VOD-92e5d7561517e71026.htm",
                                    "referring_component": "16f079a6-page-prom-refc-4bfb03e240e9",
                                    "clicked_channel_id": "d371563eb8bec710VgnVCM200000650a10acRCRD"
                                },
                                "pageUrl": "/mako-vod-keshet/eretz_nehederet-s19/VOD-92e5d7561517e71026.htm",
                                "pics": [
                                    {
                                        "picUrl": "https://img.mako.co.il/2022/01/19/Eretz19_10_190122_VOD_autoOrient_i.jpg",
                                        "altText": "טקס החתימה בנוכחות המבואסים מכל הצדדים"
                                    }
                                ],
                                "extraInfo": "פרק 10@19.01.22",
                                "aINT": false,
                                "aIL": true
                            },
                            {
                                "componentLayout": "ad",
                                "index": 1,
                                "mobileIu": "242748299/mako/vod/vod_keshet/MOBILE_MONSTER1_300x250",
                                "iu": "242748299/mako/vod/vod_keshet/JAMBO1_970",
                                "mobileSizes": "{['fluid', [300, 250]]}",
                                "sizes": "{[[970, 90]]}"
                            },
                            {
                                "componentLayout": "vod",
                                "channelId": "d371563eb8bec710VgnVCM200000650a10acRCRD",
                                "itemVcmId": "ac24848c0a9be710VgnVCM200000650a10acRCRD",
                                "galleryChannelId": "ac24848c0a9be710VgnVCM200000650a10acRCRD",
                                "title": "האמת של כרייף",
                                "domoClick": {
                                    "content_type": "vod",
                                    "click_type": "link",
                                    "clicked_item_id": "ac24848c0a9be710VgnVCM200000650a10acRCRD",
                                    "channel_depth": -1,
                                    "clicked_item_url": "https://www.mako.co.il/mako-vod-keshet/eretz_nehederet-s19/VOD-ac24848c0a9be71026.htm",
                                    "referring_component": "16f079a6-page-prom-refc-4bfb03e240e9",
                                    "clicked_channel_id": "d371563eb8bec710VgnVCM200000650a10acRCRD"
                                },
                                "pageUrl": "/mako-vod-keshet/eretz_nehederet-s19/VOD-ac24848c0a9be71026.htm",
                                "pics": [
                                    {
                                        "picUrl": "https://img.mako.co.il/2022/02/02/eretz19_11_020222_VOD_autoOrient_i.jpg",
                                        "altText": "אתי כרייף בארץ נהדרת"
                                    }
                                ],
                                "extraInfo": "פרק 11@02.02.22",
                                "aINT": false,
                                "aIL": true
                            },
                            {
                                "componentLayout": "vod",
                                "channelId": "d371563eb8bec710VgnVCM200000650a10acRCRD",
                                "itemVcmId": "576c3ffdfadde710VgnVCM100000700a10acRCRD",
                                "galleryChannelId": "576c3ffdfadde710VgnVCM100000700a10acRCRD",
                                "title": "הכל על השולחן",
                                "domoClick": {
                                    "content_type": "vod",
                                    "click_type": "link",
                                    "clicked_item_id": "576c3ffdfadde710VgnVCM100000700a10acRCRD",
                                    "channel_depth": -1,
                                    "clicked_item_url": "https://www.mako.co.il/mako-vod-keshet/eretz_nehederet-s19/VOD-576c3ffdfadde71027.htm",
                                    "referring_component": "16f079a6-page-prom-refc-4bfb03e240e9",
                                    "clicked_channel_id": "d371563eb8bec710VgnVCM200000650a10acRCRD"
                                },
                                "pageUrl": "/mako-vod-keshet/eretz_nehederet-s19/VOD-576c3ffdfadde71027.htm",
                                "pics": [
                                    {
                                        "picUrl": "https://img.mako.co.il/2022/02/09/Eretz19_12_090222_VOD_autoOrient_i.jpg",
                                        "altText": "דודי אמסלם בארץ נהדרת"
                                    }
                                ],
                                "extraInfo": "פרק 12@09.02.22",
                                "aINT": false,
                                "aIL": true
                            },
                            {
                                "componentLayout": "vod",
                                "channelId": "d371563eb8bec710VgnVCM200000650a10acRCRD",
                                "itemVcmId": "e277de468120f710VgnVCM200000650a10acRCRD",
                                "galleryChannelId": "e277de468120f710VgnVCM200000650a10acRCRD",
                                "title": "מלחמת עולם?",
                                "domoClick": {
                                    "content_type": "vod",
                                    "click_type": "link",
                                    "clicked_item_id": "e277de468120f710VgnVCM200000650a10acRCRD",
                                    "channel_depth": -1,
                                    "clicked_item_url": "https://www.mako.co.il/mako-vod-keshet/eretz_nehederet-s19/VOD-e277de468120f71026.htm",
                                    "referring_component": "16f079a6-page-prom-refc-4bfb03e240e9",
                                    "clicked_channel_id": "d371563eb8bec710VgnVCM200000650a10acRCRD"
                                },
                                "pageUrl": "/mako-vod-keshet/eretz_nehederet-s19/VOD-e277de468120f71026.htm",
                                "pics": [
                                    {
                                        "picUrl": "https://img.mako.co.il/2022/02/16/Eretz19_13_160222_VOD_autoOrient_i.jpg",
                                        "altText": "אפרת לכטר מדווחת מאוקראינה"
                                    }
                                ],
                                "extraInfo": "פרק 13@16.02.22",
                                "aINT": false,
                                "aIL": true
                            },
                            {
                                "componentLayout": "vod",
                                "channelId": "d371563eb8bec710VgnVCM200000650a10acRCRD",
                                "itemVcmId": "ea42df01e952f710VgnVCM100000700a10acRCRD",
                                "galleryChannelId": "ea42df01e952f710VgnVCM100000700a10acRCRD",
                                "title": "ערב של פיצוצים",
                                "domoClick": {
                                    "content_type": "vod",
                                    "click_type": "link",
                                    "clicked_item_id": "ea42df01e952f710VgnVCM100000700a10acRCRD",
                                    "channel_depth": -1,
                                    "clicked_item_url": "https://www.mako.co.il/mako-vod-keshet/eretz_nehederet-s19/VOD-ea42df01e952f71027.htm",
                                    "referring_component": "16f079a6-page-prom-refc-4bfb03e240e9",
                                    "clicked_channel_id": "d371563eb8bec710VgnVCM200000650a10acRCRD"
                                },
                                "pageUrl": "/mako-vod-keshet/eretz_nehederet-s19/VOD-ea42df01e952f71027.htm",
                                "pics": [
                                    {
                                        "picUrl": "https://img.mako.co.il/2022/02/23/Eretz19_14_230222_VOD_autoOrient_i.jpg",
                                        "altText": "ג'ו ביידן בפגישה בבית הלבן"
                                    }
                                ],
                                "extraInfo": "פרק 14@23.02.22",
                                "aINT": false,
                                "aIL": true
                            },
                            {
                                "componentLayout": "vod",
                                "channelId": "d371563eb8bec710VgnVCM200000650a10acRCRD",
                                "itemVcmId": "935b2825fdd6f710VgnVCM200000650a10acRCRD",
                                "galleryChannelId": "935b2825fdd6f710VgnVCM200000650a10acRCRD",
                                "title": "הטוב, הרע והמתווך",
                                "domoClick": {
                                    "content_type": "vod",
                                    "click_type": "link",
                                    "clicked_item_id": "935b2825fdd6f710VgnVCM200000650a10acRCRD",
                                    "channel_depth": -1,
                                    "clicked_item_url": "https://www.mako.co.il/mako-vod-keshet/eretz_nehederet-s19/VOD-935b2825fdd6f71026.htm",
                                    "referring_component": "16f079a6-page-prom-refc-4bfb03e240e9",
                                    "clicked_channel_id": "d371563eb8bec710VgnVCM200000650a10acRCRD"
                                },
                                "pageUrl": "/mako-vod-keshet/eretz_nehederet-s19/VOD-935b2825fdd6f71026.htm",
                                "pics": [
                                    {
                                        "picUrl": "https://img.mako.co.il/2022/03/09/Eretz19_15_090322_VOD_autoOrient_i.jpg",
                                        "altText": "נפתלי בנט בפגישה עם פוטין"
                                    }
                                ],
                                "extraInfo": "פרק 15@09.03.22",
                                "aINT": false,
                                "aIL": true
                            },
                            {
                                "componentLayout": "vod",
                                "channelId": "d371563eb8bec710VgnVCM200000650a10acRCRD",
                                "itemVcmId": "035e760d81d8f710VgnVCM100000700a10acRCRD",
                                "galleryChannelId": "035e760d81d8f710VgnVCM100000700a10acRCRD",
                                "title": "ספיישל פורים",
                                "domoClick": {
                                    "content_type": "vod",
                                    "click_type": "link",
                                    "clicked_item_id": "035e760d81d8f710VgnVCM100000700a10acRCRD",
                                    "channel_depth": -1,
                                    "clicked_item_url": "https://www.mako.co.il/mako-vod-keshet/eretz_nehederet-s19/VOD-035e760d81d8f71027.htm",
                                    "referring_component": "16f079a6-page-prom-refc-4bfb03e240e9",
                                    "clicked_channel_id": "d371563eb8bec710VgnVCM200000650a10acRCRD"
                                },
                                "pageUrl": "/mako-vod-keshet/eretz_nehederet-s19/VOD-035e760d81d8f71027.htm",
                                "pics": [
                                    {
                                        "picUrl": "https://img.mako.co.il/2022/03/15/Eretz19_16_150322_VOD_autoOrient_i.jpg",
                                        "altText": "אנה ארונוב ודויד דביר מחופשים"
                                    }
                                ],
                                "extraInfo": "פרק 16@15.03.22",
                                "aINT": false,
                                "aIL": true
                            },
                            {
                                "componentLayout": "vod",
                                "channelId": "d371563eb8bec710VgnVCM200000650a10acRCRD",
                                "itemVcmId": "39abcc03636bf710VgnVCM200000650a10acRCRD",
                                "galleryChannelId": "39abcc03636bf710VgnVCM200000650a10acRCRD",
                                "title": "זלנסקי בכנסת",
                                "domoClick": {
                                    "content_type": "vod",
                                    "click_type": "link",
                                    "clicked_item_id": "39abcc03636bf710VgnVCM200000650a10acRCRD",
                                    "channel_depth": -1,
                                    "clicked_item_url": "https://www.mako.co.il/mako-vod-keshet/eretz_nehederet-s19/VOD-39abcc03636bf71026.htm",
                                    "referring_component": "16f079a6-page-prom-refc-4bfb03e240e9",
                                    "clicked_channel_id": "d371563eb8bec710VgnVCM200000650a10acRCRD"
                                },
                                "pageUrl": "/mako-vod-keshet/eretz_nehederet-s19/VOD-39abcc03636bf71026.htm",
                                "pics": [
                                    {
                                        "picUrl": "https://img.mako.co.il/2022/03/23/eretz19_17_230322_VOD_autoOrient_i.jpg",
                                        "altText": "זלנסקי בכנסת"
                                    }
                                ],
                                "extraInfo": "פרק 17@23.03.22",
                                "aINT": false,
                                "aIL": true
                            },
                            {
                                "componentLayout": "vod",
                                "channelId": "d371563eb8bec710VgnVCM200000650a10acRCRD",
                                "itemVcmId": "8e64f4798ddff710VgnVCM200000650a10acRCRD",
                                "galleryChannelId": "8e64f4798ddff710VgnVCM200000650a10acRCRD",
                                "title": "האם הממשלה מתפרקת?",
                                "domoClick": {
                                    "content_type": "vod",
                                    "click_type": "link",
                                    "clicked_item_id": "8e64f4798ddff710VgnVCM200000650a10acRCRD",
                                    "channel_depth": -1,
                                    "clicked_item_url": "https://www.mako.co.il/mako-vod-keshet/eretz_nehederet-s19/VOD-8e64f4798ddff71026.htm",
                                    "referring_component": "16f079a6-page-prom-refc-4bfb03e240e9",
                                    "clicked_channel_id": "d371563eb8bec710VgnVCM200000650a10acRCRD"
                                },
                                "pageUrl": "/mako-vod-keshet/eretz_nehederet-s19/VOD-8e64f4798ddff71026.htm",
                                "pics": [
                                    {
                                        "picUrl": "https://img.mako.co.il/2022/04/06/eretz19_18_060422_VOD_autoOrient_i.jpg",
                                        "altText": "עידית סילמן בארץ נהדרת"
                                    }
                                ],
                                "extraInfo": "פרק 18@06.04.22",
                                "aINT": false,
                                "aIL": true
                            },
                            {
                                "componentLayout": "vod",
                                "channelId": "d371563eb8bec710VgnVCM200000650a10acRCRD",
                                "itemVcmId": "51c65a5d02220810VgnVCM100000700a10acRCRD",
                                "galleryChannelId": "51c65a5d02220810VgnVCM100000700a10acRCRD",
                                "title": "ספיישל פסח",
                                "domoClick": {
                                    "content_type": "vod",
                                    "click_type": "link",
                                    "clicked_item_id": "51c65a5d02220810VgnVCM100000700a10acRCRD",
                                    "channel_depth": -1,
                                    "clicked_item_url": "https://www.mako.co.il/mako-vod-keshet/eretz_nehederet-s19/VOD-51c65a5d0222081027.htm",
                                    "referring_component": "16f079a6-page-prom-refc-4bfb03e240e9",
                                    "clicked_channel_id": "d371563eb8bec710VgnVCM200000650a10acRCRD"
                                },
                                "pageUrl": "/mako-vod-keshet/eretz_nehederet-s19/VOD-51c65a5d0222081027.htm",
                                "pics": [
                                    {
                                        "picUrl": "https://img.mako.co.il/2022/04/13/eretz19_19_130422_VOD_autoOrient_i.jpg",
                                        "altText": "נפתלי בנט ויאיר לפיד בסדר פסח בארץ נהדרת"
                                    }
                                ],
                                "extraInfo": "פרק 19@13.04.22",
                                "aINT": false,
                                "aIL": true
                            },
                            {
                                "componentLayout": "vod",
                                "channelId": "d371563eb8bec710VgnVCM200000650a10acRCRD",
                                "itemVcmId": "7cecb7e39b980810VgnVCM100000700a10acRCRD",
                                "galleryChannelId": "7cecb7e39b980810VgnVCM100000700a10acRCRD",
                                "title": "ספיישל עצמאות",
                                "domoClick": {
                                    "content_type": "vod",
                                    "click_type": "link",
                                    "clicked_item_id": "7cecb7e39b980810VgnVCM100000700a10acRCRD",
                                    "channel_depth": -1,
                                    "clicked_item_url": "https://www.mako.co.il/mako-vod-keshet/eretz_nehederet-s19/VOD-7cecb7e39b98081027.htm",
                                    "referring_component": "16f079a6-page-prom-refc-4bfb03e240e9",
                                    "clicked_channel_id": "d371563eb8bec710VgnVCM200000650a10acRCRD"
                                },
                                "pageUrl": "/mako-vod-keshet/eretz_nehederet-s19/VOD-7cecb7e39b98081027.htm",
                                "pics": [
                                    {
                                        "picUrl": "https://img.mako.co.il/2022/05/07/Eretz19_20_070522_VOD_autoOrient_i.jpg",
                                        "altText": "ריטה בספיישל עצמאות של ארץ נהדרת"
                                    }
                                ],
                                "extraInfo": "פרק 20@07.05.22",
                                "aINT": false,
                                "aIL": true
                            }
                        ]
                    },
                    {
                        "buttonText": "מיוחדים",
                        "id": "specialEpisodes",
                        "vcmid": "490f32212cafc710VgnVCM200000650a10acRCRD",
                        "channelId": "490f32212cafc710VgnVCM200000650a10acRCRD",
                        "makoRefComp": "Special_Episodes",
                        "pageUrl": "/mako-vod-keshet/eretz_nehederet-s19/special",
                        "domoClick": {
                            "content_type": "channel",
                            "click_type": "link",
                            "clicked_item_id": "490f32212cafc710VgnVCM200000650a10acRCRD",
                            "channel_depth": -1,
                            "clicked_item_url": "https://www.mako.co.il/mako-vod-keshet/eretz_nehederet-s19/special",
                            "referring_component": "9ced3b0e-page-navi-refc-eb3fe7b8e0de",
                            "clicked_channel_id": "490f32212cafc710VgnVCM200000650a10acRCRD"
                        },
                        "open": false
                    },
                    {
                        "buttonText": "קטעים קצרים",
                        "id": "shorts",
                        "vcmid": "a3fe6d1bfdef6810VgnVCM100000700a10acRCRD",
                        "channelId": "a3fe6d1bfdef6810VgnVCM100000700a10acRCRD",
                        "makoRefComp": "Shorts",
                        "pageUrl": "/mako-vod-keshet/eretz_nehederet-s19/shorts",
                        "domoClick": {
                            "content_type": "channel",
                            "click_type": "link",
                            "clicked_item_id": "a3fe6d1bfdef6810VgnVCM100000700a10acRCRD",
                            "channel_depth": -1,
                            "clicked_item_url": "https://www.mako.co.il/mako-vod-keshet/eretz_nehederet-s19/shorts",
                            "referring_component": "9ced3b0e-page-navi-refc-eb3fe7b8e0de",
                            "clicked_channel_id": "a3fe6d1bfdef6810VgnVCM100000700a10acRCRD"
                        },
                        "open": false
                    },
                    {
                        "buttonText": "קרדיטים",
                        "id": "credits",
                        "vcmid": "Credits",
                        "channelId": "d371563eb8bec710VgnVCM200000650a10acRCRD",
                        "makoRefComp": "Credits",
                        "pageUrl": "/mako-vod-keshet/eretz_nehederet-s22?type=credits",
                        "domoClick": {
                            "content_type": "fabricated",
                            "click_type": "link",
                            "clicked_item_id": "a7a32f51-cred-its--id-e-0491fe30f859",
                            "clicked_item_url": "https://www.mako.co.il/mako-vod-keshet/eretz_nehederet-s22?type=credits",
                            "referring_component": "9ced3b0e-page-navi-refc-eb3fe7b8e0de",
                            "clicked_channel_id": "bc6a5d06d46f2910VgnVCM200000650a10acRCRD"
                        },
                        "credits": [
                            {
                                "value": "איל קיציס",
                                "key": "host",
                                "text": "מנחה:"
                            },
                            {
                                "value": "איל קיציס, אסי כהן, מריאנו אידלמן, אלי פיניש, ערן זרחוביץ', יובל סמו, רועי בר נתן, ירון ברלד, שני כהן, עלמה זק, ליאת הר לב, תום יער, תמיר בר, אמיר שורוש",
                                "key": "participance",
                                "text": "משתתפים:"
                            },
                            {
                                "value": "רועי פלורנטין, ירון שילון, אמיר אוקרייניץ",
                                "key": "director",
                                "text": "במאי:"
                            },
                            {
                                "value": "מולי שגב",
                                "key": "mainEditor",
                                "text": "עורך ראשי:"
                            },
                            {
                                "value": "שירי מיכאלי",
                                "key": "producer",
                                "text": "מפיק:"
                            },
                            {
                                "value": "קשת",
                                "key": "productionCompany",
                                "text": "חברת הפקה:"
                            }
                        ]
                    }
                ],
                "historyObject": {
                    "title": "משחק השלטון",
                    "programId": "5cf467a604643210VgnVCM2000002a0c10acRCRD",
                    "pageUrl": "/mako-vod-keshet/eretz_nehederet-s19/VOD-a1bbee1f4090d71027.htm",
                    "domoClick": {
                        "content_type": "vod",
                        "click_type": "link",
                        "clicked_item_id": "a1bbee1f4090d710VgnVCM100000700a10acRCRD",
                        "channel_depth": 3,
                        "clicked_item_url": "https://www.mako.co.il/mako-vod-keshet/eretz_nehederet-s19/VOD-a1bbee1f4090d71027.htm",
                        "referring_component": "ERROR_NO_REFERRER",
                        "clicked_channel_id": "d371563eb8bec710VgnVCM200000650a10acRCRD"
                    },
                    "picUrl": "https://img.mako.co.il/2021/11/10/erezt_nehederet19_01_vod_autoOrient_i.jpg",
                    "hero": {
                        "title": "ארץ נהדרת",
                        "extraInfo": "עונה 19@פרק 1@10.11.21",
                        "picUrl": "https://img.mako.co.il/2021/11/14/Eretz19_X5_re.jpg",
                        "logo": "https://img.mako.co.il/2022/06/21/logo_eretz.png",
                        "subtitle": "משחק השלטון",
                        "description": "ארץ נהדרת חוזרת מוכנה לכל תרחיש"
                    },
                    "buttonText": "להמשך צפייה בעונה 19 פרק 1",
                    "sch": "d371563eb8bec710",
                    "seasonUrl": "/mako-vod-keshet/eretz_nehederet-s19"
                }
            }
        },
        "__N_SSP": true
    },
    "page": "/[mako_vod_channel]/[program]",
    "query": {
        "mako_vod_channel": "mako-vod-keshet",
        "program": "eretz_nehederet-s19"
    },
    "buildId": "5.15.0",
    "assetPrefix": "/mako-vod",
    "isFallback": false,
    "gssp": true,
    "customServer": true,
    "scriptLoader": []
}