{
    "props": {
        "pageProps": {
            "menu": {
                "lastUpdate": "Tue, 12 Nov 2024 00:05:30 +0200",
                "timestamp": 1731362730756,
                "header": {
                    "guid": "00b23f399647c710VgnVCM200000650a10acRCRD",
                    "categories": [
                        {
                            "name": "ראשי",
                            "icon": "https://img.mako.co.il/2021/10/10/home.png",
                            "url": "/mako-vod",
                            "domoClick": {
                                "content_type": "channel",
                                "channel_depth": 1,
                                "teaser_id": "a27a2dcbacf4c710VgnVCM200000650a10acRCRD",
                                "clicked_item_id": "b5f4c13070733210VgnVCM2000002a0c10acRCRD",
                                "click_type": "link",
                                "clicked_channel_id": "b5f4c13070733210VgnVCM2000002a0c10acRCRD",
                                "referring_component": "8eb76bc8-glob-navi-refc-2ad659ccef22",
                                "clicked_item_url": "https://www.mako.co.il/mako-vod"
                            }
                        },
                        {
                            "name": "LIVE",
                            "icon": "https://img.mako.co.il/2021/10/10/live.png",
                            "url": "/mako-vod-live-tv/VOD-6540b8dcb64fd31006.htm",
                            "domoClick": {
                                "content_type": "vod",
                                "channel_depth": 1,
                                "teaser_id": "a66819cdc7a6c710VgnVCM100000700a10acRCRD",
                                "clicked_item_id": "6540b8dcb64fd310VgnVCM2000002a0c10acRCRD",
                                "click_type": "link",
                                "clicked_channel_id": "5d28d21b4580e310VgnVCM2000002a0c10acRCRD",
                                "referring_component": "8eb76bc8-glob-navi-refc-2ad659ccef22",
                                "clicked_item_url": "https://www.mako.co.il/mako-vod-live-tv/VOD-6540b8dcb64fd31006.htm"
                            }
                        },
                        {
                            "name": "תוכניות",
                            "icon": "https://img.mako.co.il/2021/10/10/index.png",
                            "url": "/mako-vod-index",
                            "domoClick": {
                                "content_type": "channel",
                                "channel_depth": 2,
                                "teaser_id": "3e8819cdc7a6c710VgnVCM100000700a10acRCRD",
                                "clicked_item_id": "05c2e4caebbe3210VgnVCM100000290c10acRCRD",
                                "click_type": "link",
                                "clicked_channel_id": "05c2e4caebbe3210VgnVCM100000290c10acRCRD",
                                "referring_component": "8eb76bc8-glob-navi-refc-2ad659ccef22",
                                "clicked_item_url": "https://www.mako.co.il/mako-vod-index"
                            }
                        }
                    ]
                },
                "footer": {
                    "guid": "bc533f399647c710VgnVCM200000650a10acRCRD",
                    "categories": [
                        {
                            "name": "אודות +12",
                            "url": "https://makospecial.co.il/about-12plus?makoOpenChromeTabs=1?partner=12plusFooterLinks",
                            "domoClick": {
                                "content_type": "unknown",
                                "channel_depth": -1,
                                "teaser_id": "6b2a6503efec9810VgnVCM200000650a10acRCRD",
                                "clicked_item_id": "unknown",
                                "click_type": "link",
                                "clicked_channel_id": "unknown",
                                "referring_component": "2d2c13d6-glob-foot-refc-de190b394505",
                                "clicked_item_url": "https://makospecial.co.il/about-12plus?makoOpenChromeTabs=1?partner=12plusFooterLinks"
                            }
                        },
                        {
                            "name": "עזרה",
                            "url": "https://www.mako.co.il/mako-vod-help",
                            "domoClick": {
                                "content_type": "channel",
                                "channel_depth": 2,
                                "teaser_id": "1a0e40b549a6c710VgnVCM100000700a10acRCRD",
                                "clicked_item_id": "f13ad9f49196e710VgnVCM200000650a10acRCRD",
                                "click_type": "link",
                                "clicked_channel_id": "f13ad9f49196e710VgnVCM200000650a10acRCRD",
                                "referring_component": "2d2c13d6-glob-foot-refc-de190b394505",
                                "clicked_item_url": "https://www.mako.co.il/mako-vod-help"
                            }
                        },
                        {
                            "name": "לפנייה במייל",
                            "url": "mail",
                            "domoClick": {
                                "content_type": "channel",
                                "channel_depth": 0,
                                "teaser_id": "f4ca40b549a6c710VgnVCM100000700a10acRCRD",
                                "clicked_item_id": "3d385dd2dd5d4110VgnVCM100000290c10acRCRD",
                                "click_type": "link",
                                "clicked_channel_id": "3d385dd2dd5d4110VgnVCM100000290c10acRCRD",
                                "referring_component": "2d2c13d6-glob-foot-refc-de190b394505",
                                "clicked_item_url": "https://www.mako.co.ilmail"
                            }
                        },
                        {
                            "name": "לפנייה ב whatsapp",
                            "url": "https://wa.me/972502010818",
                            "domoClick": {
                                "content_type": "unknown",
                                "channel_depth": -1,
                                "teaser_id": "27c4464ed643c810VgnVCM100000700a10acRCRD",
                                "clicked_item_id": "unknown",
                                "click_type": "link",
                                "clicked_channel_id": "unknown",
                                "referring_component": "2d2c13d6-glob-foot-refc-de190b394505",
                                "clicked_item_url": "https://wa.me/972502010818"
                            }
                        },
                        {
                            "name": "תקנון",
                            "url": "https://www.mako.co.il/mako-vod-help/Article-dd0b75e6b096e71026.htm?partner=12plusFooterLinks",
                            "domoClick": {
                                "content_type": "Article",
                                "channel_depth": 2,
                                "teaser_id": "757f40b549a6c710VgnVCM100000700a10acRCRD",
                                "clicked_item_id": "dd0b75e6b096e710VgnVCM200000650a10acRCRD",
                                "click_type": "link",
                                "clicked_channel_id": "f13ad9f49196e710VgnVCM200000650a10acRCRD",
                                "referring_component": "2d2c13d6-glob-foot-refc-de190b394505",
                                "clicked_item_url": "https://www.mako.co.il/mako-vod-help/Article-dd0b75e6b096e71026.htm?partner=12plusFooterLinks"
                            }
                        },
                        {
                            "name": "הסדרי נגישות",
                            "url": "https://www.mako.co.il/help-5bb6bf4ccf39c110/Article-b7ff18a9de86471026.htm?partner=12plusFooterLinks",
                            "domoClick": {
                                "content_type": "Article",
                                "channel_depth": 2,
                                "teaser_id": "23f4495772220810VgnVCM200000650a10acRCRD",
                                "clicked_item_id": "b7ff18a9de864710VgnVCM200000650a10acRCRD",
                                "click_type": "link",
                                "clicked_channel_id": "5bb6bf4ccf39c110VgnVCM100000290c10acRCRD",
                                "referring_component": "2d2c13d6-glob-foot-refc-de190b394505",
                                "clicked_item_url": "https://www.mako.co.il/help-5bb6bf4ccf39c110/Article-b7ff18a9de86471026.htm?partner=12plusFooterLinks"
                            }
                        },
                        {
                            "name": "מדיניות פרטיות ותנאי שימוש",
                            "url": "https://www.mako.co.il/help-terms-of-use/Article-d37908dd1674c11006.htm?partner=12plusFooterLinks",
                            "domoClick": {
                                "content_type": "Article",
                                "channel_depth": 2,
                                "teaser_id": "e5c040b549a6c710VgnVCM100000700a10acRCRD",
                                "clicked_item_id": "d37908dd1674c110VgnVCM2000002a0c10acRCRD",
                                "click_type": "link",
                                "clicked_channel_id": "345705dfcebcb110VgnVCM2000002a0c10acRCRD",
                                "referring_component": "2d2c13d6-glob-foot-refc-de190b394505",
                                "clicked_item_url": "https://www.mako.co.il/help-terms-of-use/Article-d37908dd1674c11006.htm?partner=12plusFooterLinks"
                            }
                        }
                    ]
                }
            },
            "logos": {
                "lastUpdate": "Tue, 12 Nov 2024 00:05:30 +0200",
                "timestamp": 1731362730793,
                "headerLogo": {
                    "guid": "9dabeac4fa6cc710VgnVCM200000650a10acRCRD",
                    "desktopLogo": "https://img.mako.co.il/2024/10/10/logo-12-desktop.png",
                    "mobileWebLogo": "https://img.mako.co.il/2024/10/10/LOGO_12_mobile.png",
                    "mobileAppLogo": "https://img.mako.co.il/2024/10/09/LOGO_12__mobileApp.png",
                    "smartTVLogo": "https://img.mako.co.il/2021/10/28/Logo_12+_smartTV.png"
                }
            },
            "data": {
                "lastUpdate": "Mon, 11 Nov 2024 04:27:11 +0200",
                "timestamp": 1731292031051,
                "pageType": "Subvertical",
                "channelId": "20bf32f4a0a53810VgnVCM100000700a10acRCRD",
                "sch": "20bf32f4a0a53810",
                "channelName": "עונה 20",
                "pageUrl": "/mako-vod-keshet/eretz_nehederet-s20",
                "domoPageView": {
                    "content_type": "channel",
                    "channel_id": "20bf32f4a0a53810VgnVCM100000700a10acRCRD",
                    "item_id": "20bf32f4a0a53810VgnVCM100000700a10acRCRD",
                    "page_url": "https://www.mako.co.il/mako-vod-keshet/eretz_nehederet-s20",
                    "is_blocked_content": {
                        "israel": 0,
                        "international": 0
                    },
                    "channel_depth": 3
                },
                "preload": true,
                "makoCatDFP": {
                    "cust_params": {
                        "location_sub_campaign": "%LOCATION_SUB_CAMPAIGN%",
                        "payinguser": "%IS_PAYING_USER%",
                        "video_from_time": "%VIDEO_FROM_TIME%",
                        "bundleId": "%PRODUCT_BUNDLE_ID%",
                        "pushTags": "%PUSH_TAGS%",
                        "language": "%LANGUAGE%",
                        "locale": "%LOCALE%",
                        "deviceid": "%DEVICE_ID%",
                        "version": "%VERSION%",
                        "devicetype": "%DEVICE_TYPE%",
                        "MAKOPAGE": "%GUID%",
                        "advertiserId": "%ADVERTISER_ID%",
                        "carrier": "%CARRIER%",
                        "LEVEL4": "vod_eretz",
                        "osVersion": "%OS_VERSION%",
                        "LEVEL5": "s20",
                        "paidContent": "%IS_PAID_CONTENT%",
                        "appid": "%APP_ID%",
                        "makoHN": "%HOUSE_NUMBERS%",
                        "random_number": "%RANDOM_NUMBER%",
                        "osType": "%OS_TYPE%",
                        "deviceModel": "%DEVICE_MODEL%",
                        "pushTrigger": "%PUSH_TRIGGER%"
                    },
                    "iu": "/242748299/mako/vod/vod_keshet/"
                },
                "seo": {
                    "title": "ארץ נהדרת, עונה 20 - פרקים מלאים לצפייה ישירה",
                    "description": "ארץ נהדרת, עונה 20 - פרקים מלאים לצפייה ישירה. הבחירות שלכם חזרו? גם אנחנו! העונה ה-20 של \"ארץ נהדרת\" עם איל קיציס, אלי פיניש, ליאת הר לב, שני כהן ועוד",
                    "type": "tv_show",
                    "image": "https://img.mako.co.il/2022/09/20/ERETZ_S20_1_i_re.jpg",
                    "canonical": "https://www.mako.co.il/mako-vod-keshet/eretz_nehederet-s20",
                    "schema": {
                        "@context": "https://schema.org",
                        "@type": "TVSeason",
                        "name": "עונה 20",
                        "description": "הבחירות שלכם חזרו? גם אנחנו! העונה ה-20 של \"ארץ נהדרת\" עם איל קיציס, אלי פיניש, ליאת הר לב, שני כהן וכל הכוכבים הכי גדולים בישראל",
                        "image": "https://img.mako.co.il/2022/09/20/ERETZ_S20_1_i_re.jpg",
                        "numberOfEpisodes": 22,
                        "url": "https://www.mako.co.il/mako-vod-keshet/eretz_nehederet-s20",
                        "partOfTVSeries": {
                            "@type": "TVSeries",
                            "name": "ארץ נהדרת",
                            "url": "https://www.mako.co.il/mako-vod-keshet/eretz_nehederet"
                        },
                        "genre": [
                            "קומדיה"
                        ],
                        "actor": [
                            {
                                "@type": "Person",
                                "name": "איל קיציס"
                            },
                            {
                                "@type": "Person",
                                "name": "אלי פיניש"
                            },
                            {
                                "@type": "Person",
                                "name": "עלמה זק"
                            },
                            {
                                "@type": "Person",
                                "name": "מריאנו אידלמן"
                            },
                            {
                                "@type": "Person",
                                "name": "ליאת הר לב"
                            },
                            {
                                "@type": "Person",
                                "name": "ערן זרחוביץ'"
                            },
                            {
                                "@type": "Person",
                                "name": "יובל סמו"
                            },
                            {
                                "@type": "Person",
                                "name": "רועי בר נתן"
                            },
                            {
                                "@type": "Person",
                                "name": "ירון ברלד"
                            },
                            {
                                "@type": "Person",
                                "name": "שני כהן"
                            },
                            {
                                "@type": "Person",
                                "name": "תום יער"
                            },
                            {
                                "@type": "Person",
                                "name": "תמיר בר"
                            },
                            {
                                "@type": "Person",
                                "name": "אמיר שורוש"
                            },
                            {
                                "@type": "Person",
                                "name": "אורי לייזרוביץ'"
                            },
                            {
                                "@type": "Person",
                                "name": "ליאור אשכנזי"
                            },
                            {
                                "@type": "Person",
                                "name": "גיה באר גורביץ'"
                            },
                            {
                                "@type": "Person",
                                "name": "יניב ביטון ואסי כהן"
                            }
                        ],
                        "provider": {
                            "@type": "Organization",
                            "name": "תכניות קשת"
                        },
                        "publisher": {
                            "@type": "NewsMediaOrganization",
                            "name": "שידורי קשת"
                        }
                    }
                },
                "vod": {
                    "channelId": "20bf32f4a0a53810VgnVCM100000700a10acRCRD",
                    "itemVcmId": "5dd3698d83a53810VgnVCM200000650a10acRCRD",
                    "galleryChannelId": "5dd3698d83a53810VgnVCM200000650a10acRCRD",
                    "programId": "5cf467a604643210VgnVCM2000002a0c10acRCRD",
                    "mostCurrent": false,
                    "domoPlay": {
                        "content_type": "vod",
                        "channel_id": "20bf32f4a0a53810VgnVCM100000700a10acRCRD",
                        "item_id": "5dd3698d83a53810VgnVCM200000650a10acRCRD",
                        "channel_depth": 3
                    },
                    "domoClick": {
                        "content_type": "vod",
                        "click_type": "link",
                        "clicked_item_id": "5dd3698d83a53810VgnVCM200000650a10acRCRD",
                        "channel_depth": -1,
                        "clicked_item_url": "https://www.mako.co.il/mako-vod-keshet/eretz_nehederet-s20/VOD-5dd3698d83a5381026.htm",
                        "referring_component": "080b8750-hero-41d9-refc-e6bfe67f099c",
                        "clicked_channel_id": "20bf32f4a0a53810VgnVCM100000700a10acRCRD"
                    },
                    "pageUrl": "/mako-vod-keshet/eretz_nehederet-s20/VOD-5dd3698d83a5381026.htm",
                    "aINT": true,
                    "aIL": true,
                    "iPromoType": "Program"
                },
                "hero": {
                    "extraInfo": "23 עונות",
                    "itemVcmId": "45bfc3561e953810VgnVCM200000650a10acRCRD",
                    "channelId": "20bf32f4a0a53810VgnVCM100000700a10acRCRD",
                    "logo": "https://img.mako.co.il/2022/09/20/ERETZ_S20_LOGO.png",
                    "logoAltText": "לוגו ארץ נהדרת עונה 20",
                    "description": "הבחירות שלכם חזרו? גם אנחנו! העונה ה-20 של \"ארץ נהדרת\" עם איל קיציס, אלי פיניש, ליאת הר לב, שני כהן וכל הכוכבים הכי גדולים בישראל",
                    "pics": [
                        {
                            "picUrl": "https://img.mako.co.il/2022/09/20/ERETZ_S20_1_X5_re.jpg",
                            "altText": "ארץ נהדרת עונה 20 - תמונה רשמית"
                        }
                    ],
                    "mobilePics": [
                        {
                            "picUrl": "https://img.mako.co.il/2022/09/20/ERETZ_S20_1_No_Logo_E_re.jpg",
                            "altText": "ארץ נהדרת עונה 20 - תמונה רשמית"
                        }
                    ],
                    "buttonText": "עונה 20 פרק 1",
                    "makoRefComp": "Specific_Episode"
                },
                "seasons": [
                    {
                        "current": false,
                        "seasonTitle": "עונה 1",
                        "pageUrl": "/mako-vod-keshet/eretz_nehederet-s1",
                        "domoClick": {
                            "content_type": "channel",
                            "click_type": "link",
                            "clicked_item_id": "bae667a604643210VgnVCM2000002a0c10acRCRD",
                            "channel_depth": -1,
                            "clicked_item_url": "https://www.mako.co.il/mako-vod-keshet/eretz_nehederet-s1",
                            "referring_component": "9ced3b0e-page-navi-refc-eb3fe7b8e0de",
                            "clicked_channel_id": "bae667a604643210VgnVCM2000002a0c10acRCRD"
                        }
                    },
                    {
                        "current": false,
                        "seasonTitle": "עונה 2",
                        "pageUrl": "/mako-vod-keshet/eretz_nehederet-s2",
                        "domoClick": {
                            "content_type": "channel",
                            "click_type": "link",
                            "clicked_item_id": "3d9af64d35643210VgnVCM2000002a0c10acRCRD",
                            "channel_depth": -1,
                            "clicked_item_url": "https://www.mako.co.il/mako-vod-keshet/eretz_nehederet-s2",
                            "referring_component": "9ced3b0e-page-navi-refc-eb3fe7b8e0de",
                            "clicked_channel_id": "3d9af64d35643210VgnVCM2000002a0c10acRCRD"
                        }
                    },
                    {
                        "current": false,
                        "seasonTitle": "עונה 3",
                        "pageUrl": "/mako-vod-keshet/eretz_nehederet-s3",
                        "domoClick": {
                            "content_type": "channel",
                            "click_type": "link",
                            "clicked_item_id": "43cef64d35643210VgnVCM2000002a0c10acRCRD",
                            "channel_depth": -1,
                            "clicked_item_url": "https://www.mako.co.il/mako-vod-keshet/eretz_nehederet-s3",
                            "referring_component": "9ced3b0e-page-navi-refc-eb3fe7b8e0de",
                            "clicked_channel_id": "43cef64d35643210VgnVCM2000002a0c10acRCRD"
                        }
                    },
                    {
                        "current": false,
                        "seasonTitle": "עונה 4",
                        "pageUrl": "/mako-vod-keshet/eretz_nehederet-s4",
                        "domoClick": {
                            "content_type": "channel",
                            "click_type": "link",
                            "clicked_item_id": "d251f64d35643210VgnVCM2000002a0c10acRCRD",
                            "channel_depth": -1,
                            "clicked_item_url": "https://www.mako.co.il/mako-vod-keshet/eretz_nehederet-s4",
                            "referring_component": "9ced3b0e-page-navi-refc-eb3fe7b8e0de",
                            "clicked_channel_id": "d251f64d35643210VgnVCM2000002a0c10acRCRD"
                        }
                    },
                    {
                        "current": false,
                        "seasonTitle": "עונה 5",
                        "pageUrl": "/mako-vod-keshet/eretz_nehederet-s5",
                        "domoClick": {
                            "content_type": "channel",
                            "click_type": "link",
                            "clicked_item_id": "7a03f64d35643210VgnVCM2000002a0c10acRCRD",
                            "channel_depth": -1,
                            "clicked_item_url": "https://www.mako.co.il/mako-vod-keshet/eretz_nehederet-s5",
                            "referring_component": "9ced3b0e-page-navi-refc-eb3fe7b8e0de",
                            "clicked_channel_id": "7a03f64d35643210VgnVCM2000002a0c10acRCRD"
                        }
                    },
                    {
                        "current": false,
                        "seasonTitle": "עונה 6",
                        "pageUrl": "/mako-vod-keshet/eretz_nehederet-s6",
                        "domoClick": {
                            "content_type": "channel",
                            "click_type": "link",
                            "clicked_item_id": "1144f64d35643210VgnVCM2000002a0c10acRCRD",
                            "channel_depth": -1,
                            "clicked_item_url": "https://www.mako.co.il/mako-vod-keshet/eretz_nehederet-s6",
                            "referring_component": "9ced3b0e-page-navi-refc-eb3fe7b8e0de",
                            "clicked_channel_id": "1144f64d35643210VgnVCM2000002a0c10acRCRD"
                        }
                    },
                    {
                        "current": false,
                        "seasonTitle": "עונה 7",
                        "pageUrl": "/mako-vod-keshet/eretz_nehederet-s7",
                        "domoClick": {
                            "content_type": "channel",
                            "click_type": "link",
                            "clicked_item_id": "d0990484ddef5210VgnVCM2000002a0c10acRCRD",
                            "channel_depth": -1,
                            "clicked_item_url": "https://www.mako.co.il/mako-vod-keshet/eretz_nehederet-s7",
                            "referring_component": "9ced3b0e-page-navi-refc-eb3fe7b8e0de",
                            "clicked_channel_id": "d0990484ddef5210VgnVCM2000002a0c10acRCRD"
                        }
                    },
                    {
                        "current": false,
                        "seasonTitle": "עונה 8",
                        "pageUrl": "/mako-vod-keshet/eretz_nehederet-s8",
                        "domoClick": {
                            "content_type": "channel",
                            "click_type": "link",
                            "clicked_item_id": "d839b3585edfc210VgnVCM2000002a0c10acRCRD",
                            "channel_depth": -1,
                            "clicked_item_url": "https://www.mako.co.il/mako-vod-keshet/eretz_nehederet-s8",
                            "referring_component": "9ced3b0e-page-navi-refc-eb3fe7b8e0de",
                            "clicked_channel_id": "d839b3585edfc210VgnVCM2000002a0c10acRCRD"
                        }
                    },
                    {
                        "current": false,
                        "seasonTitle": "עונה 9",
                        "pageUrl": "/mako-vod-keshet/eretz_nehederet-s9",
                        "domoClick": {
                            "content_type": "channel",
                            "click_type": "link",
                            "clicked_item_id": "2c9f87e7250f4310VgnVCM2000002a0c10acRCRD",
                            "channel_depth": -1,
                            "clicked_item_url": "https://www.mako.co.il/mako-vod-keshet/eretz_nehederet-s9",
                            "referring_component": "9ced3b0e-page-navi-refc-eb3fe7b8e0de",
                            "clicked_channel_id": "2c9f87e7250f4310VgnVCM2000002a0c10acRCRD"
                        }
                    },
                    {
                        "current": false,
                        "seasonTitle": "עונה 10",
                        "pageUrl": "/mako-vod-keshet/eretz_nehederet-s10",
                        "domoClick": {
                            "content_type": "channel",
                            "click_type": "link",
                            "clicked_item_id": "fa4d7c38f47cb310VgnVCM2000002a0c10acRCRD",
                            "channel_depth": -1,
                            "clicked_item_url": "https://www.mako.co.il/mako-vod-keshet/eretz_nehederet-s10",
                            "referring_component": "9ced3b0e-page-navi-refc-eb3fe7b8e0de",
                            "clicked_channel_id": "fa4d7c38f47cb310VgnVCM2000002a0c10acRCRD"
                        }
                    },
                    {
                        "current": false,
                        "seasonTitle": "עונה 11",
                        "pageUrl": "/mako-vod-keshet/eretz_nehederet-s11",
                        "domoClick": {
                            "content_type": "channel",
                            "click_type": "link",
                            "clicked_item_id": "5adfa33919243410VgnVCM2000002a0c10acRCRD",
                            "channel_depth": -1,
                            "clicked_item_url": "https://www.mako.co.il/mako-vod-keshet/eretz_nehederet-s11",
                            "referring_component": "9ced3b0e-page-navi-refc-eb3fe7b8e0de",
                            "clicked_channel_id": "5adfa33919243410VgnVCM2000002a0c10acRCRD"
                        }
                    },
                    {
                        "current": false,
                        "seasonTitle": "עונה 12",
                        "pageUrl": "/mako-vod-keshet/eretz_nehederet-s12",
                        "domoClick": {
                            "content_type": "channel",
                            "click_type": "link",
                            "clicked_item_id": "de317051b0cfa410VgnVCM2000002a0c10acRCRD",
                            "channel_depth": -1,
                            "clicked_item_url": "https://www.mako.co.il/mako-vod-keshet/eretz_nehederet-s12",
                            "referring_component": "9ced3b0e-page-navi-refc-eb3fe7b8e0de",
                            "clicked_channel_id": "de317051b0cfa410VgnVCM2000002a0c10acRCRD"
                        }
                    },
                    {
                        "current": false,
                        "seasonTitle": "עונה 13",
                        "pageUrl": "/mako-vod-keshet/eretz_nehederet-s13",
                        "domoClick": {
                            "content_type": "channel",
                            "click_type": "link",
                            "clicked_item_id": "d1417e27b9382510VgnVCM2000002a0c10acRCRD",
                            "channel_depth": -1,
                            "clicked_item_url": "https://www.mako.co.il/mako-vod-keshet/eretz_nehederet-s13",
                            "referring_component": "9ced3b0e-page-navi-refc-eb3fe7b8e0de",
                            "clicked_channel_id": "d1417e27b9382510VgnVCM2000002a0c10acRCRD"
                        }
                    },
                    {
                        "current": false,
                        "seasonTitle": "עונה 14",
                        "pageUrl": "/mako-vod-keshet/eretz_nehederet-s14",
                        "domoClick": {
                            "content_type": "channel",
                            "click_type": "link",
                            "clicked_item_id": "00cb73568955a510VgnVCM2000002a0c10acRCRD",
                            "channel_depth": -1,
                            "clicked_item_url": "https://www.mako.co.il/mako-vod-keshet/eretz_nehederet-s14",
                            "referring_component": "9ced3b0e-page-navi-refc-eb3fe7b8e0de",
                            "clicked_channel_id": "00cb73568955a510VgnVCM2000002a0c10acRCRD"
                        }
                    },
                    {
                        "current": false,
                        "seasonTitle": "עונה 15",
                        "pageUrl": "/mako-vod-keshet/eretz_nehederet-s15",
                        "domoClick": {
                            "content_type": "channel",
                            "click_type": "link",
                            "clicked_item_id": "6ca45b54fd76f510VgnVCM2000002a0c10acRCRD",
                            "channel_depth": -1,
                            "clicked_item_url": "https://www.mako.co.il/mako-vod-keshet/eretz_nehederet-s15",
                            "referring_component": "9ced3b0e-page-navi-refc-eb3fe7b8e0de",
                            "clicked_channel_id": "6ca45b54fd76f510VgnVCM2000002a0c10acRCRD"
                        }
                    },
                    {
                        "current": false,
                        "seasonTitle": "עונה 16",
                        "pageUrl": "/mako-vod-keshet/eretz_nehederet-s-16",
                        "domoClick": {
                            "content_type": "channel",
                            "click_type": "link",
                            "clicked_item_id": "943afc01ace08610VgnVCM2000002a0c10acRCRD",
                            "channel_depth": -1,
                            "clicked_item_url": "https://www.mako.co.il/mako-vod-keshet/eretz_nehederet-s-16",
                            "referring_component": "9ced3b0e-page-navi-refc-eb3fe7b8e0de",
                            "clicked_channel_id": "943afc01ace08610VgnVCM2000002a0c10acRCRD"
                        }
                    },
                    {
                        "current": false,
                        "seasonTitle": "עונה 17",
                        "pageUrl": "/mako-vod-keshet/eretz_nehederet-s17",
                        "domoClick": {
                            "content_type": "channel",
                            "click_type": "link",
                            "clicked_item_id": "19cc03b59965f610VgnVCM200000650a10acRCRD",
                            "channel_depth": -1,
                            "clicked_item_url": "https://www.mako.co.il/mako-vod-keshet/eretz_nehederet-s17",
                            "referring_component": "9ced3b0e-page-navi-refc-eb3fe7b8e0de",
                            "clicked_channel_id": "19cc03b59965f610VgnVCM200000650a10acRCRD"
                        }
                    },
                    {
                        "current": false,
                        "seasonTitle": "עוד כותרות",
                        "pageUrl": "/mako-vod-keshet/eretz_nehederet-more_headlines",
                        "domoClick": {
                            "content_type": "channel",
                            "click_type": "link",
                            "clicked_item_id": "42d5b1b0749b3710VgnVCM100000700a10acRCRD",
                            "channel_depth": -1,
                            "clicked_item_url": "https://www.mako.co.il/mako-vod-keshet/eretz_nehederet-more_headlines",
                            "referring_component": "9ced3b0e-page-navi-refc-eb3fe7b8e0de",
                            "clicked_channel_id": "42d5b1b0749b3710VgnVCM100000700a10acRCRD"
                        }
                    },
                    {
                        "current": false,
                        "seasonTitle": "עונה 18",
                        "pageUrl": "/mako-vod-keshet/eretz_nehederet-s18",
                        "domoClick": {
                            "content_type": "channel",
                            "click_type": "link",
                            "clicked_item_id": "17d1ef997de86710VgnVCM100000700a10acRCRD",
                            "channel_depth": -1,
                            "clicked_item_url": "https://www.mako.co.il/mako-vod-keshet/eretz_nehederet-s18",
                            "referring_component": "9ced3b0e-page-navi-refc-eb3fe7b8e0de",
                            "clicked_channel_id": "17d1ef997de86710VgnVCM100000700a10acRCRD"
                        }
                    },
                    {
                        "current": false,
                        "seasonTitle": "עונה 19",
                        "pageUrl": "/mako-vod-keshet/eretz_nehederet-s19",
                        "domoClick": {
                            "content_type": "channel",
                            "click_type": "link",
                            "clicked_item_id": "d371563eb8bec710VgnVCM200000650a10acRCRD",
                            "channel_depth": -1,
                            "clicked_item_url": "https://www.mako.co.il/mako-vod-keshet/eretz_nehederet-s19",
                            "referring_component": "9ced3b0e-page-navi-refc-eb3fe7b8e0de",
                            "clicked_channel_id": "d371563eb8bec710VgnVCM200000650a10acRCRD"
                        }
                    },
                    {
                        "current": true,
                        "seasonTitle": "עונה 20",
                        "pageUrl": "/mako-vod-keshet/eretz_nehederet-s20",
                        "domoClick": {
                            "content_type": "channel",
                            "click_type": "link",
                            "clicked_item_id": "20bf32f4a0a53810VgnVCM100000700a10acRCRD",
                            "channel_depth": -1,
                            "clicked_item_url": "https://www.mako.co.il/mako-vod-keshet/eretz_nehederet-s20",
                            "referring_component": "9ced3b0e-page-navi-refc-eb3fe7b8e0de",
                            "clicked_channel_id": "20bf32f4a0a53810VgnVCM100000700a10acRCRD"
                        }
                    },
                    {
                        "current": false,
                        "seasonTitle": "עונה 21",
                        "pageUrl": "/mako-vod-keshet/eretz_nehederet-s21",
                        "domoClick": {
                            "content_type": "channel",
                            "click_type": "link",
                            "clicked_item_id": "b5ae2a8ecab7b810VgnVCM100000700a10acRCRD",
                            "channel_depth": -1,
                            "clicked_item_url": "https://www.mako.co.il/mako-vod-keshet/eretz_nehederet-s21",
                            "referring_component": "9ced3b0e-page-navi-refc-eb3fe7b8e0de",
                            "clicked_channel_id": "b5ae2a8ecab7b810VgnVCM100000700a10acRCRD"
                        }
                    },
                    {
                        "current": false,
                        "seasonTitle": "עונה 22",
                        "pageUrl": "/mako-vod-keshet/eretz_nehederet-s22",
                        "domoClick": {
                            "content_type": "channel",
                            "click_type": "link",
                            "clicked_item_id": "bc6a5d06d46f2910VgnVCM200000650a10acRCRD",
                            "channel_depth": -1,
                            "clicked_item_url": "https://www.mako.co.il/mako-vod-keshet/eretz_nehederet-s22",
                            "referring_component": "9ced3b0e-page-navi-refc-eb3fe7b8e0de",
                            "clicked_channel_id": "bc6a5d06d46f2910VgnVCM200000650a10acRCRD"
                        }
                    }
                ],
                "menu": [
                    {
                        "buttonText": "פרקים",
                        "id": "allEpisodes",
                        "vcmid": "20bf32f4a0a53810VgnVCM100000700a10acRCRD",
                        "channelId": "20bf32f4a0a53810VgnVCM100000700a10acRCRD",
                        "makoRefComp": "All_Episodes",
                        "pageUrl": "/mako-vod-keshet/eretz_nehederet-s20",
                        "domoClick": {
                            "content_type": "channel",
                            "click_type": "link",
                            "clicked_item_id": "20bf32f4a0a53810VgnVCM100000700a10acRCRD",
                            "channel_depth": -1,
                            "clicked_item_url": "https://www.mako.co.il/mako-vod-keshet/eretz_nehederet-s20",
                            "referring_component": "9ced3b0e-page-navi-refc-eb3fe7b8e0de",
                            "clicked_channel_id": "20bf32f4a0a53810VgnVCM100000700a10acRCRD"
                        },
                        "open": true,
                        "vods": [
                            {
                                "componentLayout": "vod",
                                "channelId": "20bf32f4a0a53810VgnVCM100000700a10acRCRD",
                                "itemVcmId": "5dd3698d83a53810VgnVCM200000650a10acRCRD",
                                "galleryChannelId": "5dd3698d83a53810VgnVCM200000650a10acRCRD",
                                "title": "אירוע פתיחת העונה",
                                "domoClick": {
                                    "content_type": "vod",
                                    "click_type": "link",
                                    "clicked_item_id": "5dd3698d83a53810VgnVCM200000650a10acRCRD",
                                    "channel_depth": -1,
                                    "clicked_item_url": "https://www.mako.co.il/mako-vod-keshet/eretz_nehederet-s20/VOD-5dd3698d83a5381026.htm",
                                    "referring_component": "16f079a6-page-prom-refc-4bfb03e240e9",
                                    "clicked_channel_id": "20bf32f4a0a53810VgnVCM100000700a10acRCRD"
                                },
                                "pageUrl": "/mako-vod-keshet/eretz_nehederet-s20/VOD-5dd3698d83a5381026.htm",
                                "pics": [
                                    {
                                        "picUrl": "https://img.mako.co.il/2022/09/21/eretz20_01_210922_VOD_autoOrient_i.jpg",
                                        "altText": "גנץ, אייזנקוט וגדעון סער"
                                    }
                                ],
                                "extraInfo": "פרק 1@21.09.22",
                                "aINT": true,
                                "aIL": true
                            },
                            {
                                "componentLayout": "vod",
                                "channelId": "20bf32f4a0a53810VgnVCM100000700a10acRCRD",
                                "itemVcmId": "b653a8cf42fe3810VgnVCM100000700a10acRCRD",
                                "galleryChannelId": "b653a8cf42fe3810VgnVCM100000700a10acRCRD",
                                "title": "מתכוננים לבחירות",
                                "domoClick": {
                                    "content_type": "vod",
                                    "click_type": "link",
                                    "clicked_item_id": "b653a8cf42fe3810VgnVCM100000700a10acRCRD",
                                    "channel_depth": -1,
                                    "clicked_item_url": "https://www.mako.co.il/mako-vod-keshet/eretz_nehederet-s20/VOD-b653a8cf42fe381027.htm",
                                    "referring_component": "16f079a6-page-prom-refc-4bfb03e240e9",
                                    "clicked_channel_id": "20bf32f4a0a53810VgnVCM100000700a10acRCRD"
                                },
                                "pageUrl": "/mako-vod-keshet/eretz_nehederet-s20/VOD-b653a8cf42fe381027.htm",
                                "pics": [
                                    {
                                        "picUrl": "https://img.mako.co.il/2022/10/19/eretz_nehedert20_02_191022_vod_autoOrient_i.jpg",
                                        "altText": "יאיר לפיד "
                                    }
                                ],
                                "extraInfo": "פרק 2@19.10.22",
                                "aINT": false,
                                "aIL": true
                            },
                            {
                                "componentLayout": "vod",
                                "channelId": "20bf32f4a0a53810VgnVCM100000700a10acRCRD",
                                "itemVcmId": "370a24e145314810VgnVCM200000650a10acRCRD",
                                "galleryChannelId": "370a24e145314810VgnVCM200000650a10acRCRD",
                                "title": "העימות",
                                "domoClick": {
                                    "content_type": "vod",
                                    "click_type": "link",
                                    "clicked_item_id": "370a24e145314810VgnVCM200000650a10acRCRD",
                                    "channel_depth": -1,
                                    "clicked_item_url": "https://www.mako.co.il/mako-vod-keshet/eretz_nehederet-s20/VOD-370a24e14531481026.htm",
                                    "referring_component": "16f079a6-page-prom-refc-4bfb03e240e9",
                                    "clicked_channel_id": "20bf32f4a0a53810VgnVCM100000700a10acRCRD"
                                },
                                "pageUrl": "/mako-vod-keshet/eretz_nehederet-s20/VOD-370a24e14531481026.htm",
                                "pics": [
                                    {
                                        "picUrl": "https://img.mako.co.il/2022/10/26/eretz20_03_261022_vod_autoOrient_i.jpg",
                                        "altText": "אביגדור ליברמן"
                                    }
                                ],
                                "extraInfo": "פרק 3@26.10.22",
                                "aINT": false,
                                "aIL": true
                            },
                            {
                                "componentLayout": "vod",
                                "channelId": "20bf32f4a0a53810VgnVCM100000700a10acRCRD",
                                "itemVcmId": "813c0e9294d24810VgnVCM100000700a10acRCRD",
                                "galleryChannelId": "813c0e9294d24810VgnVCM100000700a10acRCRD",
                                "title": "בחירות 2022",
                                "domoClick": {
                                    "content_type": "vod",
                                    "click_type": "link",
                                    "clicked_item_id": "813c0e9294d24810VgnVCM100000700a10acRCRD",
                                    "channel_depth": -1,
                                    "clicked_item_url": "https://www.mako.co.il/mako-vod-keshet/eretz_nehederet-s20/VOD-813c0e9294d2481027.htm",
                                    "referring_component": "16f079a6-page-prom-refc-4bfb03e240e9",
                                    "clicked_channel_id": "20bf32f4a0a53810VgnVCM100000700a10acRCRD"
                                },
                                "pageUrl": "/mako-vod-keshet/eretz_nehederet-s20/VOD-813c0e9294d2481027.htm",
                                "pics": [
                                    {
                                        "picUrl": "https://img.mako.co.il/2022/11/01/Eretz_Nehederet20_04_011122_VOD_2_autoOrient_i.jpg",
                                        "altText": "בנימין נתניהו ואיתמר בן גביר"
                                    }
                                ],
                                "extraInfo": "פרק 4@01.11.22",
                                "aINT": false,
                                "aIL": true
                            },
                            {
                                "componentLayout": "vod",
                                "channelId": "20bf32f4a0a53810VgnVCM100000700a10acRCRD",
                                "itemVcmId": "9c80e258d3b54810VgnVCM100000700a10acRCRD",
                                "galleryChannelId": "9c80e258d3b54810VgnVCM100000700a10acRCRD",
                                "title": "קרב התיקים מתחיל",
                                "domoClick": {
                                    "content_type": "vod",
                                    "click_type": "link",
                                    "clicked_item_id": "9c80e258d3b54810VgnVCM100000700a10acRCRD",
                                    "channel_depth": -1,
                                    "clicked_item_url": "https://www.mako.co.il/mako-vod-keshet/eretz_nehederet-s20/VOD-9c80e258d3b5481027.htm",
                                    "referring_component": "16f079a6-page-prom-refc-4bfb03e240e9",
                                    "clicked_channel_id": "20bf32f4a0a53810VgnVCM100000700a10acRCRD"
                                },
                                "pageUrl": "/mako-vod-keshet/eretz_nehederet-s20/VOD-9c80e258d3b5481027.htm",
                                "pics": [
                                    {
                                        "picUrl": "https://img.mako.co.il/2022/11/09/eretz20_05_091122_vod_autoOrient_i.jpg",
                                        "altText": "אורית סטרוק"
                                    }
                                ],
                                "extraInfo": "פרק 5@09.11.22",
                                "aINT": false,
                                "aIL": true
                            },
                            {
                                "componentLayout": "vod",
                                "channelId": "20bf32f4a0a53810VgnVCM100000700a10acRCRD",
                                "itemVcmId": "db85c95c99f74810VgnVCM200000650a10acRCRD",
                                "galleryChannelId": "db85c95c99f74810VgnVCM200000650a10acRCRD",
                                "title": "ההשבעה",
                                "domoClick": {
                                    "content_type": "vod",
                                    "click_type": "link",
                                    "clicked_item_id": "db85c95c99f74810VgnVCM200000650a10acRCRD",
                                    "channel_depth": -1,
                                    "clicked_item_url": "https://www.mako.co.il/mako-vod-keshet/eretz_nehederet-s20/VOD-db85c95c99f7481026.htm",
                                    "referring_component": "16f079a6-page-prom-refc-4bfb03e240e9",
                                    "clicked_channel_id": "20bf32f4a0a53810VgnVCM100000700a10acRCRD"
                                },
                                "pageUrl": "/mako-vod-keshet/eretz_nehederet-s20/VOD-db85c95c99f7481026.htm",
                                "pics": [
                                    {
                                        "picUrl": "https://img.mako.co.il/2022/11/16/eretz20_06_161122_VOD_autoOrient_i.jpg",
                                        "altText": "בצלאל סמוטריץ'"
                                    }
                                ],
                                "extraInfo": "פרק 6@16.11.22",
                                "aINT": false,
                                "aIL": true
                            },
                            {
                                "componentLayout": "vod",
                                "channelId": "20bf32f4a0a53810VgnVCM100000700a10acRCRD",
                                "itemVcmId": "a40f531cb9ce4810VgnVCM200000650a10acRCRD",
                                "galleryChannelId": "a40f531cb9ce4810VgnVCM200000650a10acRCRD",
                                "title": "הנבחרת החדשה של ישראל",
                                "domoClick": {
                                    "content_type": "vod",
                                    "click_type": "link",
                                    "clicked_item_id": "a40f531cb9ce4810VgnVCM200000650a10acRCRD",
                                    "channel_depth": -1,
                                    "clicked_item_url": "https://www.mako.co.il/mako-vod-keshet/eretz_nehederet-s20/VOD-a40f531cb9ce481026.htm",
                                    "referring_component": "16f079a6-page-prom-refc-4bfb03e240e9",
                                    "clicked_channel_id": "20bf32f4a0a53810VgnVCM100000700a10acRCRD"
                                },
                                "pageUrl": "/mako-vod-keshet/eretz_nehederet-s20/VOD-a40f531cb9ce481026.htm",
                                "pics": [
                                    {
                                        "picUrl": "https://img.mako.co.il/2022/12/07/eretz20_07_071222_vod_autoOrient_i.jpg",
                                        "altText": "איתמר בן גביר ואיילה בן גביר"
                                    }
                                ],
                                "extraInfo": "פרק 7@07.12.22",
                                "aINT": false,
                                "aIL": true
                            },
                            {
                                "componentLayout": "vod",
                                "channelId": "20bf32f4a0a53810VgnVCM100000700a10acRCRD",
                                "itemVcmId": "de77bbe1ea335810VgnVCM100000700a10acRCRD",
                                "galleryChannelId": "de77bbe1ea335810VgnVCM100000700a10acRCRD",
                                "title": "ספיישל ניסי חנוכה הגדול",
                                "domoClick": {
                                    "content_type": "vod",
                                    "click_type": "link",
                                    "clicked_item_id": "de77bbe1ea335810VgnVCM100000700a10acRCRD",
                                    "channel_depth": -1,
                                    "clicked_item_url": "https://www.mako.co.il/mako-vod-keshet/eretz_nehederet-s20/VOD-de77bbe1ea33581027.htm",
                                    "referring_component": "16f079a6-page-prom-refc-4bfb03e240e9",
                                    "clicked_channel_id": "20bf32f4a0a53810VgnVCM100000700a10acRCRD"
                                },
                                "pageUrl": "/mako-vod-keshet/eretz_nehederet-s20/VOD-de77bbe1ea33581027.htm",
                                "pics": [
                                    {
                                        "picUrl": "https://img.mako.co.il/2022/12/21/eretz20_08_211222_vod_kfd34_autoOrient_i.jpg",
                                        "altText": "ליונל מסי"
                                    }
                                ],
                                "extraInfo": "פרק 8@21.12.22",
                                "aINT": false,
                                "aIL": true
                            },
                            {
                                "componentLayout": "vod",
                                "channelId": "20bf32f4a0a53810VgnVCM100000700a10acRCRD",
                                "itemVcmId": "292a41adaf755810VgnVCM200000650a10acRCRD",
                                "galleryChannelId": "292a41adaf755810VgnVCM200000650a10acRCRD",
                                "title": "השבעת הסילבסטר",
                                "domoClick": {
                                    "content_type": "vod",
                                    "click_type": "link",
                                    "clicked_item_id": "292a41adaf755810VgnVCM200000650a10acRCRD",
                                    "channel_depth": -1,
                                    "clicked_item_url": "https://www.mako.co.il/mako-vod-keshet/eretz_nehederet-s20/VOD-292a41adaf75581026.htm",
                                    "referring_component": "16f079a6-page-prom-refc-4bfb03e240e9",
                                    "clicked_channel_id": "20bf32f4a0a53810VgnVCM100000700a10acRCRD"
                                },
                                "pageUrl": "/mako-vod-keshet/eretz_nehederet-s20/VOD-292a41adaf75581026.htm",
                                "pics": [
                                    {
                                        "picUrl": "https://img.mako.co.il/2022/12/28/Eretz_Nehederet20_09_281222_VOD_autoOrient_i.jpg",
                                        "altText": "ביבי ושרה נתניהו"
                                    }
                                ],
                                "extraInfo": "פרק 9@28.12.22",
                                "aINT": false,
                                "aIL": true
                            },
                            {
                                "componentLayout": "vod",
                                "channelId": "20bf32f4a0a53810VgnVCM100000700a10acRCRD",
                                "itemVcmId": "0e343340cfb75810VgnVCM200000650a10acRCRD",
                                "galleryChannelId": "0e343340cfb75810VgnVCM200000650a10acRCRD",
                                "title": "החפיפה",
                                "domoClick": {
                                    "content_type": "vod",
                                    "click_type": "link",
                                    "clicked_item_id": "0e343340cfb75810VgnVCM200000650a10acRCRD",
                                    "channel_depth": -1,
                                    "clicked_item_url": "https://www.mako.co.il/mako-vod-keshet/eretz_nehederet-s20/VOD-0e343340cfb7581026.htm",
                                    "referring_component": "16f079a6-page-prom-refc-4bfb03e240e9",
                                    "clicked_channel_id": "20bf32f4a0a53810VgnVCM100000700a10acRCRD"
                                },
                                "pageUrl": "/mako-vod-keshet/eretz_nehederet-s20/VOD-0e343340cfb7581026.htm",
                                "pics": [
                                    {
                                        "picUrl": "https://img.mako.co.il/2023/01/04/eretz20_10_040123_vod_autoOrient_i.jpg",
                                        "altText": "תום יער, מריאנו אידלמן"
                                    }
                                ],
                                "extraInfo": "פרק 10@04.01.23",
                                "aINT": false,
                                "aIL": true
                            },
                            {
                                "componentLayout": "ad",
                                "index": 1,
                                "mobileIu": "242748299/mako/vod/vod_keshet/MOBILE_MONSTER1_300x250",
                                "iu": "242748299/mako/vod/vod_keshet/JAMBO1_970",
                                "mobileSizes": "{['fluid', [300, 250]]}",
                                "sizes": "{[[970, 90]]}"
                            },
                            {
                                "componentLayout": "vod",
                                "channelId": "20bf32f4a0a53810VgnVCM100000700a10acRCRD",
                                "itemVcmId": "2cd3471bf60a5810VgnVCM100000700a10acRCRD",
                                "galleryChannelId": "2cd3471bf60a5810VgnVCM100000700a10acRCRD",
                                "title": "ערב פיצוצים",
                                "domoClick": {
                                    "content_type": "vod",
                                    "click_type": "link",
                                    "clicked_item_id": "2cd3471bf60a5810VgnVCM100000700a10acRCRD",
                                    "channel_depth": -1,
                                    "clicked_item_url": "https://www.mako.co.il/mako-vod-keshet/eretz_nehederet-s20/VOD-2cd3471bf60a581027.htm",
                                    "referring_component": "16f079a6-page-prom-refc-4bfb03e240e9",
                                    "clicked_channel_id": "20bf32f4a0a53810VgnVCM100000700a10acRCRD"
                                },
                                "pageUrl": "/mako-vod-keshet/eretz_nehederet-s20/VOD-2cd3471bf60a581027.htm",
                                "pics": [
                                    {
                                        "picUrl": "https://img.mako.co.il/2023/01/11/eretz20_11_110123_vod_autoOrient_i.jpg",
                                        "altText": "אביבית בר זוהר וקווין צרפתי"
                                    }
                                ],
                                "extraInfo": "פרק 11@11.01.23",
                                "aINT": false,
                                "aIL": true
                            },
                            {
                                "componentLayout": "vod",
                                "channelId": "20bf32f4a0a53810VgnVCM100000700a10acRCRD",
                                "itemVcmId": "83105781bf4c5810VgnVCM200000650a10acRCRD",
                                "galleryChannelId": "83105781bf4c5810VgnVCM200000650a10acRCRD",
                                "title": "כולם רבים עכשיו",
                                "domoClick": {
                                    "content_type": "vod",
                                    "click_type": "link",
                                    "clicked_item_id": "83105781bf4c5810VgnVCM200000650a10acRCRD",
                                    "channel_depth": -1,
                                    "clicked_item_url": "https://www.mako.co.il/mako-vod-keshet/eretz_nehederet-s20/VOD-83105781bf4c581026.htm",
                                    "referring_component": "16f079a6-page-prom-refc-4bfb03e240e9",
                                    "clicked_channel_id": "20bf32f4a0a53810VgnVCM100000700a10acRCRD"
                                },
                                "pageUrl": "/mako-vod-keshet/eretz_nehederet-s20/VOD-83105781bf4c581026.htm",
                                "pics": [
                                    {
                                        "picUrl": "https://img.mako.co.il/2023/01/18/eretz20_12_180123_vod_autoOrient_i.jpg",
                                        "altText": "ברכות למינוי הרמטכ\"ל הרצי הלוי"
                                    }
                                ],
                                "extraInfo": "פרק 12@18.01.23",
                                "aINT": false,
                                "aIL": true
                            },
                            {
                                "componentLayout": "vod",
                                "channelId": "20bf32f4a0a53810VgnVCM100000700a10acRCRD",
                                "itemVcmId": "28dccacf30c06810VgnVCM200000650a10acRCRD",
                                "galleryChannelId": "28dccacf30c06810VgnVCM200000650a10acRCRD",
                                "title": "סערה באולפן",
                                "domoClick": {
                                    "content_type": "vod",
                                    "click_type": "link",
                                    "clicked_item_id": "28dccacf30c06810VgnVCM200000650a10acRCRD",
                                    "channel_depth": -1,
                                    "clicked_item_url": "https://www.mako.co.il/mako-vod-keshet/eretz_nehederet-s20/VOD-28dccacf30c0681026.htm",
                                    "referring_component": "16f079a6-page-prom-refc-4bfb03e240e9",
                                    "clicked_channel_id": "20bf32f4a0a53810VgnVCM100000700a10acRCRD"
                                },
                                "pageUrl": "/mako-vod-keshet/eretz_nehederet-s20/VOD-28dccacf30c0681026.htm",
                                "pics": [
                                    {
                                        "picUrl": "https://img.mako.co.il/2023/02/01/eretz20_13_010223_vod_autoOrient_i.jpg",
                                        "altText": "אלי פיניש בתור שימי תבורי"
                                    }
                                ],
                                "extraInfo": "פרק 13@01.02.23",
                                "aINT": false,
                                "aIL": true
                            },
                            {
                                "componentLayout": "vod",
                                "channelId": "20bf32f4a0a53810VgnVCM100000700a10acRCRD",
                                "itemVcmId": "3ffc631b54036810VgnVCM200000650a10acRCRD",
                                "galleryChannelId": "3ffc631b54036810VgnVCM200000650a10acRCRD",
                                "title": "סופה באולפן",
                                "domoClick": {
                                    "content_type": "vod",
                                    "click_type": "link",
                                    "clicked_item_id": "3ffc631b54036810VgnVCM200000650a10acRCRD",
                                    "channel_depth": -1,
                                    "clicked_item_url": "https://www.mako.co.il/mako-vod-keshet/eretz_nehederet-s20/VOD-3ffc631b5403681026.htm",
                                    "referring_component": "16f079a6-page-prom-refc-4bfb03e240e9",
                                    "clicked_channel_id": "20bf32f4a0a53810VgnVCM100000700a10acRCRD"
                                },
                                "pageUrl": "/mako-vod-keshet/eretz_nehederet-s20/VOD-3ffc631b5403681026.htm",
                                "pics": [
                                    {
                                        "picUrl": "https://img.mako.co.il/2023/02/08/eretz20_14_080223_VOD_autoOrient_i.jpg",
                                        "altText": "בצלאל סמוטריץ'"
                                    }
                                ],
                                "extraInfo": "פרק 14@08.02.23",
                                "aINT": false,
                                "aIL": true
                            },
                            {
                                "componentLayout": "vod",
                                "channelId": "20bf32f4a0a53810VgnVCM100000700a10acRCRD",
                                "itemVcmId": "c690919fe4456810VgnVCM100000700a10acRCRD",
                                "galleryChannelId": "c690919fe4456810VgnVCM100000700a10acRCRD",
                                "title": "השבוע הגורלי של המדינה",
                                "domoClick": {
                                    "content_type": "vod",
                                    "click_type": "link",
                                    "clicked_item_id": "c690919fe4456810VgnVCM100000700a10acRCRD",
                                    "channel_depth": -1,
                                    "clicked_item_url": "https://www.mako.co.il/mako-vod-keshet/eretz_nehederet-s20/VOD-c690919fe445681027.htm",
                                    "referring_component": "16f079a6-page-prom-refc-4bfb03e240e9",
                                    "clicked_channel_id": "20bf32f4a0a53810VgnVCM100000700a10acRCRD"
                                },
                                "pageUrl": "/mako-vod-keshet/eretz_nehederet-s20/VOD-c690919fe445681027.htm",
                                "pics": [
                                    {
                                        "picUrl": "https://img.mako.co.il/2023/02/16/eretz20_15_150223_vod_autoOrient_i.jpg",
                                        "altText": "בנימין נתניהו, יריב לוין, שמחה רוטמן"
                                    }
                                ],
                                "extraInfo": "פרק 15@15.02.23",
                                "aINT": false,
                                "aIL": true
                            },
                            {
                                "componentLayout": "vod",
                                "channelId": "20bf32f4a0a53810VgnVCM100000700a10acRCRD",
                                "itemVcmId": "b937d9d410876810VgnVCM100000700a10acRCRD",
                                "galleryChannelId": "b937d9d410876810VgnVCM100000700a10acRCRD",
                                "title": "המהפכה: התחלנו",
                                "domoClick": {
                                    "content_type": "vod",
                                    "click_type": "link",
                                    "clicked_item_id": "b937d9d410876810VgnVCM100000700a10acRCRD",
                                    "channel_depth": -1,
                                    "clicked_item_url": "https://www.mako.co.il/mako-vod-keshet/eretz_nehederet-s20/VOD-b937d9d41087681027.htm",
                                    "referring_component": "16f079a6-page-prom-refc-4bfb03e240e9",
                                    "clicked_channel_id": "20bf32f4a0a53810VgnVCM100000700a10acRCRD"
                                },
                                "pageUrl": "/mako-vod-keshet/eretz_nehederet-s20/VOD-b937d9d41087681027.htm",
                                "pics": [
                                    {
                                        "picUrl": "https://img.mako.co.il/2023/02/22/eretz20_16_220223_vod_autoOrient_i.jpg",
                                        "altText": "רועי בר נתן משחק את יריב לוין"
                                    }
                                ],
                                "extraInfo": "פרק 16@22.02.23",
                                "aINT": false,
                                "aIL": true
                            },
                            {
                                "componentLayout": "vod",
                                "channelId": "20bf32f4a0a53810VgnVCM100000700a10acRCRD",
                                "itemVcmId": "782160bdaeab6810VgnVCM100000700a10acRCRD",
                                "galleryChannelId": "782160bdaeab6810VgnVCM100000700a10acRCRD",
                                "title": "חגיגות פוריפורמה",
                                "domoClick": {
                                    "content_type": "vod",
                                    "click_type": "link",
                                    "clicked_item_id": "782160bdaeab6810VgnVCM100000700a10acRCRD",
                                    "channel_depth": -1,
                                    "clicked_item_url": "https://www.mako.co.il/mako-vod-keshet/eretz_nehederet-s20/VOD-782160bdaeab681027.htm",
                                    "referring_component": "16f079a6-page-prom-refc-4bfb03e240e9",
                                    "clicked_channel_id": "20bf32f4a0a53810VgnVCM100000700a10acRCRD"
                                },
                                "pageUrl": "/mako-vod-keshet/eretz_nehederet-s20/VOD-782160bdaeab681027.htm",
                                "pics": [
                                    {
                                        "picUrl": "https://img.mako.co.il/2023/03/08/eretz20_17_080323_vod_autoOrient_i.jpg",
                                        "altText": "מריאנו אידלמן, עלמה זק בתור ביבי ושרה נתניהו"
                                    }
                                ],
                                "extraInfo": "פרק 17@08.03.23",
                                "aINT": false,
                                "aIL": true
                            },
                            {
                                "componentLayout": "vod",
                                "channelId": "20bf32f4a0a53810VgnVCM100000700a10acRCRD",
                                "itemVcmId": "f4e27a6571fd6810VgnVCM100000700a10acRCRD",
                                "galleryChannelId": "f4e27a6571fd6810VgnVCM100000700a10acRCRD",
                                "title": "המתווה של ארץ נהדרת",
                                "domoClick": {
                                    "content_type": "vod",
                                    "click_type": "link",
                                    "clicked_item_id": "f4e27a6571fd6810VgnVCM100000700a10acRCRD",
                                    "channel_depth": -1,
                                    "clicked_item_url": "https://www.mako.co.il/mako-vod-keshet/eretz_nehederet-s20/VOD-f4e27a6571fd681027.htm",
                                    "referring_component": "16f079a6-page-prom-refc-4bfb03e240e9",
                                    "clicked_channel_id": "20bf32f4a0a53810VgnVCM100000700a10acRCRD"
                                },
                                "pageUrl": "/mako-vod-keshet/eretz_nehederet-s20/VOD-f4e27a6571fd681027.htm",
                                "pics": [
                                    {
                                        "picUrl": "https://img.mako.co.il/2023/03/15/eretz20_18_150323_vod_autoOrient_i.jpg",
                                        "altText": "רועי בר נתן משחק את בוז'י הרצוג"
                                    }
                                ],
                                "extraInfo": "פרק 18@15.03.23",
                                "aINT": false,
                                "aIL": true
                            },
                            {
                                "componentLayout": "vod",
                                "channelId": "20bf32f4a0a53810VgnVCM100000700a10acRCRD",
                                "itemVcmId": "7fb7f8e490307810VgnVCM200000650a10acRCRD",
                                "galleryChannelId": "7fb7f8e490307810VgnVCM200000650a10acRCRD",
                                "title": "הפשרה הגדולה",
                                "domoClick": {
                                    "content_type": "vod",
                                    "click_type": "link",
                                    "clicked_item_id": "7fb7f8e490307810VgnVCM200000650a10acRCRD",
                                    "channel_depth": -1,
                                    "clicked_item_url": "https://www.mako.co.il/mako-vod-keshet/eretz_nehederet-s20/VOD-7fb7f8e49030781026.htm",
                                    "referring_component": "16f079a6-page-prom-refc-4bfb03e240e9",
                                    "clicked_channel_id": "20bf32f4a0a53810VgnVCM100000700a10acRCRD"
                                },
                                "pageUrl": "/mako-vod-keshet/eretz_nehederet-s20/VOD-7fb7f8e49030781026.htm",
                                "pics": [
                                    {
                                        "picUrl": "https://img.mako.co.il/2023/03/22/eretz20_19_220323_vod_autoOrient_i.jpg",
                                        "altText": "בנימין נתניהו ושמחה רוטמן"
                                    }
                                ],
                                "extraInfo": "פרק 19@22.03.23",
                                "aINT": false,
                                "aIL": true
                            },
                            {
                                "componentLayout": "vod",
                                "channelId": "20bf32f4a0a53810VgnVCM100000700a10acRCRD",
                                "itemVcmId": "87c0948af2727810VgnVCM100000700a10acRCRD",
                                "galleryChannelId": "87c0948af2727810VgnVCM100000700a10acRCRD",
                                "title": "ההידברות מתחילה",
                                "domoClick": {
                                    "content_type": "vod",
                                    "click_type": "link",
                                    "clicked_item_id": "87c0948af2727810VgnVCM100000700a10acRCRD",
                                    "channel_depth": -1,
                                    "clicked_item_url": "https://www.mako.co.il/mako-vod-keshet/eretz_nehederet-s20/VOD-87c0948af272781027.htm",
                                    "referring_component": "16f079a6-page-prom-refc-4bfb03e240e9",
                                    "clicked_channel_id": "20bf32f4a0a53810VgnVCM100000700a10acRCRD"
                                },
                                "pageUrl": "/mako-vod-keshet/eretz_nehederet-s20/VOD-87c0948af272781027.htm",
                                "pics": [
                                    {
                                        "picUrl": "https://img.mako.co.il/2023/03/29/eretz20_20_290323_vod_autoOrient_i.jpg",
                                        "altText": "יובל סמו ואלי פיניש"
                                    }
                                ],
                                "extraInfo": "פרק 20@29.03.23",
                                "aINT": false,
                                "aIL": true
                            },
                            {
                                "componentLayout": "vod",
                                "channelId": "20bf32f4a0a53810VgnVCM100000700a10acRCRD",
                                "itemVcmId": "c88e73f110647810VgnVCM200000650a10acRCRD",
                                "galleryChannelId": "c88e73f110647810VgnVCM200000650a10acRCRD",
                                "title": "סדר בלגן",
                                "domoClick": {
                                    "content_type": "vod",
                                    "click_type": "link",
                                    "clicked_item_id": "c88e73f110647810VgnVCM200000650a10acRCRD",
                                    "channel_depth": -1,
                                    "clicked_item_url": "https://www.mako.co.il/mako-vod-keshet/eretz_nehederet-s20/VOD-c88e73f11064781026.htm",
                                    "referring_component": "16f079a6-page-prom-refc-4bfb03e240e9",
                                    "clicked_channel_id": "20bf32f4a0a53810VgnVCM100000700a10acRCRD"
                                },
                                "pageUrl": "/mako-vod-keshet/eretz_nehederet-s20/VOD-c88e73f11064781026.htm",
                                "pics": [
                                    {
                                        "picUrl": "https://img.mako.co.il/2023/04/04/eretz20_21_040423_VOD_autoOrient_i.jpg",
                                        "altText": "משפחת נתניהו"
                                    }
                                ],
                                "extraInfo": "פרק 21@04.04.23",
                                "aINT": false,
                                "aIL": true
                            },
                            {
                                "componentLayout": "vod",
                                "channelId": "20bf32f4a0a53810VgnVCM100000700a10acRCRD",
                                "itemVcmId": "4797e97fecca7810VgnVCM200000650a10acRCRD",
                                "galleryChannelId": "4797e97fecca7810VgnVCM200000650a10acRCRD",
                                "title": "טקס המשואות האלטרנטיבי",
                                "domoClick": {
                                    "content_type": "vod",
                                    "click_type": "link",
                                    "clicked_item_id": "4797e97fecca7810VgnVCM200000650a10acRCRD",
                                    "channel_depth": -1,
                                    "clicked_item_url": "https://www.mako.co.il/mako-vod-keshet/eretz_nehederet-s20/VOD-4797e97fecca781026.htm",
                                    "referring_component": "16f079a6-page-prom-refc-4bfb03e240e9",
                                    "clicked_channel_id": "20bf32f4a0a53810VgnVCM100000700a10acRCRD"
                                },
                                "pageUrl": "/mako-vod-keshet/eretz_nehederet-s20/VOD-4797e97fecca781026.htm",
                                "pics": [
                                    {
                                        "picUrl": "https://img.mako.co.il/2023/04/26/eretz20_22_260423_vod_autoOrient_i.jpg",
                                        "altText": "אקי אבני ומורן אטיאס"
                                    }
                                ],
                                "extraInfo": "פרק 22@26.04.23",
                                "aINT": false,
                                "aIL": true
                            }
                        ]
                    },
                    {
                        "buttonText": "קטעים קצרים",
                        "id": "shorts",
                        "vcmid": "bd3e7f0db0ff6810VgnVCM100000700a10acRCRD",
                        "channelId": "bd3e7f0db0ff6810VgnVCM100000700a10acRCRD",
                        "makoRefComp": "Shorts",
                        "pageUrl": "/mako-vod-keshet/eretz_nehederet-s20/shorts",
                        "domoClick": {
                            "content_type": "channel",
                            "click_type": "link",
                            "clicked_item_id": "bd3e7f0db0ff6810VgnVCM100000700a10acRCRD",
                            "channel_depth": -1,
                            "clicked_item_url": "https://www.mako.co.il/mako-vod-keshet/eretz_nehederet-s20/shorts",
                            "referring_component": "9ced3b0e-page-navi-refc-eb3fe7b8e0de",
                            "clicked_channel_id": "bd3e7f0db0ff6810VgnVCM100000700a10acRCRD"
                        },
                        "open": false
                    },
                    {
                        "buttonText": "קרדיטים",
                        "id": "credits",
                        "vcmid": "Credits",
                        "channelId": "20bf32f4a0a53810VgnVCM100000700a10acRCRD",
                        "makoRefComp": "Credits",
                        "pageUrl": "/mako-vod-keshet/eretz_nehederet-s22?type=credits",
                        "domoClick": {
                            "content_type": "fabricated",
                            "click_type": "link",
                            "clicked_item_id": "a7a32f51-cred-its--id-e-0491fe30f859",
                            "clicked_item_url": "https://www.mako.co.il/mako-vod-keshet/eretz_nehederet-s22?type=credits",
                            "referring_component": "9ced3b0e-page-navi-refc-eb3fe7b8e0de",
                            "clicked_channel_id": "bc6a5d06d46f2910VgnVCM200000650a10acRCRD"
                        },
                        "credits": [
                            {
                                "value": "איל קיציס, אלי פיניש, עלמה זק, מריאנו אידלמן, ליאת הר לב, ערן זרחוביץ', יובל סמו, רועי בר נתן, ירון ברלד, שני כהן, תום יער, תמיר בר, אמיר שורוש, אורי לייזרוביץ', ליאור אשכנזי, גיה באר גורביץ', יניב ביטון ואסי כהן",
                                "key": "participance",
                                "text": "משתתפים:"
                            },
                            {
                                "value": "מולי שגב | כותבים: אסף שלמון, דוד ליפשיץ, אסף גפן, איתי רייכר, אילן שפלר, שרון טייכר, עומר ריבק, דור",
                                "key": "mainEditor",
                                "text": "עורך ראשי:"
                            },
                            {
                                "value": "שירי מיכאלי",
                                "key": "producer",
                                "text": "מפיק:"
                            }
                        ]
                    }
                ],
                "historyObject": {
                    "title": "אירוע פתיחת העונה",
                    "programId": "5cf467a604643210VgnVCM2000002a0c10acRCRD",
                    "pageUrl": "/mako-vod-keshet/eretz_nehederet-s20/VOD-5dd3698d83a5381026.htm",
                    "domoClick": {
                        "content_type": "vod",
                        "click_type": "link",
                        "clicked_item_id": "5dd3698d83a53810VgnVCM200000650a10acRCRD",
                        "channel_depth": 3,
                        "clicked_item_url": "https://www.mako.co.il/mako-vod-keshet/eretz_nehederet-s20/VOD-5dd3698d83a5381026.htm",
                        "referring_component": "ERROR_NO_REFERRER",
                        "clicked_channel_id": "20bf32f4a0a53810VgnVCM100000700a10acRCRD"
                    },
                    "picUrl": "https://img.mako.co.il/2022/09/21/eretz20_01_210922_VOD_autoOrient_i.jpg",
                    "hero": {
                        "title": "ארץ נהדרת",
                        "extraInfo": "עונה 20@פרק 1@21.09.22",
                        "picUrl": "https://img.mako.co.il/2022/09/20/ERETZ_S20_1_X5_re.jpg",
                        "logo": "https://img.mako.co.il/2022/09/20/ERETZ_S20_LOGO.png",
                        "subtitle": "אירוע פתיחת העונה",
                        "description": "הבחירות חזרו? גם העונה ה-20 של \"ארץ נהדרת\""
                    },
                    "buttonText": "להמשך צפייה בעונה 20 פרק 1",
                    "sch": "20bf32f4a0a53810",
                    "seasonUrl": "/mako-vod-keshet/eretz_nehederet-s20"
                }
            }
        },
        "__N_SSP": true
    },
    "page": "/[mako_vod_channel]/[program]",
    "query": {
        "mako_vod_channel": "mako-vod-keshet",
        "program": "eretz_nehederet-s20"
    },
    "buildId": "5.15.0",
    "assetPrefix": "/mako-vod",
    "isFallback": false,
    "gssp": true,
    "customServer": true,
    "scriptLoader": []
}