{
    "props": {
        "pageProps": {
            "menu": {
                "lastUpdate": "Mon, 11 Nov 2024 23:46:12 +0200",
                "timestamp": 1731361572231,
                "header": {
                    "guid": "00b23f399647c710VgnVCM200000650a10acRCRD",
                    "categories": [
                        {
                            "name": "ראשי",
                            "icon": "https://img.mako.co.il/2021/10/10/home.png",
                            "url": "/mako-vod",
                            "domoClick": {
                                "content_type": "channel",
                                "channel_depth": 1,
                                "teaser_id": "a27a2dcbacf4c710VgnVCM200000650a10acRCRD",
                                "clicked_item_id": "b5f4c13070733210VgnVCM2000002a0c10acRCRD",
                                "click_type": "link",
                                "clicked_channel_id": "b5f4c13070733210VgnVCM2000002a0c10acRCRD",
                                "referring_component": "8eb76bc8-glob-navi-refc-2ad659ccef22",
                                "clicked_item_url": "https://www.mako.co.il/mako-vod"
                            }
                        },
                        {
                            "name": "LIVE",
                            "icon": "https://img.mako.co.il/2021/10/10/live.png",
                            "url": "/mako-vod-live-tv/VOD-6540b8dcb64fd31006.htm",
                            "domoClick": {
                                "content_type": "vod",
                                "channel_depth": 1,
                                "teaser_id": "a66819cdc7a6c710VgnVCM100000700a10acRCRD",
                                "clicked_item_id": "6540b8dcb64fd310VgnVCM2000002a0c10acRCRD",
                                "click_type": "link",
                                "clicked_channel_id": "5d28d21b4580e310VgnVCM2000002a0c10acRCRD",
                                "referring_component": "8eb76bc8-glob-navi-refc-2ad659ccef22",
                                "clicked_item_url": "https://www.mako.co.il/mako-vod-live-tv/VOD-6540b8dcb64fd31006.htm"
                            }
                        },
                        {
                            "name": "תוכניות",
                            "icon": "https://img.mako.co.il/2021/10/10/index.png",
                            "url": "/mako-vod-index",
                            "domoClick": {
                                "content_type": "channel",
                                "channel_depth": 2,
                                "teaser_id": "3e8819cdc7a6c710VgnVCM100000700a10acRCRD",
                                "clicked_item_id": "05c2e4caebbe3210VgnVCM100000290c10acRCRD",
                                "click_type": "link",
                                "clicked_channel_id": "05c2e4caebbe3210VgnVCM100000290c10acRCRD",
                                "referring_component": "8eb76bc8-glob-navi-refc-2ad659ccef22",
                                "clicked_item_url": "https://www.mako.co.il/mako-vod-index"
                            }
                        }
                    ]
                },
                "footer": {
                    "guid": "bc533f399647c710VgnVCM200000650a10acRCRD",
                    "categories": [
                        {
                            "name": "אודות +12",
                            "url": "https://makospecial.co.il/about-12plus?makoOpenChromeTabs=1?partner=12plusFooterLinks",
                            "domoClick": {
                                "content_type": "unknown",
                                "channel_depth": -1,
                                "teaser_id": "6b2a6503efec9810VgnVCM200000650a10acRCRD",
                                "clicked_item_id": "unknown",
                                "click_type": "link",
                                "clicked_channel_id": "unknown",
                                "referring_component": "2d2c13d6-glob-foot-refc-de190b394505",
                                "clicked_item_url": "https://makospecial.co.il/about-12plus?makoOpenChromeTabs=1?partner=12plusFooterLinks"
                            }
                        },
                        {
                            "name": "עזרה",
                            "url": "https://www.mako.co.il/mako-vod-help",
                            "domoClick": {
                                "content_type": "channel",
                                "channel_depth": 2,
                                "teaser_id": "1a0e40b549a6c710VgnVCM100000700a10acRCRD",
                                "clicked_item_id": "f13ad9f49196e710VgnVCM200000650a10acRCRD",
                                "click_type": "link",
                                "clicked_channel_id": "f13ad9f49196e710VgnVCM200000650a10acRCRD",
                                "referring_component": "2d2c13d6-glob-foot-refc-de190b394505",
                                "clicked_item_url": "https://www.mako.co.il/mako-vod-help"
                            }
                        },
                        {
                            "name": "לפנייה במייל",
                            "url": "mail",
                            "domoClick": {
                                "content_type": "channel",
                                "channel_depth": 0,
                                "teaser_id": "f4ca40b549a6c710VgnVCM100000700a10acRCRD",
                                "clicked_item_id": "3d385dd2dd5d4110VgnVCM100000290c10acRCRD",
                                "click_type": "link",
                                "clicked_channel_id": "3d385dd2dd5d4110VgnVCM100000290c10acRCRD",
                                "referring_component": "2d2c13d6-glob-foot-refc-de190b394505",
                                "clicked_item_url": "https://www.mako.co.ilmail"
                            }
                        },
                        {
                            "name": "לפנייה ב whatsapp",
                            "url": "https://wa.me/972502010818",
                            "domoClick": {
                                "content_type": "unknown",
                                "channel_depth": -1,
                                "teaser_id": "27c4464ed643c810VgnVCM100000700a10acRCRD",
                                "clicked_item_id": "unknown",
                                "click_type": "link",
                                "clicked_channel_id": "unknown",
                                "referring_component": "2d2c13d6-glob-foot-refc-de190b394505",
                                "clicked_item_url": "https://wa.me/972502010818"
                            }
                        },
                        {
                            "name": "תקנון",
                            "url": "https://www.mako.co.il/mako-vod-help/Article-dd0b75e6b096e71026.htm?partner=12plusFooterLinks",
                            "domoClick": {
                                "content_type": "Article",
                                "channel_depth": 2,
                                "teaser_id": "757f40b549a6c710VgnVCM100000700a10acRCRD",
                                "clicked_item_id": "dd0b75e6b096e710VgnVCM200000650a10acRCRD",
                                "click_type": "link",
                                "clicked_channel_id": "f13ad9f49196e710VgnVCM200000650a10acRCRD",
                                "referring_component": "2d2c13d6-glob-foot-refc-de190b394505",
                                "clicked_item_url": "https://www.mako.co.il/mako-vod-help/Article-dd0b75e6b096e71026.htm?partner=12plusFooterLinks"
                            }
                        },
                        {
                            "name": "הסדרי נגישות",
                            "url": "https://www.mako.co.il/help-5bb6bf4ccf39c110/Article-b7ff18a9de86471026.htm?partner=12plusFooterLinks",
                            "domoClick": {
                                "content_type": "Article",
                                "channel_depth": 2,
                                "teaser_id": "23f4495772220810VgnVCM200000650a10acRCRD",
                                "clicked_item_id": "b7ff18a9de864710VgnVCM200000650a10acRCRD",
                                "click_type": "link",
                                "clicked_channel_id": "5bb6bf4ccf39c110VgnVCM100000290c10acRCRD",
                                "referring_component": "2d2c13d6-glob-foot-refc-de190b394505",
                                "clicked_item_url": "https://www.mako.co.il/help-5bb6bf4ccf39c110/Article-b7ff18a9de86471026.htm?partner=12plusFooterLinks"
                            }
                        },
                        {
                            "name": "מדיניות פרטיות ותנאי שימוש",
                            "url": "https://www.mako.co.il/help-terms-of-use/Article-d37908dd1674c11006.htm?partner=12plusFooterLinks",
                            "domoClick": {
                                "content_type": "Article",
                                "channel_depth": 2,
                                "teaser_id": "e5c040b549a6c710VgnVCM100000700a10acRCRD",
                                "clicked_item_id": "d37908dd1674c110VgnVCM2000002a0c10acRCRD",
                                "click_type": "link",
                                "clicked_channel_id": "345705dfcebcb110VgnVCM2000002a0c10acRCRD",
                                "referring_component": "2d2c13d6-glob-foot-refc-de190b394505",
                                "clicked_item_url": "https://www.mako.co.il/help-terms-of-use/Article-d37908dd1674c11006.htm?partner=12plusFooterLinks"
                            }
                        }
                    ]
                }
            },
            "logos": {
                "lastUpdate": "Mon, 11 Nov 2024 23:46:12 +0200",
                "timestamp": 1731361572195,
                "headerLogo": {
                    "guid": "9dabeac4fa6cc710VgnVCM200000650a10acRCRD",
                    "desktopLogo": "https://img.mako.co.il/2024/10/10/logo-12-desktop.png",
                    "mobileWebLogo": "https://img.mako.co.il/2024/10/10/LOGO_12_mobile.png",
                    "mobileAppLogo": "https://img.mako.co.il/2024/10/09/LOGO_12__mobileApp.png",
                    "smartTVLogo": "https://img.mako.co.il/2021/10/28/Logo_12+_smartTV.png"
                }
            },
            "data": {
                "lastUpdate": "Sat, 09 Nov 2024 05:30:07 +0200",
                "timestamp": 1731123007640,
                "pageType": "Subvertical",
                "channelId": "b5ae2a8ecab7b810VgnVCM100000700a10acRCRD",
                "sch": "b5ae2a8ecab7b810",
                "channelName": "עונה 21",
                "pageUrl": "/mako-vod-keshet/eretz_nehederet-s21",
                "domoPageView": {
                    "content_type": "channel",
                    "channel_id": "b5ae2a8ecab7b810VgnVCM100000700a10acRCRD",
                    "item_id": "b5ae2a8ecab7b810VgnVCM100000700a10acRCRD",
                    "page_url": "https://www.mako.co.il/mako-vod-keshet/eretz_nehederet-s21",
                    "is_blocked_content": {
                        "israel": 0,
                        "international": 0
                    },
                    "channel_depth": 3
                },
                "preload": true,
                "makoCatDFP": {
                    "cust_params": {
                        "location_sub_campaign": "%LOCATION_SUB_CAMPAIGN%",
                        "payinguser": "%IS_PAYING_USER%",
                        "video_from_time": "%VIDEO_FROM_TIME%",
                        "bundleId": "%PRODUCT_BUNDLE_ID%",
                        "pushTags": "%PUSH_TAGS%",
                        "language": "%LANGUAGE%",
                        "locale": "%LOCALE%",
                        "deviceid": "%DEVICE_ID%",
                        "version": "%VERSION%",
                        "devicetype": "%DEVICE_TYPE%",
                        "MAKOPAGE": "%GUID%",
                        "advertiserId": "%ADVERTISER_ID%",
                        "carrier": "%CARRIER%",
                        "LEVEL4": "vod_eretz",
                        "osVersion": "%OS_VERSION%",
                        "LEVEL5": "s21",
                        "paidContent": "%IS_PAID_CONTENT%",
                        "appid": "%APP_ID%",
                        "makoHN": "%HOUSE_NUMBERS%",
                        "random_number": "%RANDOM_NUMBER%",
                        "osType": "%OS_TYPE%",
                        "deviceModel": "%DEVICE_MODEL%",
                        "pushTrigger": "%PUSH_TRIGGER%"
                    },
                    "iu": "/242748299/mako/vod/vod_keshet/"
                },
                "seo": {
                    "title": "ארץ נהדרת, עונה 21 - פרקים מלאים לצפייה ישירה",
                    "description": "ארץ נהדרת, עונה 21 - פרקים מלאים לצפייה ישירה. ארץ נהדרת בתכנית מיוחדת לרגל המלחמה",
                    "type": "tv_show",
                    "image": "https://img.mako.co.il/2023/10/29/EretzFight_X5_re_autoOrient_i.jpg",
                    "canonical": "https://www.mako.co.il/mako-vod-keshet/eretz_nehederet-s21",
                    "schema": {
                        "@context": "https://schema.org",
                        "@type": "TVSeason",
                        "name": "עונה 21",
                        "description": "ארץ נהדרת - בתכנית מיוחדת לרגל המלחמה",
                        "image": "https://img.mako.co.il/2023/10/29/EretzFight_X5_re_autoOrient_i.jpg",
                        "numberOfEpisodes": 22,
                        "url": "https://www.mako.co.il/mako-vod-keshet/eretz_nehederet-s21",
                        "partOfTVSeries": {
                            "@type": "TVSeries",
                            "name": "ארץ נהדרת",
                            "url": "https://www.mako.co.il/mako-vod-keshet/eretz_nehederet"
                        },
                        "genre": [
                            "קומדיה"
                        ],
                        "director": [
                            {
                                "@type": "Person",
                                "name": "אמיר אוקרייניץ"
                            }
                        ],
                        "provider": {
                            "@type": "Organization",
                            "name": "תכניות קשת"
                        },
                        "publisher": {
                            "@type": "NewsMediaOrganization",
                            "name": "שידורי קשת"
                        }
                    }
                },
                "vod": {
                    "channelId": "b5ae2a8ecab7b810VgnVCM100000700a10acRCRD",
                    "itemVcmId": "4e17c32f22c6b810VgnVCM200000650a10acRCRD",
                    "galleryChannelId": "4e17c32f22c6b810VgnVCM200000650a10acRCRD",
                    "programId": "5cf467a604643210VgnVCM2000002a0c10acRCRD",
                    "mostCurrent": false,
                    "domoPlay": {
                        "content_type": "vod",
                        "channel_id": "b5ae2a8ecab7b810VgnVCM100000700a10acRCRD",
                        "item_id": "4e17c32f22c6b810VgnVCM200000650a10acRCRD",
                        "channel_depth": 3
                    },
                    "domoClick": {
                        "content_type": "vod",
                        "click_type": "link",
                        "clicked_item_id": "4e17c32f22c6b810VgnVCM200000650a10acRCRD",
                        "channel_depth": -1,
                        "clicked_item_url": "https://www.mako.co.il/mako-vod-keshet/eretz_nehederet-s21/VOD-4e17c32f22c6b81026.htm",
                        "referring_component": "080b8750-hero-41d9-refc-e6bfe67f099c",
                        "clicked_channel_id": "b5ae2a8ecab7b810VgnVCM100000700a10acRCRD"
                    },
                    "pageUrl": "/mako-vod-keshet/eretz_nehederet-s21/VOD-4e17c32f22c6b81026.htm",
                    "aINT": true,
                    "aIL": true,
                    "iPromoType": "Program"
                },
                "hero": {
                    "extraInfo": "23 עונות",
                    "itemVcmId": "df59ec7699a7b810VgnVCM100000700a10acRCRD",
                    "channelId": "b5ae2a8ecab7b810VgnVCM100000700a10acRCRD",
                    "logo": "https://img.mako.co.il/2022/09/20/ERETZ_S20_LOGO.png",
                    "logoAltText": "לוגו ארץ נהדרת עונה 20",
                    "description": "ארץ נהדרת - בתכנית מיוחדת לרגל המלחמה",
                    "pics": [
                        {
                            "picUrl": "https://img.mako.co.il/2023/10/29/EretzFight_X5_re.jpg",
                            "altText": "ארץ נהדרת 21 פוסטר יחצ"
                        },
                        {
                            "picUrl": "https://img.mako.co.il/2023/11/08/EretzFight_2_X5_re.jpg",
                            "altText": "ארץ נהדרת 21 סט 2 דניאל הגרי"
                        },
                        {
                            "picUrl": "https://img.mako.co.il/2023/11/20/EretzFight_3_X5_re.jpg",
                            "altText": "ארץ נהדרת 21 סט 3 דני קושמרו"
                        },
                        {
                            "picUrl": "https://img.mako.co.il/2024/02/21/Eretz2024_04_x5_re.jpg",
                            "altText": "ארץ נהדרת 21 סט 4 אמסלם וגוטליב"
                        }
                    ],
                    "mobilePics": [
                        {
                            "picUrl": "https://img.mako.co.il/2023/10/29/EretzFight_e_NoLogo_re.jpg",
                            "altText": "ארץ נהדרת 21 פוסטר יחצ"
                        },
                        {
                            "picUrl": "https://img.mako.co.il/2023/11/08/EretzFight_2_e_NoLogo_re.jpg",
                            "altText": "ארץ נהדרת 21 סט 2 דניאל הגרי"
                        },
                        {
                            "picUrl": "https://img.mako.co.il/2023/11/20/EretzFight_3_e_NoLogo_re.jpg",
                            "altText": "ארץ נהדרת 21 סט 3 דני קושמרו"
                        },
                        {
                            "picUrl": "https://img.mako.co.il/2024/02/21/Eretz2024_04_e_NoLogo_re.jpg",
                            "altText": "ארץ נהדרת 21 סט 4 אמסלם וגוטליב"
                        }
                    ],
                    "buttonText": "עונה 21 פרק 1",
                    "makoRefComp": "Specific_Episode"
                },
                "seasons": [
                    {
                        "current": false,
                        "seasonTitle": "עונה 1",
                        "pageUrl": "/mako-vod-keshet/eretz_nehederet-s1",
                        "domoClick": {
                            "content_type": "channel",
                            "click_type": "link",
                            "clicked_item_id": "bae667a604643210VgnVCM2000002a0c10acRCRD",
                            "channel_depth": -1,
                            "clicked_item_url": "https://www.mako.co.il/mako-vod-keshet/eretz_nehederet-s1",
                            "referring_component": "9ced3b0e-page-navi-refc-eb3fe7b8e0de",
                            "clicked_channel_id": "bae667a604643210VgnVCM2000002a0c10acRCRD"
                        }
                    },
                    {
                        "current": false,
                        "seasonTitle": "עונה 2",
                        "pageUrl": "/mako-vod-keshet/eretz_nehederet-s2",
                        "domoClick": {
                            "content_type": "channel",
                            "click_type": "link",
                            "clicked_item_id": "3d9af64d35643210VgnVCM2000002a0c10acRCRD",
                            "channel_depth": -1,
                            "clicked_item_url": "https://www.mako.co.il/mako-vod-keshet/eretz_nehederet-s2",
                            "referring_component": "9ced3b0e-page-navi-refc-eb3fe7b8e0de",
                            "clicked_channel_id": "3d9af64d35643210VgnVCM2000002a0c10acRCRD"
                        }
                    },
                    {
                        "current": false,
                        "seasonTitle": "עונה 3",
                        "pageUrl": "/mako-vod-keshet/eretz_nehederet-s3",
                        "domoClick": {
                            "content_type": "channel",
                            "click_type": "link",
                            "clicked_item_id": "43cef64d35643210VgnVCM2000002a0c10acRCRD",
                            "channel_depth": -1,
                            "clicked_item_url": "https://www.mako.co.il/mako-vod-keshet/eretz_nehederet-s3",
                            "referring_component": "9ced3b0e-page-navi-refc-eb3fe7b8e0de",
                            "clicked_channel_id": "43cef64d35643210VgnVCM2000002a0c10acRCRD"
                        }
                    },
                    {
                        "current": false,
                        "seasonTitle": "עונה 4",
                        "pageUrl": "/mako-vod-keshet/eretz_nehederet-s4",
                        "domoClick": {
                            "content_type": "channel",
                            "click_type": "link",
                            "clicked_item_id": "d251f64d35643210VgnVCM2000002a0c10acRCRD",
                            "channel_depth": -1,
                            "clicked_item_url": "https://www.mako.co.il/mako-vod-keshet/eretz_nehederet-s4",
                            "referring_component": "9ced3b0e-page-navi-refc-eb3fe7b8e0de",
                            "clicked_channel_id": "d251f64d35643210VgnVCM2000002a0c10acRCRD"
                        }
                    },
                    {
                        "current": false,
                        "seasonTitle": "עונה 5",
                        "pageUrl": "/mako-vod-keshet/eretz_nehederet-s5",
                        "domoClick": {
                            "content_type": "channel",
                            "click_type": "link",
                            "clicked_item_id": "7a03f64d35643210VgnVCM2000002a0c10acRCRD",
                            "channel_depth": -1,
                            "clicked_item_url": "https://www.mako.co.il/mako-vod-keshet/eretz_nehederet-s5",
                            "referring_component": "9ced3b0e-page-navi-refc-eb3fe7b8e0de",
                            "clicked_channel_id": "7a03f64d35643210VgnVCM2000002a0c10acRCRD"
                        }
                    },
                    {
                        "current": false,
                        "seasonTitle": "עונה 6",
                        "pageUrl": "/mako-vod-keshet/eretz_nehederet-s6",
                        "domoClick": {
                            "content_type": "channel",
                            "click_type": "link",
                            "clicked_item_id": "1144f64d35643210VgnVCM2000002a0c10acRCRD",
                            "channel_depth": -1,
                            "clicked_item_url": "https://www.mako.co.il/mako-vod-keshet/eretz_nehederet-s6",
                            "referring_component": "9ced3b0e-page-navi-refc-eb3fe7b8e0de",
                            "clicked_channel_id": "1144f64d35643210VgnVCM2000002a0c10acRCRD"
                        }
                    },
                    {
                        "current": false,
                        "seasonTitle": "עונה 7",
                        "pageUrl": "/mako-vod-keshet/eretz_nehederet-s7",
                        "domoClick": {
                            "content_type": "channel",
                            "click_type": "link",
                            "clicked_item_id": "d0990484ddef5210VgnVCM2000002a0c10acRCRD",
                            "channel_depth": -1,
                            "clicked_item_url": "https://www.mako.co.il/mako-vod-keshet/eretz_nehederet-s7",
                            "referring_component": "9ced3b0e-page-navi-refc-eb3fe7b8e0de",
                            "clicked_channel_id": "d0990484ddef5210VgnVCM2000002a0c10acRCRD"
                        }
                    },
                    {
                        "current": false,
                        "seasonTitle": "עונה 8",
                        "pageUrl": "/mako-vod-keshet/eretz_nehederet-s8",
                        "domoClick": {
                            "content_type": "channel",
                            "click_type": "link",
                            "clicked_item_id": "d839b3585edfc210VgnVCM2000002a0c10acRCRD",
                            "channel_depth": -1,
                            "clicked_item_url": "https://www.mako.co.il/mako-vod-keshet/eretz_nehederet-s8",
                            "referring_component": "9ced3b0e-page-navi-refc-eb3fe7b8e0de",
                            "clicked_channel_id": "d839b3585edfc210VgnVCM2000002a0c10acRCRD"
                        }
                    },
                    {
                        "current": false,
                        "seasonTitle": "עונה 9",
                        "pageUrl": "/mako-vod-keshet/eretz_nehederet-s9",
                        "domoClick": {
                            "content_type": "channel",
                            "click_type": "link",
                            "clicked_item_id": "2c9f87e7250f4310VgnVCM2000002a0c10acRCRD",
                            "channel_depth": -1,
                            "clicked_item_url": "https://www.mako.co.il/mako-vod-keshet/eretz_nehederet-s9",
                            "referring_component": "9ced3b0e-page-navi-refc-eb3fe7b8e0de",
                            "clicked_channel_id": "2c9f87e7250f4310VgnVCM2000002a0c10acRCRD"
                        }
                    },
                    {
                        "current": false,
                        "seasonTitle": "עונה 10",
                        "pageUrl": "/mako-vod-keshet/eretz_nehederet-s10",
                        "domoClick": {
                            "content_type": "channel",
                            "click_type": "link",
                            "clicked_item_id": "fa4d7c38f47cb310VgnVCM2000002a0c10acRCRD",
                            "channel_depth": -1,
                            "clicked_item_url": "https://www.mako.co.il/mako-vod-keshet/eretz_nehederet-s10",
                            "referring_component": "9ced3b0e-page-navi-refc-eb3fe7b8e0de",
                            "clicked_channel_id": "fa4d7c38f47cb310VgnVCM2000002a0c10acRCRD"
                        }
                    },
                    {
                        "current": false,
                        "seasonTitle": "עונה 11",
                        "pageUrl": "/mako-vod-keshet/eretz_nehederet-s11",
                        "domoClick": {
                            "content_type": "channel",
                            "click_type": "link",
                            "clicked_item_id": "5adfa33919243410VgnVCM2000002a0c10acRCRD",
                            "channel_depth": -1,
                            "clicked_item_url": "https://www.mako.co.il/mako-vod-keshet/eretz_nehederet-s11",
                            "referring_component": "9ced3b0e-page-navi-refc-eb3fe7b8e0de",
                            "clicked_channel_id": "5adfa33919243410VgnVCM2000002a0c10acRCRD"
                        }
                    },
                    {
                        "current": false,
                        "seasonTitle": "עונה 12",
                        "pageUrl": "/mako-vod-keshet/eretz_nehederet-s12",
                        "domoClick": {
                            "content_type": "channel",
                            "click_type": "link",
                            "clicked_item_id": "de317051b0cfa410VgnVCM2000002a0c10acRCRD",
                            "channel_depth": -1,
                            "clicked_item_url": "https://www.mako.co.il/mako-vod-keshet/eretz_nehederet-s12",
                            "referring_component": "9ced3b0e-page-navi-refc-eb3fe7b8e0de",
                            "clicked_channel_id": "de317051b0cfa410VgnVCM2000002a0c10acRCRD"
                        }
                    },
                    {
                        "current": false,
                        "seasonTitle": "עונה 13",
                        "pageUrl": "/mako-vod-keshet/eretz_nehederet-s13",
                        "domoClick": {
                            "content_type": "channel",
                            "click_type": "link",
                            "clicked_item_id": "d1417e27b9382510VgnVCM2000002a0c10acRCRD",
                            "channel_depth": -1,
                            "clicked_item_url": "https://www.mako.co.il/mako-vod-keshet/eretz_nehederet-s13",
                            "referring_component": "9ced3b0e-page-navi-refc-eb3fe7b8e0de",
                            "clicked_channel_id": "d1417e27b9382510VgnVCM2000002a0c10acRCRD"
                        }
                    },
                    {
                        "current": false,
                        "seasonTitle": "עונה 14",
                        "pageUrl": "/mako-vod-keshet/eretz_nehederet-s14",
                        "domoClick": {
                            "content_type": "channel",
                            "click_type": "link",
                            "clicked_item_id": "00cb73568955a510VgnVCM2000002a0c10acRCRD",
                            "channel_depth": -1,
                            "clicked_item_url": "https://www.mako.co.il/mako-vod-keshet/eretz_nehederet-s14",
                            "referring_component": "9ced3b0e-page-navi-refc-eb3fe7b8e0de",
                            "clicked_channel_id": "00cb73568955a510VgnVCM2000002a0c10acRCRD"
                        }
                    },
                    {
                        "current": false,
                        "seasonTitle": "עונה 15",
                        "pageUrl": "/mako-vod-keshet/eretz_nehederet-s15",
                        "domoClick": {
                            "content_type": "channel",
                            "click_type": "link",
                            "clicked_item_id": "6ca45b54fd76f510VgnVCM2000002a0c10acRCRD",
                            "channel_depth": -1,
                            "clicked_item_url": "https://www.mako.co.il/mako-vod-keshet/eretz_nehederet-s15",
                            "referring_component": "9ced3b0e-page-navi-refc-eb3fe7b8e0de",
                            "clicked_channel_id": "6ca45b54fd76f510VgnVCM2000002a0c10acRCRD"
                        }
                    },
                    {
                        "current": false,
                        "seasonTitle": "עונה 16",
                        "pageUrl": "/mako-vod-keshet/eretz_nehederet-s-16",
                        "domoClick": {
                            "content_type": "channel",
                            "click_type": "link",
                            "clicked_item_id": "943afc01ace08610VgnVCM2000002a0c10acRCRD",
                            "channel_depth": -1,
                            "clicked_item_url": "https://www.mako.co.il/mako-vod-keshet/eretz_nehederet-s-16",
                            "referring_component": "9ced3b0e-page-navi-refc-eb3fe7b8e0de",
                            "clicked_channel_id": "943afc01ace08610VgnVCM2000002a0c10acRCRD"
                        }
                    },
                    {
                        "current": false,
                        "seasonTitle": "עונה 17",
                        "pageUrl": "/mako-vod-keshet/eretz_nehederet-s17",
                        "domoClick": {
                            "content_type": "channel",
                            "click_type": "link",
                            "clicked_item_id": "19cc03b59965f610VgnVCM200000650a10acRCRD",
                            "channel_depth": -1,
                            "clicked_item_url": "https://www.mako.co.il/mako-vod-keshet/eretz_nehederet-s17",
                            "referring_component": "9ced3b0e-page-navi-refc-eb3fe7b8e0de",
                            "clicked_channel_id": "19cc03b59965f610VgnVCM200000650a10acRCRD"
                        }
                    },
                    {
                        "current": false,
                        "seasonTitle": "עוד כותרות",
                        "pageUrl": "/mako-vod-keshet/eretz_nehederet-more_headlines",
                        "domoClick": {
                            "content_type": "channel",
                            "click_type": "link",
                            "clicked_item_id": "42d5b1b0749b3710VgnVCM100000700a10acRCRD",
                            "channel_depth": -1,
                            "clicked_item_url": "https://www.mako.co.il/mako-vod-keshet/eretz_nehederet-more_headlines",
                            "referring_component": "9ced3b0e-page-navi-refc-eb3fe7b8e0de",
                            "clicked_channel_id": "42d5b1b0749b3710VgnVCM100000700a10acRCRD"
                        }
                    },
                    {
                        "current": false,
                        "seasonTitle": "עונה 18",
                        "pageUrl": "/mako-vod-keshet/eretz_nehederet-s18",
                        "domoClick": {
                            "content_type": "channel",
                            "click_type": "link",
                            "clicked_item_id": "17d1ef997de86710VgnVCM100000700a10acRCRD",
                            "channel_depth": -1,
                            "clicked_item_url": "https://www.mako.co.il/mako-vod-keshet/eretz_nehederet-s18",
                            "referring_component": "9ced3b0e-page-navi-refc-eb3fe7b8e0de",
                            "clicked_channel_id": "17d1ef997de86710VgnVCM100000700a10acRCRD"
                        }
                    },
                    {
                        "current": false,
                        "seasonTitle": "עונה 19",
                        "pageUrl": "/mako-vod-keshet/eretz_nehederet-s19",
                        "domoClick": {
                            "content_type": "channel",
                            "click_type": "link",
                            "clicked_item_id": "d371563eb8bec710VgnVCM200000650a10acRCRD",
                            "channel_depth": -1,
                            "clicked_item_url": "https://www.mako.co.il/mako-vod-keshet/eretz_nehederet-s19",
                            "referring_component": "9ced3b0e-page-navi-refc-eb3fe7b8e0de",
                            "clicked_channel_id": "d371563eb8bec710VgnVCM200000650a10acRCRD"
                        }
                    },
                    {
                        "current": false,
                        "seasonTitle": "עונה 20",
                        "pageUrl": "/mako-vod-keshet/eretz_nehederet-s20",
                        "domoClick": {
                            "content_type": "channel",
                            "click_type": "link",
                            "clicked_item_id": "20bf32f4a0a53810VgnVCM100000700a10acRCRD",
                            "channel_depth": -1,
                            "clicked_item_url": "https://www.mako.co.il/mako-vod-keshet/eretz_nehederet-s20",
                            "referring_component": "9ced3b0e-page-navi-refc-eb3fe7b8e0de",
                            "clicked_channel_id": "20bf32f4a0a53810VgnVCM100000700a10acRCRD"
                        }
                    },
                    {
                        "current": true,
                        "seasonTitle": "עונה 21",
                        "pageUrl": "/mako-vod-keshet/eretz_nehederet-s21",
                        "domoClick": {
                            "content_type": "channel",
                            "click_type": "link",
                            "clicked_item_id": "b5ae2a8ecab7b810VgnVCM100000700a10acRCRD",
                            "channel_depth": -1,
                            "clicked_item_url": "https://www.mako.co.il/mako-vod-keshet/eretz_nehederet-s21",
                            "referring_component": "9ced3b0e-page-navi-refc-eb3fe7b8e0de",
                            "clicked_channel_id": "b5ae2a8ecab7b810VgnVCM100000700a10acRCRD"
                        }
                    },
                    {
                        "current": false,
                        "seasonTitle": "עונה 22",
                        "pageUrl": "/mako-vod-keshet/eretz_nehederet-s22",
                        "domoClick": {
                            "content_type": "channel",
                            "click_type": "link",
                            "clicked_item_id": "bc6a5d06d46f2910VgnVCM200000650a10acRCRD",
                            "channel_depth": -1,
                            "clicked_item_url": "https://www.mako.co.il/mako-vod-keshet/eretz_nehederet-s22",
                            "referring_component": "9ced3b0e-page-navi-refc-eb3fe7b8e0de",
                            "clicked_channel_id": "bc6a5d06d46f2910VgnVCM200000650a10acRCRD"
                        }
                    }
                ],
                "menu": [
                    {
                        "buttonText": "פרקים",
                        "id": "allEpisodes",
                        "vcmid": "b5ae2a8ecab7b810VgnVCM100000700a10acRCRD",
                        "channelId": "b5ae2a8ecab7b810VgnVCM100000700a10acRCRD",
                        "makoRefComp": "All_Episodes",
                        "pageUrl": "/mako-vod-keshet/eretz_nehederet-s21",
                        "domoClick": {
                            "content_type": "channel",
                            "click_type": "link",
                            "clicked_item_id": "b5ae2a8ecab7b810VgnVCM100000700a10acRCRD",
                            "channel_depth": -1,
                            "clicked_item_url": "https://www.mako.co.il/mako-vod-keshet/eretz_nehederet-s21",
                            "referring_component": "9ced3b0e-page-navi-refc-eb3fe7b8e0de",
                            "clicked_channel_id": "b5ae2a8ecab7b810VgnVCM100000700a10acRCRD"
                        },
                        "open": true,
                        "vods": [
                            {
                                "componentLayout": "vod",
                                "channelId": "b5ae2a8ecab7b810VgnVCM100000700a10acRCRD",
                                "itemVcmId": "4e17c32f22c6b810VgnVCM200000650a10acRCRD",
                                "galleryChannelId": "4e17c32f22c6b810VgnVCM200000650a10acRCRD",
                                "title": "ארץ נלחמת",
                                "domoClick": {
                                    "content_type": "vod",
                                    "click_type": "link",
                                    "clicked_item_id": "4e17c32f22c6b810VgnVCM200000650a10acRCRD",
                                    "channel_depth": -1,
                                    "clicked_item_url": "https://www.mako.co.il/mako-vod-keshet/eretz_nehederet-s21/VOD-4e17c32f22c6b81026.htm",
                                    "referring_component": "16f079a6-page-prom-refc-4bfb03e240e9",
                                    "clicked_channel_id": "b5ae2a8ecab7b810VgnVCM100000700a10acRCRD"
                                },
                                "pageUrl": "/mako-vod-keshet/eretz_nehederet-s21/VOD-4e17c32f22c6b81026.htm",
                                "pics": [
                                    {
                                        "picUrl": "https://img.mako.co.il/2023/10/25/eretz_nilhemet_251023_vod_autoOrient_i.jpg",
                                        "altText": "יניב ביטון בדמות רחל מאופקים"
                                    }
                                ],
                                "extraInfo": "פרק 1@25.10.23",
                                "aINT": true,
                                "aIL": true
                            },
                            {
                                "componentLayout": "vod",
                                "channelId": "b5ae2a8ecab7b810VgnVCM100000700a10acRCRD",
                                "itemVcmId": "9a65a6a706f7b810VgnVCM100000700a10acRCRD",
                                "galleryChannelId": "9a65a6a706f7b810VgnVCM100000700a10acRCRD",
                                "title": "ארץ נלחמת – מהדורה מיוחדת ",
                                "domoClick": {
                                    "content_type": "vod",
                                    "click_type": "link",
                                    "clicked_item_id": "9a65a6a706f7b810VgnVCM100000700a10acRCRD",
                                    "channel_depth": -1,
                                    "clicked_item_url": "https://www.mako.co.il/mako-vod-keshet/eretz_nehederet-s21/VOD-9a65a6a706f7b81027.htm",
                                    "referring_component": "16f079a6-page-prom-refc-4bfb03e240e9",
                                    "clicked_channel_id": "b5ae2a8ecab7b810VgnVCM100000700a10acRCRD"
                                },
                                "pageUrl": "/mako-vod-keshet/eretz_nehederet-s21/VOD-9a65a6a706f7b81027.htm",
                                "pics": [
                                    {
                                        "picUrl": "https://img.mako.co.il/2023/11/05/eretz20_haravot_barzel_02_051123_vod_autoOrient_i.jpg",
                                        "altText": "יובל סמו בדמות חסן נסראללה"
                                    }
                                ],
                                "extraInfo": "פרק 2@05.11.23",
                                "aINT": false,
                                "aIL": true
                            },
                            {
                                "componentLayout": "vod",
                                "channelId": "b5ae2a8ecab7b810VgnVCM100000700a10acRCRD",
                                "itemVcmId": "542f6e15a52cb810VgnVCM200000650a10acRCRD",
                                "galleryChannelId": "542f6e15a52cb810VgnVCM200000650a10acRCRD",
                                "title": "השבוע החמישי",
                                "domoClick": {
                                    "content_type": "vod",
                                    "click_type": "link",
                                    "clicked_item_id": "542f6e15a52cb810VgnVCM200000650a10acRCRD",
                                    "channel_depth": -1,
                                    "clicked_item_url": "https://www.mako.co.il/mako-vod-keshet/eretz_nehederet-s21/VOD-542f6e15a52cb81026.htm",
                                    "referring_component": "16f079a6-page-prom-refc-4bfb03e240e9",
                                    "clicked_channel_id": "b5ae2a8ecab7b810VgnVCM100000700a10acRCRD"
                                },
                                "pageUrl": "/mako-vod-keshet/eretz_nehederet-s21/VOD-542f6e15a52cb81026.htm",
                                "pics": [
                                    {
                                        "picUrl": "https://img.mako.co.il/2023/11/14/eretz_nilhemet_03_141123_vod_autoOrient_i.jpg",
                                        "altText": "ערן זרחוביץ בתפקיד דני קושמרו "
                                    }
                                ],
                                "extraInfo": "פרק 3@14.11.23",
                                "aINT": false,
                                "aIL": true
                            },
                            {
                                "componentLayout": "vod",
                                "channelId": "b5ae2a8ecab7b810VgnVCM100000700a10acRCRD",
                                "itemVcmId": "3e5f0aee7f6db810VgnVCM200000650a10acRCRD",
                                "galleryChannelId": "3e5f0aee7f6db810VgnVCM200000650a10acRCRD",
                                "title": "השבוע השישי",
                                "domoClick": {
                                    "content_type": "vod",
                                    "click_type": "link",
                                    "clicked_item_id": "3e5f0aee7f6db810VgnVCM200000650a10acRCRD",
                                    "channel_depth": -1,
                                    "clicked_item_url": "https://www.mako.co.il/mako-vod-keshet/eretz_nehederet-s21/VOD-3e5f0aee7f6db81026.htm",
                                    "referring_component": "16f079a6-page-prom-refc-4bfb03e240e9",
                                    "clicked_channel_id": "b5ae2a8ecab7b810VgnVCM100000700a10acRCRD"
                                },
                                "pageUrl": "/mako-vod-keshet/eretz_nehederet-s21/VOD-3e5f0aee7f6db81026.htm",
                                "pics": [
                                    {
                                        "picUrl": "https://img.mako.co.il/2023/11/21/eretz_nilhemet_04_211123_vod_autoOrient_i.jpg",
                                        "altText": "אלי פיניש בתפקיד דובר החות'ים"
                                    }
                                ],
                                "extraInfo": "פרק 4@21.11.23",
                                "aINT": false,
                                "aIL": true
                            },
                            {
                                "componentLayout": "vod",
                                "channelId": "b5ae2a8ecab7b810VgnVCM100000700a10acRCRD",
                                "itemVcmId": "d277535d17e2c810VgnVCM200000650a10acRCRD",
                                "galleryChannelId": "d277535d17e2c810VgnVCM200000650a10acRCRD",
                                "title": "השבוע השמיני",
                                "domoClick": {
                                    "content_type": "vod",
                                    "click_type": "link",
                                    "clicked_item_id": "d277535d17e2c810VgnVCM200000650a10acRCRD",
                                    "channel_depth": -1,
                                    "clicked_item_url": "https://www.mako.co.il/mako-vod-keshet/eretz_nehederet-s21/VOD-d277535d17e2c81026.htm",
                                    "referring_component": "16f079a6-page-prom-refc-4bfb03e240e9",
                                    "clicked_channel_id": "b5ae2a8ecab7b810VgnVCM100000700a10acRCRD"
                                },
                                "pageUrl": "/mako-vod-keshet/eretz_nehederet-s21/VOD-d277535d17e2c81026.htm",
                                "pics": [
                                    {
                                        "picUrl": "https://img.mako.co.il/2023/12/05/eretz20_05_051223_05_erez_avri_autoOrient_i.jpg",
                                        "altText": "אורי לייזרוביץ ורועי בר נתן כארז ואברי"
                                    }
                                ],
                                "extraInfo": "פרק 5@05.12.23",
                                "aINT": false,
                                "aIL": true
                            },
                            {
                                "componentLayout": "vod",
                                "channelId": "b5ae2a8ecab7b810VgnVCM100000700a10acRCRD",
                                "itemVcmId": "49e1869ffa25c810VgnVCM100000700a10acRCRD",
                                "galleryChannelId": "49e1869ffa25c810VgnVCM100000700a10acRCRD",
                                "title": "מהדורת חנוכה",
                                "domoClick": {
                                    "content_type": "vod",
                                    "click_type": "link",
                                    "clicked_item_id": "49e1869ffa25c810VgnVCM100000700a10acRCRD",
                                    "channel_depth": -1,
                                    "clicked_item_url": "https://www.mako.co.il/mako-vod-keshet/eretz_nehederet-s21/VOD-49e1869ffa25c81027.htm",
                                    "referring_component": "16f079a6-page-prom-refc-4bfb03e240e9",
                                    "clicked_channel_id": "b5ae2a8ecab7b810VgnVCM100000700a10acRCRD"
                                },
                                "pageUrl": "/mako-vod-keshet/eretz_nehederet-s21/VOD-49e1869ffa25c81027.htm",
                                "pics": [
                                    {
                                        "picUrl": "https://img.mako.co.il/2023/12/12/eretz_nehedert21_06_121223_vod_autoOrient_i.jpg",
                                        "altText": "ארץ נהדרת 21 פרק 6"
                                    }
                                ],
                                "extraInfo": "פרק 6@12.12.23",
                                "aINT": false,
                                "aIL": true
                            },
                            {
                                "componentLayout": "vod",
                                "channelId": "b5ae2a8ecab7b810VgnVCM100000700a10acRCRD",
                                "itemVcmId": "fa3090967967c810VgnVCM200000650a10acRCRD",
                                "galleryChannelId": "fa3090967967c810VgnVCM200000650a10acRCRD",
                                "title": "השבוע העשירי",
                                "domoClick": {
                                    "content_type": "vod",
                                    "click_type": "link",
                                    "clicked_item_id": "fa3090967967c810VgnVCM200000650a10acRCRD",
                                    "channel_depth": -1,
                                    "clicked_item_url": "https://www.mako.co.il/mako-vod-keshet/eretz_nehederet-s21/VOD-fa3090967967c81026.htm",
                                    "referring_component": "16f079a6-page-prom-refc-4bfb03e240e9",
                                    "clicked_channel_id": "b5ae2a8ecab7b810VgnVCM100000700a10acRCRD"
                                },
                                "pageUrl": "/mako-vod-keshet/eretz_nehederet-s21/VOD-fa3090967967c81026.htm",
                                "pics": [
                                    {
                                        "picUrl": "https://img.mako.co.il/2023/12/19/eretz21_7_191223_vod_autoOrient_i.jpg",
                                        "altText": "אלי פיניש, מריאנו אידלמן"
                                    }
                                ],
                                "extraInfo": "פרק 7@19.12.23",
                                "aINT": false,
                                "aIL": true
                            },
                            {
                                "componentLayout": "vod",
                                "channelId": "b5ae2a8ecab7b810VgnVCM100000700a10acRCRD",
                                "itemVcmId": "1ea2ee7c9ca9c810VgnVCM100000700a10acRCRD",
                                "galleryChannelId": "1ea2ee7c9ca9c810VgnVCM100000700a10acRCRD",
                                "title": "מסלקים את 2023",
                                "domoClick": {
                                    "content_type": "vod",
                                    "click_type": "link",
                                    "clicked_item_id": "1ea2ee7c9ca9c810VgnVCM100000700a10acRCRD",
                                    "channel_depth": -1,
                                    "clicked_item_url": "https://www.mako.co.il/mako-vod-keshet/eretz_nehederet-s21/VOD-1ea2ee7c9ca9c81027.htm",
                                    "referring_component": "16f079a6-page-prom-refc-4bfb03e240e9",
                                    "clicked_channel_id": "b5ae2a8ecab7b810VgnVCM100000700a10acRCRD"
                                },
                                "pageUrl": "/mako-vod-keshet/eretz_nehederet-s21/VOD-1ea2ee7c9ca9c81027.htm",
                                "pics": [
                                    {
                                        "picUrl": "https://img.mako.co.il/2023/12/26/eretz_nehederet21_08_261223_vod_autoOrient_i.jpg",
                                        "altText": "ליאת הר לב בתפקיד אדוה דדון"
                                    }
                                ],
                                "extraInfo": "פרק 8@26.12.23",
                                "aINT": false,
                                "aIL": true
                            },
                            {
                                "componentLayout": "vod",
                                "channelId": "b5ae2a8ecab7b810VgnVCM100000700a10acRCRD",
                                "itemVcmId": "43b937eeb40cc810VgnVCM200000650a10acRCRD",
                                "galleryChannelId": "43b937eeb40cc810VgnVCM200000650a10acRCRD",
                                "title": "שנה לממשלה",
                                "domoClick": {
                                    "content_type": "vod",
                                    "click_type": "link",
                                    "clicked_item_id": "43b937eeb40cc810VgnVCM200000650a10acRCRD",
                                    "channel_depth": -1,
                                    "clicked_item_url": "https://www.mako.co.il/mako-vod-keshet/eretz_nehederet-s21/VOD-43b937eeb40cc81026.htm",
                                    "referring_component": "16f079a6-page-prom-refc-4bfb03e240e9",
                                    "clicked_channel_id": "b5ae2a8ecab7b810VgnVCM100000700a10acRCRD"
                                },
                                "pageUrl": "/mako-vod-keshet/eretz_nehederet-s21/VOD-43b937eeb40cc81026.htm",
                                "pics": [
                                    {
                                        "picUrl": "https://img.mako.co.il/2024/01/02/eretz_nehederet21_09_020124_vod_autoOrient_i.jpg",
                                        "altText": "מריאנו אידלמן בתור ביבי נתניהו"
                                    }
                                ],
                                "extraInfo": "פרק 9@02.01.24",
                                "aINT": false,
                                "aIL": true
                            },
                            {
                                "componentLayout": "vod",
                                "channelId": "b5ae2a8ecab7b810VgnVCM100000700a10acRCRD",
                                "itemVcmId": "c8a8feefed60d810VgnVCM100000700a10acRCRD",
                                "galleryChannelId": "c8a8feefed60d810VgnVCM100000700a10acRCRD",
                                "title": "התביעה בהאג",
                                "domoClick": {
                                    "content_type": "vod",
                                    "click_type": "link",
                                    "clicked_item_id": "c8a8feefed60d810VgnVCM100000700a10acRCRD",
                                    "channel_depth": -1,
                                    "clicked_item_url": "https://www.mako.co.il/mako-vod-keshet/eretz_nehederet-s21/VOD-c8a8feefed60d81027.htm",
                                    "referring_component": "16f079a6-page-prom-refc-4bfb03e240e9",
                                    "clicked_channel_id": "b5ae2a8ecab7b810VgnVCM100000700a10acRCRD"
                                },
                                "pageUrl": "/mako-vod-keshet/eretz_nehederet-s21/VOD-c8a8feefed60d81027.htm",
                                "pics": [
                                    {
                                        "picUrl": "https://img.mako.co.il/2024/01/16/eretz21_10_160124_vod_autoOrient_i.jpg",
                                        "altText": "ליאור אשכנזי בתפקיד אהרון ברק "
                                    }
                                ],
                                "extraInfo": "פרק 10@16.01.24",
                                "aINT": false,
                                "aIL": true
                            },
                            {
                                "componentLayout": "ad",
                                "index": 1,
                                "mobileIu": "242748299/mako/vod/vod_keshet/MOBILE_MONSTER1_300x250",
                                "iu": "242748299/mako/vod/vod_keshet/JAMBO1_970",
                                "mobileSizes": "{['fluid', [300, 250]]}",
                                "sizes": "{[[970, 90]]}"
                            },
                            {
                                "componentLayout": "vod",
                                "channelId": "b5ae2a8ecab7b810VgnVCM100000700a10acRCRD",
                                "itemVcmId": "4f9f1898efa2d810VgnVCM200000650a10acRCRD",
                                "galleryChannelId": "4f9f1898efa2d810VgnVCM200000650a10acRCRD",
                                "title": "השבוע השישה עשר",
                                "domoClick": {
                                    "content_type": "vod",
                                    "click_type": "link",
                                    "clicked_item_id": "4f9f1898efa2d810VgnVCM200000650a10acRCRD",
                                    "channel_depth": -1,
                                    "clicked_item_url": "https://www.mako.co.il/mako-vod-keshet/eretz_nehederet-s21/VOD-4f9f1898efa2d81026.htm",
                                    "referring_component": "16f079a6-page-prom-refc-4bfb03e240e9",
                                    "clicked_channel_id": "b5ae2a8ecab7b810VgnVCM100000700a10acRCRD"
                                },
                                "pageUrl": "/mako-vod-keshet/eretz_nehederet-s21/VOD-4f9f1898efa2d81026.htm",
                                "pics": [
                                    {
                                        "picUrl": "https://img.mako.co.il/2024/01/30/eretz21_11_300124_vod_autoOrient_i.jpg",
                                        "altText": "רועי בר נתן בתפקיד אילון לוי"
                                    }
                                ],
                                "extraInfo": "פרק 11@30.01.24",
                                "aINT": false,
                                "aIL": true
                            },
                            {
                                "componentLayout": "vod",
                                "channelId": "b5ae2a8ecab7b810VgnVCM100000700a10acRCRD",
                                "itemVcmId": "fe375c5ce387d810VgnVCM100000700a10acRCRD",
                                "galleryChannelId": "fe375c5ce387d810VgnVCM100000700a10acRCRD",
                                "title": "השבוע השבעה עשר",
                                "domoClick": {
                                    "content_type": "vod",
                                    "click_type": "link",
                                    "clicked_item_id": "fe375c5ce387d810VgnVCM100000700a10acRCRD",
                                    "channel_depth": -1,
                                    "clicked_item_url": "https://www.mako.co.il/mako-vod-keshet/eretz_nehederet-s21/VOD-fe375c5ce387d81027.htm",
                                    "referring_component": "16f079a6-page-prom-refc-4bfb03e240e9",
                                    "clicked_channel_id": "b5ae2a8ecab7b810VgnVCM100000700a10acRCRD"
                                },
                                "pageUrl": "/mako-vod-keshet/eretz_nehederet-s21/VOD-fe375c5ce387d81027.htm",
                                "pics": [
                                    {
                                        "picUrl": "https://img.mako.co.il/2024/02/07/eretz21_12_070224_vod_autoOrient_i.jpg",
                                        "altText": "שני כהן בתור עדן גולן"
                                    }
                                ],
                                "extraInfo": "פרק 12@07.02.24",
                                "aINT": false,
                                "aIL": true
                            },
                            {
                                "componentLayout": "vod",
                                "channelId": "b5ae2a8ecab7b810VgnVCM100000700a10acRCRD",
                                "itemVcmId": "9be4b4cdff69d810VgnVCM200000650a10acRCRD",
                                "galleryChannelId": "9be4b4cdff69d810VgnVCM200000650a10acRCRD",
                                "title": "השבוע הדרמטי מגיע",
                                "domoClick": {
                                    "content_type": "vod",
                                    "click_type": "link",
                                    "clicked_item_id": "9be4b4cdff69d810VgnVCM200000650a10acRCRD",
                                    "channel_depth": -1,
                                    "clicked_item_url": "https://www.mako.co.il/mako-vod-keshet/eretz_nehederet-s21/VOD-9be4b4cdff69d81026.htm",
                                    "referring_component": "16f079a6-page-prom-refc-4bfb03e240e9",
                                    "clicked_channel_id": "b5ae2a8ecab7b810VgnVCM100000700a10acRCRD"
                                },
                                "pageUrl": "/mako-vod-keshet/eretz_nehederet-s21/VOD-9be4b4cdff69d81026.htm",
                                "pics": [
                                    {
                                        "picUrl": "https://img.mako.co.il/2024/02/14/eretz_nehederet21_13_140224_vod_autoOrient_i.jpg",
                                        "altText": "יניב ביטון וגיה באר גורביץ' בתור אליקו ולירז"
                                    }
                                ],
                                "extraInfo": "פרק 13@14.02.24",
                                "aINT": false,
                                "aIL": true
                            },
                            {
                                "componentLayout": "vod",
                                "channelId": "b5ae2a8ecab7b810VgnVCM100000700a10acRCRD",
                                "itemVcmId": "68f6186780bbd810VgnVCM100000700a10acRCRD",
                                "galleryChannelId": "68f6186780bbd810VgnVCM100000700a10acRCRD",
                                "title": "מהדורה חובקת עולם",
                                "domoClick": {
                                    "content_type": "vod",
                                    "click_type": "link",
                                    "clicked_item_id": "68f6186780bbd810VgnVCM100000700a10acRCRD",
                                    "channel_depth": -1,
                                    "clicked_item_url": "https://www.mako.co.il/mako-vod-keshet/eretz_nehederet-s21/VOD-68f6186780bbd81027.htm",
                                    "referring_component": "16f079a6-page-prom-refc-4bfb03e240e9",
                                    "clicked_channel_id": "b5ae2a8ecab7b810VgnVCM100000700a10acRCRD"
                                },
                                "pageUrl": "/mako-vod-keshet/eretz_nehederet-s21/VOD-68f6186780bbd81027.htm",
                                "pics": [
                                    {
                                        "picUrl": "https://img.mako.co.il/2024/02/21/eretz_nehederet21_14_210224_vod_autoOrient_i.jpg",
                                        "altText": "שחר חסון בתור איתמר בן גביר"
                                    }
                                ],
                                "extraInfo": "פרק 14@21.02.24",
                                "aINT": false,
                                "aIL": true
                            },
                            {
                                "componentLayout": "vod",
                                "channelId": "b5ae2a8ecab7b810VgnVCM100000700a10acRCRD",
                                "itemVcmId": "204ad16661fdd810VgnVCM200000650a10acRCRD",
                                "galleryChannelId": "204ad16661fdd810VgnVCM200000650a10acRCRD",
                                "title": "שבוע של הכרעות",
                                "domoClick": {
                                    "content_type": "vod",
                                    "click_type": "link",
                                    "clicked_item_id": "204ad16661fdd810VgnVCM200000650a10acRCRD",
                                    "channel_depth": -1,
                                    "clicked_item_url": "https://www.mako.co.il/mako-vod-keshet/eretz_nehederet-s21/VOD-204ad16661fdd81026.htm",
                                    "referring_component": "16f079a6-page-prom-refc-4bfb03e240e9",
                                    "clicked_channel_id": "b5ae2a8ecab7b810VgnVCM100000700a10acRCRD"
                                },
                                "pageUrl": "/mako-vod-keshet/eretz_nehederet-s21/VOD-204ad16661fdd81026.htm",
                                "pics": [
                                    {
                                        "picUrl": "https://img.mako.co.il/2024/02/28/eretz21_15_280224_vod_autoOrient_i.jpg",
                                        "altText": "ליאור אשכנזי בתור יונה רהב"
                                    }
                                ],
                                "extraInfo": "פרק 15@28.02.24",
                                "aINT": false,
                                "aIL": true
                            },
                            {
                                "componentLayout": "vod",
                                "channelId": "b5ae2a8ecab7b810VgnVCM100000700a10acRCRD",
                                "itemVcmId": "f1228d801c71e810VgnVCM200000650a10acRCRD",
                                "galleryChannelId": "f1228d801c71e810VgnVCM200000650a10acRCRD",
                                "title": "מהדורה לנשארים בארץ",
                                "domoClick": {
                                    "content_type": "vod",
                                    "click_type": "link",
                                    "clicked_item_id": "f1228d801c71e810VgnVCM200000650a10acRCRD",
                                    "channel_depth": -1,
                                    "clicked_item_url": "https://www.mako.co.il/mako-vod-keshet/eretz_nehederet-s21/VOD-f1228d801c71e81026.htm",
                                    "referring_component": "16f079a6-page-prom-refc-4bfb03e240e9",
                                    "clicked_channel_id": "b5ae2a8ecab7b810VgnVCM100000700a10acRCRD"
                                },
                                "pageUrl": "/mako-vod-keshet/eretz_nehederet-s21/VOD-f1228d801c71e81026.htm",
                                "pics": [
                                    {
                                        "picUrl": "https://img.mako.co.il/2024/03/13/eretz21_16_130324_vod_autoOrient_i.jpg",
                                        "altText": "ליאור אשכנזי בדמותו של בני גנץ"
                                    }
                                ],
                                "extraInfo": "פרק 16@13.03.24",
                                "aINT": false,
                                "aIL": true
                            },
                            {
                                "componentLayout": "vod",
                                "channelId": "b5ae2a8ecab7b810VgnVCM100000700a10acRCRD",
                                "itemVcmId": "ed3acafbedb3e810VgnVCM200000650a10acRCRD",
                                "galleryChannelId": "ed3acafbedb3e810VgnVCM200000650a10acRCRD",
                                "title": "מהדורת פורים מלחמתית",
                                "domoClick": {
                                    "content_type": "vod",
                                    "click_type": "link",
                                    "clicked_item_id": "ed3acafbedb3e810VgnVCM200000650a10acRCRD",
                                    "channel_depth": -1,
                                    "clicked_item_url": "https://www.mako.co.il/mako-vod-keshet/eretz_nehederet-s21/VOD-ed3acafbedb3e81026.htm",
                                    "referring_component": "16f079a6-page-prom-refc-4bfb03e240e9",
                                    "clicked_channel_id": "b5ae2a8ecab7b810VgnVCM100000700a10acRCRD"
                                },
                                "pageUrl": "/mako-vod-keshet/eretz_nehederet-s21/VOD-ed3acafbedb3e81026.htm",
                                "pics": [
                                    {
                                        "picUrl": "https://img.mako.co.il/2024/03/20/eretz_nehedert21_17_200324_vod_autoOrient_i.jpg",
                                        "altText": "מריאנו אידלמן ועלמה זק בתפקיד ביבי ושרה "
                                    }
                                ],
                                "extraInfo": "פרק 17@20.03.24",
                                "aINT": false,
                                "aIL": true
                            },
                            {
                                "componentLayout": "vod",
                                "channelId": "b5ae2a8ecab7b810VgnVCM100000700a10acRCRD",
                                "itemVcmId": "2d3879fc3ef5e810VgnVCM100000700a10acRCRD",
                                "galleryChannelId": "2d3879fc3ef5e810VgnVCM100000700a10acRCRD",
                                "title": "״בלי העולם״ בהשמעת בכורה",
                                "domoClick": {
                                    "content_type": "vod",
                                    "click_type": "link",
                                    "clicked_item_id": "2d3879fc3ef5e810VgnVCM100000700a10acRCRD",
                                    "channel_depth": -1,
                                    "clicked_item_url": "https://www.mako.co.il/mako-vod-keshet/eretz_nehederet-s21/VOD-2d3879fc3ef5e81027.htm",
                                    "referring_component": "16f079a6-page-prom-refc-4bfb03e240e9",
                                    "clicked_channel_id": "b5ae2a8ecab7b810VgnVCM100000700a10acRCRD"
                                },
                                "pageUrl": "/mako-vod-keshet/eretz_nehederet-s21/VOD-2d3879fc3ef5e81027.htm",
                                "pics": [
                                    {
                                        "picUrl": "https://img.mako.co.il/2024/03/27/eretz21_18_270324_vod_autoOrient_i.jpg",
                                        "altText": "מריאנו אידלמן בתפקיד ביבי נתניהו"
                                    }
                                ],
                                "extraInfo": "פרק 18@27.03.24",
                                "aINT": false,
                                "aIL": true
                            },
                            {
                                "componentLayout": "vod",
                                "channelId": "b5ae2a8ecab7b810VgnVCM100000700a10acRCRD",
                                "itemVcmId": "d716cd19fd38e810VgnVCM200000650a10acRCRD",
                                "galleryChannelId": "d716cd19fd38e810VgnVCM200000650a10acRCRD",
                                "title": "הכנסת חוגגת פגרה",
                                "domoClick": {
                                    "content_type": "vod",
                                    "click_type": "link",
                                    "clicked_item_id": "d716cd19fd38e810VgnVCM200000650a10acRCRD",
                                    "channel_depth": -1,
                                    "clicked_item_url": "https://www.mako.co.il/mako-vod-keshet/eretz_nehederet-s21/VOD-d716cd19fd38e81026.htm",
                                    "referring_component": "16f079a6-page-prom-refc-4bfb03e240e9",
                                    "clicked_channel_id": "b5ae2a8ecab7b810VgnVCM100000700a10acRCRD"
                                },
                                "pageUrl": "/mako-vod-keshet/eretz_nehederet-s21/VOD-d716cd19fd38e81026.htm",
                                "pics": [
                                    {
                                        "picUrl": "https://img.mako.co.il/2024/04/03/eretz_nehedert21_19_030424_vod_autoOrient_i.jpg",
                                        "altText": "ליאת הר לב בתפקיד טלי גוטליב "
                                    }
                                ],
                                "extraInfo": "פרק 19@03.04.24",
                                "aINT": false,
                                "aIL": true
                            },
                            {
                                "componentLayout": "vod",
                                "channelId": "b5ae2a8ecab7b810VgnVCM100000700a10acRCRD",
                                "itemVcmId": "9d2c2cc66c7ae810VgnVCM200000650a10acRCRD",
                                "galleryChannelId": "9d2c2cc66c7ae810VgnVCM200000650a10acRCRD",
                                "title": "המדריך לניהול פאניקה",
                                "domoClick": {
                                    "content_type": "vod",
                                    "click_type": "link",
                                    "clicked_item_id": "9d2c2cc66c7ae810VgnVCM200000650a10acRCRD",
                                    "channel_depth": -1,
                                    "clicked_item_url": "https://www.mako.co.il/mako-vod-keshet/eretz_nehederet-s21/VOD-9d2c2cc66c7ae81026.htm",
                                    "referring_component": "16f079a6-page-prom-refc-4bfb03e240e9",
                                    "clicked_channel_id": "b5ae2a8ecab7b810VgnVCM100000700a10acRCRD"
                                },
                                "pageUrl": "/mako-vod-keshet/eretz_nehederet-s21/VOD-9d2c2cc66c7ae81026.htm",
                                "pics": [
                                    {
                                        "picUrl": "https://img.mako.co.il/2024/04/10/eretz21_20_100424_vod_autoOrient_i.jpg",
                                        "altText": "שני כהן בחיקוי של סמין מועלם"
                                    }
                                ],
                                "extraInfo": "פרק 20@10.04.24",
                                "aINT": false,
                                "aIL": true
                            },
                            {
                                "componentLayout": "vod",
                                "channelId": "b5ae2a8ecab7b810VgnVCM100000700a10acRCRD",
                                "itemVcmId": "820164da4cbce810VgnVCM100000700a10acRCRD",
                                "galleryChannelId": "820164da4cbce810VgnVCM100000700a10acRCRD",
                                "title": "התגובה למתקפה האיראנית",
                                "domoClick": {
                                    "content_type": "vod",
                                    "click_type": "link",
                                    "clicked_item_id": "820164da4cbce810VgnVCM100000700a10acRCRD",
                                    "channel_depth": -1,
                                    "clicked_item_url": "https://www.mako.co.il/mako-vod-keshet/eretz_nehederet-s21/VOD-820164da4cbce81027.htm",
                                    "referring_component": "16f079a6-page-prom-refc-4bfb03e240e9",
                                    "clicked_channel_id": "b5ae2a8ecab7b810VgnVCM100000700a10acRCRD"
                                },
                                "pageUrl": "/mako-vod-keshet/eretz_nehederet-s21/VOD-820164da4cbce81027.htm",
                                "pics": [
                                    {
                                        "picUrl": "https://img.mako.co.il/2024/04/16/eretz_nehedert21_21_160424_vod_autoOrient_i.jpg",
                                        "altText": "יובל סמו ומראינו אידלמן מגלמים את מירי רגב וביבי "
                                    }
                                ],
                                "extraInfo": "פרק 21@16.04.24",
                                "aINT": false,
                                "aIL": true
                            },
                            {
                                "componentLayout": "vod",
                                "channelId": "b5ae2a8ecab7b810VgnVCM100000700a10acRCRD",
                                "itemVcmId": "9e02cc98cdb6f810VgnVCM100000700a10acRCRD",
                                "galleryChannelId": "9e02cc98cdb6f810VgnVCM100000700a10acRCRD",
                                "title": "ספיישל עצמאות וסיום עונה",
                                "domoClick": {
                                    "content_type": "vod",
                                    "click_type": "link",
                                    "clicked_item_id": "9e02cc98cdb6f810VgnVCM100000700a10acRCRD",
                                    "channel_depth": -1,
                                    "clicked_item_url": "https://www.mako.co.il/mako-vod-keshet/eretz_nehederet-s21/VOD-9e02cc98cdb6f81027.htm",
                                    "referring_component": "16f079a6-page-prom-refc-4bfb03e240e9",
                                    "clicked_channel_id": "b5ae2a8ecab7b810VgnVCM100000700a10acRCRD"
                                },
                                "pageUrl": "/mako-vod-keshet/eretz_nehederet-s21/VOD-9e02cc98cdb6f81027.htm",
                                "pics": [
                                    {
                                        "picUrl": "https://img.mako.co.il/2024/05/14/eretz_nehederet21_22_140524_vod_autoOrient_i.jpg",
                                        "altText": "ליאור אשכנזי בדמותו של בני גנץ"
                                    }
                                ],
                                "extraInfo": "פרק 22@14.05.24",
                                "aINT": false,
                                "aIL": true
                            }
                        ]
                    },
                    {
                        "buttonText": "קטעים קצרים",
                        "id": "shorts",
                        "vcmid": "7a224e895fb7b810VgnVCM100000700a10acRCRD",
                        "channelId": "7a224e895fb7b810VgnVCM100000700a10acRCRD",
                        "makoRefComp": "Shorts",
                        "pageUrl": "/mako-vod-keshet/eretz_nehederet-s21/shorts",
                        "domoClick": {
                            "content_type": "channel",
                            "click_type": "link",
                            "clicked_item_id": "7a224e895fb7b810VgnVCM100000700a10acRCRD",
                            "channel_depth": -1,
                            "clicked_item_url": "https://www.mako.co.il/mako-vod-keshet/eretz_nehederet-s21/shorts",
                            "referring_component": "9ced3b0e-page-navi-refc-eb3fe7b8e0de",
                            "clicked_channel_id": "7a224e895fb7b810VgnVCM100000700a10acRCRD"
                        },
                        "open": false
                    },
                    {
                        "buttonText": "קרדיטים",
                        "id": "credits",
                        "vcmid": "Credits",
                        "channelId": "b5ae2a8ecab7b810VgnVCM100000700a10acRCRD",
                        "makoRefComp": "Credits",
                        "pageUrl": "/mako-vod-keshet/eretz_nehederet-s22?type=credits",
                        "domoClick": {
                            "content_type": "fabricated",
                            "click_type": "link",
                            "clicked_item_id": "a7a32f51-cred-its--id-e-0491fe30f859",
                            "clicked_item_url": "https://www.mako.co.il/mako-vod-keshet/eretz_nehederet-s22?type=credits",
                            "referring_component": "9ced3b0e-page-navi-refc-eb3fe7b8e0de",
                            "clicked_channel_id": "bc6a5d06d46f2910VgnVCM200000650a10acRCRD"
                        },
                        "credits": [
                            {
                                "value": "אמיר אוקרייניץ",
                                "key": "director",
                                "text": "במאי:"
                            },
                            {
                                "value": "מולי שגב",
                                "key": "mainEditor",
                                "text": "עורך ראשי:"
                            },
                            {
                                "value": "שירי מיכאלי | מפיקה: מיכל טופל",
                                "key": "producer",
                                "text": "מפיק:"
                            }
                        ]
                    }
                ],
                "historyObject": {
                    "title": "ארץ נלחמת",
                    "programId": "5cf467a604643210VgnVCM2000002a0c10acRCRD",
                    "pageUrl": "/mako-vod-keshet/eretz_nehederet-s21/VOD-4e17c32f22c6b81026.htm",
                    "domoClick": {
                        "content_type": "vod",
                        "click_type": "link",
                        "clicked_item_id": "4e17c32f22c6b810VgnVCM200000650a10acRCRD",
                        "channel_depth": 3,
                        "clicked_item_url": "https://www.mako.co.il/mako-vod-keshet/eretz_nehederet-s21/VOD-4e17c32f22c6b81026.htm",
                        "referring_component": "ERROR_NO_REFERRER",
                        "clicked_channel_id": "b5ae2a8ecab7b810VgnVCM100000700a10acRCRD"
                    },
                    "picUrl": "https://img.mako.co.il/2023/10/25/eretz_nilhemet_251023_vod_autoOrient_i.jpg",
                    "hero": {
                        "title": "ארץ נהדרת",
                        "extraInfo": "עונה 21@פרק 1@25.10.23",
                        "picUrl": "https://img.mako.co.il/2023/10/29/EretzFight_X5_re.jpg",
                        "logo": "https://img.mako.co.il/2022/09/20/ERETZ_S20_LOGO.png",
                        "subtitle": "ארץ נלחמת",
                        "description": "מהדורה מיוחדת של ארץ נהדרת בעקבות המצב"
                    },
                    "buttonText": "להמשך צפייה בעונה 21 פרק 1",
                    "sch": "b5ae2a8ecab7b810",
                    "seasonUrl": "/mako-vod-keshet/eretz_nehederet-s21"
                }
            }
        },
        "__N_SSP": true
    },
    "page": "/[mako_vod_channel]/[program]",
    "query": {
        "mako_vod_channel": "mako-vod-keshet",
        "program": "eretz_nehederet-s21"
    },
    "buildId": "5.15.0",
    "assetPrefix": "/mako-vod",
    "isFallback": false,
    "gssp": true,
    "customServer": true,
    "scriptLoader": []
}